habitation_id,village_name,sub_district,reference_year,area_hectares,area_km2,households,population,male_population,female_population,population_density_per_km2,sc_population_pct,st_population_pct,chc_count,phc_count,health_subcentre_count,allopathic_hospital_count,healthcare_facility_count,treated_tap_water,handpump,spring,public_bus,blacktop_road,all_weather_road,domestic_power,nearest_town,nearest_town_distance_km,children_0_6,children_0_6_pct,temporary_house_pct,dilapidated_house_pct,latitude,longitude,rainfall_2024_mm,elevation_m,slope_degree,nearest_health_facility,hospital_distance_km,nearest_landslide_distance_km,historical_landslide_count,historical_flood_count,nearest_flood_distance_km,flood_score,landslide_score,healthcare_capacity_est,livelihood_access_est
41118, Banswara Chak sainti,Chamoli,2009,21.9,0.2189999999999999,15.0,51,24.0,27.0,232.8767123287672,0.0,0.0,0.0,0.0,0.0,0.0,0.0,0,0,0,0,1,1,1,NANDPRAYAG,23.0,4,7.84313725490196,0.0,6.2,30.225085279390395,79.46561952982489,1598.458,1990.0,25.28070831298828,PHC Ghat,3.945,28.214,0,2,0.0,30.0,53,4.8,36.5
41084,Ala chak bura,Chamoli,2009,168.14,1.6813999999999998,87.0,454,228.0,226.0,270.0130843344832,0.0,0.0,0.0,0.0,0.0,1.0,1.0,1,0,0,0,0,0,1,NANDPRAYAG,37.0,55,12.11453744493392,0.0,0.0,30.28858968386365,79.5313804759392,1598.458,1884.0,28.21616172790528,"SubCentre, Boora",0.538,22.778,0,2,0.0,30.0,58,32.0,20.0
41009,Amkheth,Chamoli,2009,9.39,0.0939,9.0,46,21.0,25.0,489.8828541001064,67.3913043478261,0.0,0.0,0.0,0.0,0.0,0.0,1,0,0,0,0,0,1,CHAMOLI,10.0,9,19.565217391304348,0.0,0.0,30.364278949677487,79.29584417854106,1495.1161,1098.0,39.90332794189453,"SubCentre, Saikot",0.745,18.88,0,2,0.0,30.0,66,2.0,53.0
40991,Anagoli,Chamoli,2009,21.06,0.2105999999999999,11.0,50,29.0,21.0,237.4169040835708,6.0,0.0,0.0,0.0,0.0,0.0,0.0,1,0,0,0,0,0,1,CHAMOLI,3.0,6,12.0,0.0,0.0,30.39643895575624,79.36274048488265,1760.8568,1355.0,27.73836708068848,"SubCentre, Chhinka",2.229,11.845,0,2,0.0,30.0,64,1.6,68.5
40962,Angthala,Chamoli,2009,64.54,0.6454000000000001,145.0,606,323.0,283.0,938.9525875426092,29.04290429042905,13.861386138613865,0.0,0.0,0.0,0.0,0.0,0,0,0,1,0,1,1,CHAMOLI,14.0,67,11.056105610561056,0.8,1.5,30.426364963336702,79.43680988737616,1425.8418,1641.0,4.744528293609619,"SubCentre, Gadora",0.713,5.825,0,2,0.0,30.0,29,2.0,63.1
40909,Ansuya,Chamoli,2009,233.87,2.3387,6.0,25,14.0,11.0,10.689699405652712,0.0,0.0,0.0,0.0,0.0,0.0,0.0,1,0,0,0,0,0,1,GOPESHWAR,21.0,2,8.0,0.0,0.0,30.482785842672723,79.28495367140816,1760.8568,2095.0,22.81650924682617,"SubCentre, Nauli",8.071,15.008,0,2,0.0,30.0,59,1.0,21.2
40986,Bachher,Chamoli,2009,496.4,4.964,252.0,1097,543.0,554.0,220.9911361804996,26.618049225159524,0.3646308113035551,0.0,0.0,0.0,0.0,0.0,0,1,1,0,1,1,1,GOPESHWAR,18.0,163,14.858705560619873,0.0,0.0,30.39649612535637,79.30539053845465,1760.8568,1191.0,49.36642074584961,Navjyoti Eye Clinic,1.848,15.929,0,2,0.0,30.0,84,3.0,51.5
41008,Baindu,Chamoli,2009,61.62,0.6162,34.0,166,86.0,80.0,269.3930542031808,0.0,0.0,0.0,0.0,0.0,0.0,0.0,1,0,0,0,0,1,1,CHAMOLI,10.0,21,12.650602409638552,0.0,0.0,30.370697277940348,79.29104070563898,1495.1161,1450.0,22.67977523803711,"SubCentre, Sonla",0.671,18.762,0,2,0.0,30.0,47,2.0,64.2
40922,Bairagana,Chamoli,2009,50.88,0.5088,40.0,160,72.0,88.0,314.4654088050314,4.375,6.875000000000001,0.0,0.0,1.0,0.0,1.0,0,1,0,0,0,0,1,GOPESHWAR,10.0,19,11.875,0.0,13.2,30.43280585890133,79.28670908365054,1760.8568,1432.0,10.781698226928713,Physio for Relief Physiotherapy Centre,3.604,15.701,0,2,0.0,30.0,49,4.4,59.1
41039,Bairau,Chamoli,2009,32.35,0.3235,49.0,203,97.0,106.0,627.5115919629058,51.72413793103448,0.0,0.0,0.0,0.0,0.0,0.0,0,0,0,0,0,0,1,NANDPRAYAG,15.0,26,12.807881773399016,0.0,10.6,30.33064689675491,79.3797854174761,1598.458,2134.0,31.22060203552246,"SubCentre, Sema",1.706,17.452,0,2,0.0,30.0,63,2.0,44.0
41093,Baligwar,Chamoli,2009,22.27,0.2227,21.0,134,57.0,77.0,601.7063313875168,0.0,0.0,0.0,0.0,0.0,0.0,0.0,0,0,0,0,0,0,0,NANDPRAYAG,34.0,26,19.402985074626866,0.0,0.0,30.249906199744608,79.62336436094274,1598.458,2908.0,34.54780960083008,"SubCentre, Wan",5.009,30.641,0,2,0.0,30.0,62,1.0,6.8
40926,Bamiyala,Chamoli,2009,137.81,1.3781,58.0,311,149.0,162.0,225.67302808214205,0.0,0.0,0.0,0.0,0.0,0.0,0.0,1,0,0,0,0,0,1,GOPESHWAR,17.0,42,13.504823151125404,0.0,0.0,30.41973042640113,79.27436473258219,1760.8568,2124.0,10.30286693572998,Physio for Relief Physiotherapy Centre,4.112,17.322,0,2,0.0,30.0,48,2.4,34.6
41047,Banala,Chamoli,2009,68.98,0.6898000000000001,74.0,257,113.0,144.0,372.57175993041454,40.07782101167315,0.0,0.0,0.0,0.0,0.0,0.0,0,0,0,0,0,0,1,CHAMOLI,20.0,53,20.62256809338521,2.7,4.1,30.30052274499161,79.37870282871376,1598.458,1324.0,25.186243057250977,"SubCentre, Thirpak",1.464,20.655,0,2,0.0,30.0,56,2.0,39.1
40924,Bandwara,Chamoli,2009,163.58,1.6358,57.0,269,137.0,132.0,164.4455312385377,25.27881040892193,0.0,0.0,0.0,0.0,0.0,0.0,1,0,0,0,0,0,1,GOPESHWAR,16.0,36,13.382899628252789,1.8,5.5,30.42428854546541,79.29045247823943,1760.8568,1500.0,20.771713256835938,Physio for Relief Physiotherapy Centre,2.795,15.7,0,2,0.0,30.0,57,2.4,39.2
41122,Banj Bagar,Chamoli,2009,251.66,2.5166,143.0,781,361.0,420.0,310.3393467376619,31.88220230473752,0.0,0.0,0.0,0.0,0.0,0.0,1,0,1,0,1,1,1,NANDPRAYAG,29.0,130,16.645326504481435,11.9,3.5,30.21070057887593,79.46817878216335,1598.458,2053.0,15.73710823059082,PHC Ghat,5.516,29.824,0,2,0.0,30.0,45,3.0,38.8
41104,Banswara,Chamoli,2009,12.66,0.1266,38.0,197,97.0,100.0,1556.0821484992102,0.0,0.0,0.0,0.0,0.0,0.0,0.0,1,0,0,0,0,0,0,NANDPRAYAG,15.0,31,15.736040609137056,0.0,0.0,30.266220372418893,79.40759300034254,1598.458,1459.0,32.14458084106445,PHC Ghat,4.014,23.782,0,2,0.0,30.0,62,4.8,44.0
40974,Barachaksainji,Chamoli,2009,63.39,0.6339,76.0,320,165.0,155.0,504.8114844612715,7.8125,0.0,0.0,0.0,0.0,0.0,0.0,0,1,1,0,1,1,1,CHAMOLI,19.0,53,16.5625,0.0,10.4,30.36088216851073,79.43966838326533,1598.458,2125.0,41.74860763549805,"SubCentre, Pagana",5.0,13.068,0,2,0.0,30.0,78,1.6,39.7
41026,Barali,Chamoli,2009,60.2,0.602,17.0,49,20.0,29.0,81.39534883720931,0.0,0.0,0.0,0.0,0.0,0.0,0.0,1,0,0,0,0,0,1,NANDPRAYAG,16.0,6,12.244897959183673,0.0,0.0,30.34524200530699,79.3627609509246,1495.1161,1696.0,26.91687774658203,"SubCentre, Majothi",3.34,16.616,0,2,0.0,30.0,51,1.6,37.0
40963,Batula,Chamoli,2009,224.31,2.2431,170.0,796,422.0,374.0,354.86603361419463,16.959798994974875,10.42713567839196,0.0,0.0,0.0,0.0,0.0,1,1,0,0,1,1,1,CHAMOLI,12.0,98,12.311557788944723,0.0,1.2,30.41641547611461,79.42194162839219,1425.8418,1232.0,8.546931266784668,Swami Vivekanand Dharmarth Chikitsalay,1.417,7.159,0,2,0.0,30.0,32,3.0,65.0
40941,Baunla,Chamoli,2009,159.29,1.5929,106.0,493,239.0,254.0,309.49839914621134,34.68559837728195,12.170385395537526,0.0,0.0,0.0,0.0,0.0,0,0,1,0,0,0,1,CHAMOLI,9.0,72,14.60446247464503,0.0,1.8,30.41044210562518,79.3863463889815,1425.8418,1136.0,34.74531936645508,"SubCentre, Chhinka",2.219,9.234,0,2,0.0,30.0,55,1.6,62.4
40989,Bazbagar,Chamoli,2009,30.62,0.3062,9.0,37,18.0,19.0,120.83605486610058,0.0,0.0,0.0,0.0,0.0,0.0,0.0,1,0,0,1,0,0,1,GOPESHWAR,14.0,3,8.108108108108109,0.0,0.0,30.392134571419856,79.32936111833097,1760.8568,1424.0,21.656381607055664,"SubCentre, Chamoli Gopeshwar",1.278,14.42,0,2,0.0,30.0,58,2.0,52.4
40934,Bemru,Chamoli,2009,247.57,2.4757,57.0,233,114.0,119.0,94.11479581532495,4.291845493562231,0.0,0.0,0.0,0.0,0.0,0.0,1,0,0,0,0,0,1,GOPESHWAR,21.0,25,10.72961373390558,0.0,0.0,30.45537364235717,79.41762951211182,1425.8418,1483.0,15.05296230316162,Pipalkoti SD Ground Hospital,2.723,3.452,2,2,0.0,30.0,45,24.0,22.3
40919,Bhadakoti,Chamoli,2009,88.01,0.8801000000000001,52.0,240,116.0,124.0,272.6962845131235,16.666666666666664,0.0,0.0,0.0,0.0,0.0,0.0,0,0,0,0,0,0,1,GOPESHWAR,10.0,31,12.916666666666668,0.0,2.1,30.43750888444321,79.29899045107634,1760.8568,1744.0,24.651784896850582,Physio for Relief Physiotherapy Centre,3.193,14.416,0,2,0.0,30.0,61,2.4,59.9
41082,Bhainswara chak Vaduk,Chamoli,2009,12.66,0.1266,14.0,90,46.0,44.0,710.9004739336493,30.0,0.0,0.0,0.0,0.0,0.0,0.0,1,0,0,0,0,0,1,NANDPRAYAG,29.0,16,17.77777777777778,0.0,0.0,30.2667657766576,79.52324674485376,1598.458,2936.0,49.47752380371094,"SubCentre, Boora",3.075,24.775,0,2,0.0,30.0,79,1.6,16.9
41121,Bhainti,Chamoli,2009,220.46,2.2046,296.0,1698,828.0,870.0,770.2077474371767,28.85747938751472,0.0,0.0,0.0,0.0,0.0,0.0,1,0,0,0,0,1,1,NANDPRAYAG,20.0,243,14.31095406360424,1.7,0.7,30.22021662207728,79.47800618166511,1598.458,2377.0,17.779081344604492,PHC Ghat,5.015,28.872,0,2,0.0,30.0,47,3.0,46.5
41033,Bhairni,Chamoli,2009,159.93,1.5993000000000002,63.0,277,125.0,152.0,173.20077533921088,24.90974729241877,0.0,0.0,0.0,1.0,0.0,1.0,0,0,0,0,0,0,1,NANDPRAYAG,10.0,36,12.996389891696747,0.0,0.0,30.31870488683732,79.34364864540274,1495.1161,1249.0,14.747183799743652,Nandprayag Governnment Hospital,2.606,20.073,0,2,0.0,30.0,41,26.0,60.3
41017,Bhatingyala,Chamoli,2009,94.97,0.9497,44.0,214,93.0,121.0,225.334316099821,14.485981308411214,0.0,0.0,0.0,0.0,0.0,0.0,1,0,0,0,0,0,1,NANDPRAYAG,12.0,34,15.887850467289718,0.0,2.2,30.34947517548776,79.3552771564743,1495.1161,1879.0,31.52904319763184,"SubCentre, Majothi",2.706,16.547,0,2,0.0,30.0,56,1.6,49.1
41114,Bhatiyana lagga lakhi,Chamoli,2009,29.98,0.2998,19.0,104,42.0,62.0,346.8979319546364,0.0,0.0,0.0,0.0,0.0,0.0,0.0,1,0,0,0,0,0,1,NANDPRAYAG,28.0,16,15.384615384615383,0.0,0.0,30.23399519494938,79.45209829403483,1598.458,1700.0,18.217002868652344,PHC Ghat,2.604,27.151,0,2,0.0,30.0,48,4.8,27.0
40965,Bhirlagga Gadora,Chamoli,2009,70.23,0.7023,48.0,214,105.0,109.0,304.71308557596467,46.26168224299065,28.971962616822427,0.0,0.0,0.0,0.0,0.0,0,0,1,0,0,0,1,CHAMOLI,12.0,21,9.813084112149532,0.0,8.5,30.40601194083125,79.44467578854777,1425.8418,1828.0,25.40251350402832,"SubCentre, Gadora",1.703,8.071,0,2,0.0,30.0,45,2.0,49.1
41099,Bijar,Chamoli,2009,93.89,0.9389,61.0,268,134.0,134.0,285.4404089892428,29.47761194029851,45.52238805970149,0.0,0.0,0.0,0.0,0.0,1,0,0,1,0,0,1,NANDPRAYAG,17.0,30,11.194029850746269,0.0,3.3,30.27242483920197,79.43381672990519,1598.458,1319.0,22.031965255737305,Farswan Clinic,2.145,22.884,0,2,0.0,30.0,53,2.4,44.2
40971,Birhi,Chamoli,2009,91.78,0.9178,66.0,295,166.0,129.0,321.42078884288514,1.0169491525423728,67.79661016949152,0.0,0.0,0.0,0.0,0.0,1,0,0,1,0,0,1,CHAMOLI,10.0,32,10.847457627118644,0.0,0.0,30.40130988370373,79.4051176233213,1425.8418,1516.0,31.45029067993164,Swami Vivekanand Dharmarth Chikitsalay,3.667,9.265,0,2,0.0,30.0,51,2.4,65.5
40996,Boli,Chamoli,2009,58.97,0.5897,14.0,64,34.0,30.0,108.52976089537052,0.0,0.0,0.0,0.0,0.0,0.0,0.0,1,0,1,0,1,0,1,CHAMOLI,24.0,12,18.75,0.0,14.3,30.385970138217463,79.30814485772127,1760.8568,1332.0,24.814395904541016,"SubCentre, Sonla",2.007,16.418,0,2,0.0,30.0,60,1.6,31.6
41085,Bura,Chamoli,2009,473.77,4.7377,214.0,1112,582.0,530.0,234.71304641492705,53.86690647482014,0.3597122302158274,0.0,0.0,1.0,0.0,1.0,1,0,0,0,0,0,1,NANDPRAYAG,16.0,199,17.89568345323741,0.0,0.5,30.2997243782344,79.54659680108267,1598.458,2503.0,28.451772689819336,"SubCentre, Boora",1.585,22.264,0,2,0.0,30.0,58,4.0,41.5
41044,Chaka,Chamoli,2009,52.74,0.5274,55.0,251,122.0,129.0,475.9196056124384,0.0,0.0,0.0,0.0,0.0,0.0,0.0,1,0,0,0,1,0,1,NANDPRAYAG,17.0,29,11.553784860557768,0.0,1.8,30.30820363755984,79.38000079005576,1598.458,1404.0,16.735824584960938,"SubCentre, Sema",1.343,19.804,0,2,0.0,30.0,50,2.0,44.0
40937,Chandulichakhat,Chamoli,2009,11.08,0.1108,8.0,36,22.0,14.0,324.9097472924188,66.66666666666666,0.0,0.0,0.0,0.0,0.0,0.0,1,0,0,0,0,0,1,CHAMOLI,18.0,10,27.77777777777778,0.0,0.0,30.439502861379243,79.42305610743524,1425.8418,1359.0,43.42974853515625,Pipalkoti SD Ground Hospital,0.966,4.694,1,2,0.0,30.0,72,30.0,28.9
40959,Chaparudiyar,Chamoli,2009,21.33,0.2133,6.0,14,10.0,4.0,65.63525550867324,0.0,0.0,0.0,0.0,0.0,0.0,0.0,0,0,0,0,0,0,1,CHAMOLI,26.0,0,0.0,0.0,33.3,30.410330496973646,79.45613138605064,1425.8418,1954.0,39.072227478027344,"SubCentre, Gadora",1.885,7.714,0,2,0.0,30.0,61,2.0,21.1
41066,Charbang,Chamoli,2009,270.01,2.7001,88.0,472,217.0,255.0,174.80834043183586,0.0,0.0,0.0,0.0,0.0,0.0,0.0,0,0,0,0,0,0,1,NANDPRAYAG,36.0,96,20.33898305084746,0.0,14.3,30.28416876470201,79.48287764277502,1598.458,2113.0,47.53428268432617,"SubCentre, Lwani",1.991,21.933,0,2,0.0,30.0,80,2.0,10.2
41052,Chari,Chamoli,2009,14.84,0.1484,53.0,239,106.0,133.0,1610.512129380054,23.43096234309624,0.4184100418410041,0.0,0.0,0.0,0.0,0.0,0,0,0,0,0,0,1,NANDPRAYAG,20.0,25,10.460251046025103,0.0,0.0,30.296678720312627,79.39504149170095,1598.458,1646.0,6.45766544342041,"SubCentre, Sema",2.387,20.669,0,2,0.0,30.0,41,1.6,38.9
40966,Chatolikiroli,Chamoli,2009,80.59,0.8059000000000001,139.0,659,330.0,329.0,817.7193200148902,67.37481031866464,0.0,0.0,0.0,0.0,0.0,0.0,0,0,0,0,0,0,1,CHAMOLI,20.0,101,15.326251896813352,0.0,4.0,30.40284663850347,79.43669103300984,1425.8418,2135.0,29.25002098083496,"SubCentre, Gadora",2.053,8.428,0,2,0.0,30.0,48,1.6,38.1
40943,Chhinka,Chamoli,2009,121.79,1.2179,266.0,1022,481.0,541.0,839.1493554479022,10.371819960861057,27.495107632093934,0.0,0.0,1.0,0.0,1.0,0,0,0,0,0,0,1,CHAMOLI,18.0,109,10.665362035225048,0.4,1.2,30.422182683973645,79.37913763525685,1425.8418,1301.0,31.488731384277344,"SubCentre, Chhinka",1.562,8.663,0,2,0.0,30.0,51,4.0,46.5
41022,Dadar,Chamoli,2009,31.23,0.3123,55.0,210,101.0,109.0,672.4303554274735,90.0,0.0,0.0,0.0,1.0,0.0,1.0,0,0,0,0,0,0,1,NANDPRAYAG,3.0,28,13.333333333333334,1.9,0.0,30.334741584824712,79.30361807193846,1495.1161,964.0,21.574695587158203,Nandprayag Governnment Hospital,1.706,20.737,0,2,0.0,30.0,46,32.0,70.1
40940,Daswan,Chamoli,2009,35.38,0.3538,4.0,20,6.0,14.0,56.52911249293386,0.0,0.0,0.0,0.0,0.0,0.0,0.0,0,0,0,0,0,0,1,CHAMOLI,12.0,3,15.0,,,30.407522593134544,79.39903015212282,1425.8418,1419.0,33.65040588378906,"SubCentre, Chhinka",3.477,8.882,0,2,0.0,30.0,54,1.6,47.2
40918,Dewaldhar,Chamoli,2009,309.72,3.0972000000000004,184.0,769,375.0,394.0,248.28877695983465,46.16384915474642,2.080624187256177,0.0,0.0,0.0,0.0,0.0,1,0,0,0,0,0,1,GOPESHWAR,8.0,87,11.31339401820546,2.2,0.0,30.43595680431628,79.30940670446681,1760.8568,1444.0,25.24018669128418,Physio for Relief Physiotherapy Centre,2.631,13.531,0,2,0.0,30.0,61,2.4,65.2
41021,Dewar,Chamoli,2009,81.44,0.8144,75.0,294,137.0,157.0,361.0019646365423,0.3401360544217687,0.0,0.0,0.0,0.0,0.0,0.0,0,1,0,1,0,1,1,NANDPRAYAG,15.0,36,12.244897959183673,0.0,0.0,30.34233264364652,79.29832330420493,1495.1161,1308.0,38.26864242553711,Nandprayag Governnment Hospital,2.481,20.435,0,2,0.0,30.0,64,24.0,54.9
40951,Dewar Khandora,Chamoli,2009,792.17,7.921699999999999,256.0,1319,669.0,650.0,166.50466440284282,32.44882486732373,2.805155420773313,0.0,0.0,1.0,0.0,1.0,1,1,1,0,1,1,1,GOPESHWAR,7.0,171,12.964366944655042,0.0,0.0,30.43023434795131,79.34017937926629,1760.8568,1678.0,22.44920921325684,"SubCentre, Chhinka",2.773,11.106,0,2,0.0,30.0,59,3.6,77.5
40915,Dhanoli,Chamoli,2009,51.27,0.5127,17.0,71,37.0,34.0,138.48254339769844,33.80281690140845,0.0,0.0,0.0,0.0,0.0,0.0,0,0,1,0,0,0,1,GOPESHWAR,16.0,4,5.633802816901409,0.0,0.0,30.4552844055739,79.29088934228537,1760.8568,2093.0,49.03440856933594,Physio for Relief Physiotherapy Centre,5.296,14.681,0,2,0.0,30.0,85,1.5,27.2
41112,Dhar Gaon lagga ustoli,Chamoli,2009,101.86,1.0186,168.0,716,371.0,345.0,702.9255841350874,20.67039106145252,0.0,0.0,0.0,0.0,0.0,0.0,0,1,1,1,0,1,1,NANDPRAYAG,20.0,97,13.547486033519554,0.0,0.5,30.249432633795784,79.45065439500911,1598.458,1563.0,41.4311408996582,PHC Ghat,0.894,25.436,0,2,0.0,30.0,74,6.0,48.7
41071,Dhar gaon,Chamoli,2009,101.5,1.015,24.0,104,47.0,57.0,102.46305418719211,2.8846153846153846,0.0,0.0,1.0,0.0,0.0,1.0,0,0,0,0,0,0,1,NANDPRAYAG,25.0,6,5.769230769230769,0.0,4.2,30.27039110591512,79.45575765132565,1598.458,1817.0,29.21939468383789,Farswan Clinic,1.404,23.138,0,2,0.0,30.0,59,9.0,27.0
41024,Dharkot,Chamoli,2009,56.65,0.5665,38.0,138,61.0,77.0,243.6010591350397,0.0,0.0,0.0,0.0,0.0,0.0,0.0,1,0,0,0,0,0,1,NANDPRAYAG,6.0,9,6.521739130434782,0.0,0.0,30.339231955669373,79.33591063734492,1495.1161,1329.0,24.466094970703125,Nandprayag Governnment Hospital,1.658,18.49,0,2,0.0,30.0,49,30.0,58.9
41079,Dharwani,Chamoli,2009,11.0,0.11,8.0,33,17.0,16.0,300.0,0.0,0.0,0.0,0.0,0.0,0.0,0.0,1,0,0,0,0,0,1,NANDPRAYAG,40.0,6,18.181818181818183,0.0,0.0,30.291738538282527,79.4958065772507,1598.458,2169.0,33.369285583496094,"SubCentre, Lwani",2.461,21.376,0,2,0.0,30.0,65,1.6,10.8
40925,Dhogarikandai,Chamoli,2009,204.34,2.0434,112.0,487,249.0,238.0,238.3282764020749,20.53388090349076,0.0,0.0,0.0,0.0,0.0,0.0,0,0,0,0,1,1,1,GOPESHWAR,16.0,62,12.73100616016427,0.0,0.0,30.418719063654247,79.28447835348595,1760.8568,1598.0,14.65050220489502,Physio for Relief Physiotherapy Centre,3.139,16.471,0,2,0.0,30.0,52,2.4,51.4
41101,Dhola Chak Ustoli,Chamoli,2009,43.85,0.4385,50.0,202,109.0,93.0,460.6613454960091,7.920792079207921,6.435643564356436,0.0,0.0,0.0,0.0,0.0,0,1,0,1,0,0,1,NANDPRAYAG,17.0,36,17.82178217821782,0.0,0.0,30.25713930678566,79.43297748434651,1598.458,2020.0,37.33408737182617,PHC Ghat,1.447,24.58,0,2,0.0,30.0,69,6.0,33.5
41110,Dhurma,Chamoli,2009,102.48,1.0248,62.0,322,167.0,155.0,314.2076502732241,1.2422360248447204,1.5527950310559009,0.0,0.0,0.0,0.0,0.0,1,0,0,0,0,1,1,NANDPRAYAG,10.0,37,11.490683229813664,0.0,0.0,30.24225511459659,79.42284199930572,1598.458,2140.0,17.881000518798828,PHC Ghat,2.933,26.277,0,2,0.0,30.0,48,4.8,60.7
40967,Digoli,Chamoli,2009,97.97,0.9797,59.0,255,124.0,131.0,260.28376033479634,1.96078431372549,4.705882352941177,0.0,0.0,0.0,0.0,0.0,1,0,0,0,0,0,1,CHAMOLI,16.0,31,12.15686274509804,0.0,0.0,30.410264456063047,79.42688938574202,1425.8418,1503.0,39.48448944091797,"SubCentre, Gadora",1.788,7.719,0,2,0.0,30.0,62,2.0,34.0
40947,Dungari,Chamoli,2009,203.6,2.036,84.0,381,190.0,191.0,187.1316306483301,8.398950131233596,1.3123359580052494,0.0,0.0,0.0,0.0,0.0,1,0,0,0,0,0,1,CHAMOLI,12.0,51,13.385826771653544,0.0,0.0,30.42560775462311,79.37214943346098,1760.8568,1622.0,8.768743515014648,"SubCentre, Chhinka",1.268,8.882,0,2,0.0,30.0,49,2.0,50.8
40979,Durmi,Chamoli,2009,87.23,0.8723000000000001,69.0,302,154.0,148.0,346.211165883297,8.940397350993377,0.0,0.0,0.0,0.0,0.0,0.0,1,0,0,0,0,0,1,CHAMOLI,25.0,49,16.225165562913908,2.9,4.3,30.364614491007003,79.5149847032684,1598.458,2242.0,33.804718017578125,"SubCentre, Ramani",5.31,14.485,0,2,0.0,30.0,67,1.0,24.0
40994,Dusat Gaon,Chamoli,2009,30.35,0.3035,24.0,97,37.0,60.0,319.6046128500824,0.0,0.0,0.0,0.0,0.0,0.0,0.0,1,1,0,0,0,0,1,CHAMOLI,4.0,12,12.371134020618555,0.0,0.0,30.382845725859195,79.32825469716782,1760.8568,1191.0,25.539947509765625,"SubCentre, Harmani",1.248,15.201,0,2,0.0,30.0,61,2.0,69.0
41126,F-1,Chamoli,2009,5091.3,50.913,7.0,11,8.0,3.0,0.2160548386463182,9.090909090909092,0.0,0.0,0.0,0.0,0.0,0.0,0,0,0,0,1,1,0,CHAMOLI,10.0,0,0.0,0.0,0.0,30.485055826594014,79.35476663035506,1760.8568,3201.0,11.179408073425291,"SubCentre, Dhumak",3.755,8.302,0,2,0.0,30.0,51,1.6,52.6
40972,Gadi,Chamoli,2009,210.65,2.1065,125.0,559,352.0,207.0,265.3690956563019,11.985688729874775,0.0,0.0,0.0,0.0,0.0,0.0,0,1,1,0,1,1,1,GOPESHWAR,25.0,49,8.765652951699463,0.0,4.3,30.37435420002104,79.42856362615771,1598.458,1411.0,22.62067031860352,"SubCentre, Gadora",5.314,11.639,0,2,0.0,30.0,57,1.0,41.6
40964,Gadora,Chamoli,2009,81.78,0.8178,126.0,545,278.0,267.0,666.4221080948887,23.669724770642205,0.5504587155963303,0.0,0.0,1.0,0.0,1.0,1,1,0,1,1,1,1,CHAMOLI,13.0,60,11.009174311926609,0.0,0.0,30.413530869473146,79.43606183445867,1425.8418,1646.0,32.20940399169922,"SubCentre, Gadora",0.944,7.249,0,2,0.0,30.0,52,4.0,67.5
40927,Gairgunth,Chamoli,2009,57.14,0.5714,32.0,125,59.0,66.0,218.7609380469024,8.799999999999999,0.0,0.0,0.0,0.0,0.0,0.0,1,0,0,0,1,1,1,GOPESHWAR,12.0,6,4.8,0.0,0.0,30.412434344464693,79.28614145588485,1760.8568,1555.0,43.35916519165039,Physio for Relief Physiotherapy Centre,2.918,16.622,0,2,0.0,30.0,82,2.4,53.2
41089,Gairi,Chamoli,2009,221.25,2.2125,58.0,273,121.0,152.0,123.38983050847456,35.8974358974359,0.0,0.0,0.0,0.0,0.0,0.0,0,0,0,0,0,0,1,NANDPRAYAG,45.0,68,24.90842490842491,0.0,41.4,30.27534743925729,79.57314553950589,1598.458,2058.0,31.68135643005371,"SubCentre, Sitel",1.912,25.851,0,2,0.0,30.0,60,2.0,13.2
41042,Gandasu,Chamoli,2009,98.59,0.9859,73.0,339,164.0,175.0,343.8482604726645,16.224188790560472,0.0,0.0,0.0,0.0,0.0,0.0,0,0,0,0,0,0,1,CHAMOLI,19.0,57,16.8141592920354,0.0,0.0,30.312098094409656,79.3646320191678,1495.1161,1385.0,33.699546813964844,"SubCentre, Thirpak",1.23,19.892,0,2,0.0,30.0,58,2.0,39.9
40978,Gauhana,Chamoli,2009,357.99,3.5799000000000003,182.0,965,493.0,472.0,269.5606022514595,24.14507772020725,0.0,0.0,0.0,0.0,0.0,0.0,0,0,0,1,0,0,1,CHAMOLI,25.0,163,16.89119170984456,0.0,8.1,30.371147822990427,79.48706882158942,1598.458,1471.0,12.053312301635742,"SubCentre, Ramani",6.34,12.704,0,2,0.0,30.0,48,1.0,40.6
40977,Gauna  Chak dhar Kumala,Chamoli,2009,80.61,0.8061,27.0,123,66.0,57.0,152.58652772608858,40.65040650406504,0.0,0.0,0.0,1.0,0.0,1.0,0,0,0,0,0,0,0,GOPEHSWAR,38.0,24,19.51219512195122,3.3,10.0,30.36134200878568,79.4891622437099,1598.458,1605.0,21.656381607055664,"SubCentre, Ramani",5.246,13.795,0,2,0.0,30.0,56,3.0,11.7
40917,Gawar,Chamoli,2009,363.31,3.6331,157.0,772,381.0,391.0,212.4907104125953,29.53367875647668,0.0,0.0,0.0,0.0,0.0,0.0,0,0,0,1,0,1,1,GOPESHWAR,5.0,122,15.803108808290157,0.0,21.7,30.44428816298675,79.31246310450892,1760.8568,1745.0,27.49612045288086,Physio for Relief Physiotherapy Centre,3.489,12.954,0,2,0.0,30.0,63,2.4,85.7
40997,Ghorsal,Chamoli,2009,125.35,1.2534999999999998,104.0,436,204.0,232.0,347.8260869565218,15.36697247706422,5.504587155963304,0.0,0.0,0.0,0.0,0.0,1,0,0,0,1,1,1,CHAMOLI,35.0,34,7.79816513761468,0.0,0.0,30.382660481351504,79.29101488566685,1760.8568,1713.0,18.0333194732666,"SubCentre, Sonla",0.668,17.946,0,2,0.0,30.0,54,2.0,29.9
41077,Ghuni,Chamoli,2009,346.47,3.4647,306.0,1589,809.0,780.0,458.6255664271077,28.82315921963499,1.0698552548772813,0.0,0.0,1.0,0.0,1.0,1,0,0,0,0,0,1,NANDPRAYAG,19.0,300,18.87979861548144,0.0,0.6,30.302990866900515,79.51076766040147,1598.458,2191.0,31.804378509521484,"SubCentre, Ramani",1.595,20.587,0,2,0.0,30.0,63,4.0,41.5
40993,Golim,Chamoli,2009,115.59,1.1559,63.0,262,133.0,129.0,226.6632061597024,45.80152671755725,14.50381679389313,0.0,0.0,0.0,0.0,0.0,1,0,0,0,0,0,1,CHAMOLI,6.0,29,11.068702290076336,1.6,1.6,30.38852416689685,79.3500535030066,1760.8568,2056.0,23.89264869689941,"SubCentre, Harmani",1.065,13.303,0,2,0.0,30.0,60,2.0,55.1
41031,Guhai,Chamoli,2009,76.63,0.7663,40.0,184,92.0,92.0,240.1148375309931,14.130434782608695,0.0,0.0,0.0,1.0,0.0,1.0,1,0,1,0,0,0,1,CHAMOLI,6.0,23,12.5,0.0,17.5,30.329699746075608,79.34358639480587,1495.1161,1480.0,41.65489959716797,Nandprayag Governnment Hospital,2.176,19.007,0,2,0.0,30.0,69,26.0,54.3
41083,Gulari,Chamoli,2009,117.52,1.1752,66.0,309,144.0,165.0,262.93396868618106,0.0,0.0,0.0,0.0,0.0,0.0,0.0,0,0,0,0,0,1,1,NANDPRAYAG,13.0,48,15.53398058252427,0.0,3.0,30.278695037696767,79.52769519687465,1598.458,2087.0,24.814395904541016,"SubCentre, Boora",1.683,23.671,0,2,0.0,30.0,55,2.0,50.1
40935,Guniyala,Chamoli,2009,56.18,0.5618,15.0,83,39.0,44.0,147.73940904236383,0.0,0.0,0.0,0.0,0.0,0.0,0.0,1,0,0,0,0,0,1,GOPESHWAR,34.0,15,18.072289156626507,0.0,0.0,30.44912708197845,79.42500177688763,1425.8418,1091.0,52.13793563842773,Pipalkoti SD Ground Hospital,1.815,3.642,2,2,0.0,30.0,77,30.0,5.3
40975,Hadung lagga sainji,Chamoli,2009,24.52,0.2452,23.0,93,47.0,46.0,379.2822185970636,0.0,0.0,0.0,0.0,0.0,0.0,0.0,0,0,0,0,0,0,0,CHAMOLI,24.0,20,21.50537634408602,0.0,4.3,30.353902645789507,79.45615338150499,1598.458,1650.0,18.47596549987793,"SubCentre, Pagana",4.903,13.912,0,2,0.0,30.0,53,1.6,21.9
41001,Harmani,Chamoli,2009,95.94,0.9594,83.0,370,177.0,193.0,385.65770273087344,22.97297297297297,0.0,0.0,0.0,0.0,0.0,0.0,1,0,0,0,0,0,1,CHAMOLI,10.0,57,15.405405405405409,0.0,0.0,30.38003352476665,79.34075189754837,1760.8568,1528.0,18.44111442565918,"SubCentre, Harmani",0.298,14.6,0,2,0.0,30.0,56,2.0,61.2
40938,Hat,Chamoli,2009,155.62,1.5562,79.0,306,149.0,157.0,196.6328235445316,43.4640522875817,4.901960784313726,0.0,0.0,0.0,0.0,0.0,0,0,0,0,0,0,1,CHAMOLI,13.0,26,8.49673202614379,0.0,3.9,30.42900364829652,79.42127116929353,1425.8418,1295.0,46.546783447265625,Swami Vivekanand Dharmarth Chikitsalay,0.542,5.844,0,2,0.0,30.0,69,3.0,45.1
41055,Hina,Chamoli,2009,47.53,0.4753,12.0,54,27.0,27.0,113.61245529139492,0.0,0.0,0.0,0.0,0.0,0.0,0.0,1,0,0,0,0,0,1,NANDPRAYAG,9.0,7,12.962962962962962,0.0,0.0,30.28613483964349,79.39463198071817,1598.458,1354.0,58.58907318115234,"SubCentre, Thirpak",3.422,21.82,0,2,0.0,30.0,80,1.6,53.0
41075,Huna lagga Ramani,Chamoli,2009,73.74,0.7373999999999999,3.0,17,8.0,9.0,23.05397342012477,0.0,0.0,0.0,0.0,0.0,0.0,0.0,0,0,1,0,0,0,0,NANDPRAYAG,15.0,1,5.88235294117647,0.0,0.0,30.31559326541184,79.5316530624335,1598.458,2683.0,45.838008880615234,"SubCentre, Ramani",2.235,20.051,0,2,0.0,30.0,81,1.6,32.2
40982,Irani,Chamoli,2009,218.98,2.1898,166.0,758,380.0,378.0,346.1503333637775,19.261213720316626,0.0,0.0,0.0,0.0,0.0,0.0,0,0,0,0,0,0,1,CHAMOLI,48.0,122,16.094986807387862,0.0,0.6,30.370793972746835,79.57622230986276,1598.458,2341.0,16.3857421875,"SubCentre, Irani",0.61,17.056,0,2,0.0,30.0,50,2.0,18.1
40939,Jainsal,Chamoli,2009,152.21,1.5221,45.0,181,98.0,83.0,118.91465738124958,0.0,0.0,0.0,0.0,0.0,0.0,0.0,0,0,1,0,0,0,1,GOPESHWAR,23.0,12,6.629834254143646,0.0,0.0,30.4200348994658,79.40698268396768,1425.8418,1336.0,21.36457061767578,Swami Vivekanand Dharmarth Chikitsalay,2.124,7.299,0,2,0.0,30.0,42,2.4,27.8
41028,Jaintha,Chamoli,2009,55.47,0.5547,10.0,36,13.0,23.0,64.89994591671174,25.0,0.0,0.0,0.0,0.0,0.0,0.0,1,0,0,0,0,0,1,NANDPRAYAG,13.0,4,11.11111111111111,0.0,0.0,30.33253676920188,79.34041317681191,1495.1161,1498.0,33.044036865234375,Nandprayag Governnment Hospital,1.863,18.889,0,2,0.0,30.0,57,30.0,47.4
41060,Jakhni,Chamoli,2009,297.59,2.9759,123.0,573,267.0,306.0,192.5467925669545,21.98952879581152,0.0,0.0,0.0,0.0,0.0,0.0,1,0,0,0,0,0,1,GOPESHWAR,33.0,78,13.612565445026178,0.0,1.6,30.28111250602004,79.42640337743553,1598.458,1667.0,26.10431671142578,Farswan Clinic,3.335,21.956,0,2,0.0,30.0,57,2.4,21.2
41087,Jokhana,Chamoli,2009,187.48,1.8748,44.0,261,133.0,128.0,139.21484958395564,45.593869731800766,0.0,0.0,0.0,0.0,0.0,0.0,1,0,0,0,0,0,1,NANDPRAYAG,14.0,57,21.83908045977012,0.0,0.0,30.286078935101155,79.54870524322432,1598.458,2099.0,41.06792831420898,"SubCentre, Sitel",1.105,23.71,0,2,0.0,30.0,74,2.0,39.6
41020,Kafal Khet,Chamoli,2009,30.25,0.3025,21.0,111,52.0,59.0,366.9421487603306,90.09009009009009,0.0,0.0,0.0,0.0,0.0,0.0,0,0,0,0,0,0,1,NANDPRAYAG,3.0,20,18.01801801801802,0.0,0.0,30.344078188981246,79.31243665453353,1495.1161,963.0,25.14706420898437,Nandprayag Governnment Hospital,1.608,19.399,0,2,0.0,30.0,49,30.0,69.1
40958,Kamyar,Chamoli,2009,144.0,1.44,44.0,164,76.0,88.0,113.8888888888889,0.0,0.6097560975609756,0.0,0.0,0.0,0.0,0.0,0,0,0,0,1,0,1,GOPESHWAR,18.0,10,6.097560975609756,0.0,2.3,30.42377588307645,79.45325207812216,1425.8418,2149.0,36.88179016113281,"SubCentre, Gadora",1.233,6.198,0,2,0.0,30.0,58,2.0,33.1
40942,Kana,Chamoli,2009,384.62,3.8462,94.0,448,238.0,210.0,116.47860225677292,36.160714285714285,0.0,0.0,0.0,0.0,0.0,0.0,0,0,0,0,0,0,1,GOPESHWAR,20.0,53,11.830357142857142,10.3,7.2,30.41789813498829,79.38865938400312,1425.8418,1311.0,45.89638900756836,"SubCentre, Chhinka",2.344,8.434,0,2,0.0,30.0,69,1.6,36.0
41061,Kanda,Chamoli,2009,19.81,0.1981,22.0,117,59.0,58.0,590.6108026249369,0.0,0.0,0.0,0.0,0.0,0.0,0.0,1,0,0,0,0,0,1,CHAMOLI,26.0,10,8.547008547008547,0.0,0.0,30.28544825859257,79.4317894785262,1598.458,1933.0,27.20402336120605,Farswan Clinic,3.419,21.448,0,2,0.0,30.0,58,2.4,27.2
41049,Kandai,Chamoli,2009,318.79,3.1879000000000004,219.0,928,470.0,458.0,291.10072461495025,33.728448275862064,0.0,0.0,0.0,1.0,1.0,2.0,0,0,0,0,0,0,1,NANDPRAYAG,18.0,86,9.267241379310343,0.0,0.0,30.30320793639148,79.39607386728191,1598.458,1703.0,14.18881893157959,"SubCentre, Sema",1.73,19.941,0,2,0.0,30.0,48,34.0,45.8
41010,Kanderi,Chamoli,2009,34.27,0.3427,29.0,115,47.0,68.0,335.5704697986577,0.0,0.0,0.0,0.0,0.0,0.0,0.0,0,1,0,1,0,1,1,GOPESHWAR,36.0,14,12.173913043478262,0.0,0.0,30.35247432699512,79.295737273638,1495.1161,1336.0,35.92973327636719,"SubCentre, Saikot",1.745,19.791,0,2,0.0,30.0,61,2.0,21.6
41094,Kanol,Chamoli,2009,289.82,2.8982,213.0,1153,578.0,575.0,397.83313780967495,4.943625325238508,0.0,0.0,0.0,0.0,0.0,0.0,0,0,0,0,0,0,1,CHAMOLI,32.0,198,17.17259323503903,0.5,0.0,30.24169797294708,79.60530552073054,1598.458,2650.0,12.361214637756348,"SubCentre, Wan",4.242,30.601,0,2,0.0,30.0,42,1.6,20.5
40928,Kathur,Chamoli,2009,100.58,1.0058,82.0,359,177.0,182.0,356.92980711871144,48.46796657381616,0.0,0.0,0.0,0.0,0.0,0.0,1,1,0,0,1,1,1,GOPESHWAR,10.0,56,15.598885793871869,0.0,0.0,30.416145744214194,79.30630331354739,1760.8568,1207.0,10.62868309020996,Physio for Relief Physiotherapy Centre,1.039,14.711,0,2,0.0,30.0,49,3.0,71.1
40956,Khainuri,Chamoli,2009,178.93,1.7893,274.0,1294,684.0,610.0,723.1878388196501,29.21174652241113,0.6182380216383307,0.0,0.0,0.0,0.0,0.0,0,0,1,0,1,1,1,CHAMOLI,7.0,153,11.823802163833076,0.0,4.0,30.40519117632852,79.37136787683774,1760.8568,1613.0,34.008914947509766,"SubCentre, Chhinka",1.424,10.569,0,2,0.0,30.0,71,2.0,77.5
40913,Khala,Chamoli,2009,137.62,1.3762,72.0,344,175.0,169.0,249.9636680715012,32.26744186046512,0.0,0.0,0.0,0.0,0.0,0.0,0,0,0,0,0,0,1,GOPESHWAR,13.0,42,12.209302325581394,0.0,2.8,30.45464252233049,79.27412946196317,1760.8568,1506.0,31.12395095825196,"SubCentre, Nauli",5.438,16.279,0,2,0.0,30.0,66,1.0,50.4
41045,Khaltara,Chamoli,2009,105.73,1.0573,57.0,264,129.0,135.0,249.69261326019105,0.0,0.0,0.0,0.0,0.0,0.0,0.0,1,0,0,0,0,0,1,NANDPRAYAG,21.0,34,12.87878787878788,0.0,1.8,30.315711356970382,79.39221254058904,1598.458,1638.0,23.319128036499023,"SubCentre, Sema",0.372,18.681,0,2,0.0,30.0,56,2.0,28.6
41058,Khunana,Chamoli,2009,239.03,2.3903,138.0,648,303.0,345.0,271.0956783667322,20.833333333333336,0.0,0.0,0.0,0.0,0.0,0.0,1,0,0,0,0,0,1,CHAMOLI,25.0,79,12.191358024691358,1.5,6.0,30.287574745949907,79.41987314119496,1598.458,1795.0,29.121538162231445,"SubCentre, Pagana",3.371,21.293,0,2,0.0,30.0,59,1.6,32.5
40985,Kilondi,Chamoli,2009,228.0,2.28,70.0,328,157.0,171.0,143.85964912280704,21.036585365853657,0.0,0.0,0.0,0.0,0.0,0.0,1,0,1,0,0,0,1,GOPESHWAR,23.0,54,16.463414634146343,0.0,0.0,30.3965210434912,79.28988150524293,1760.8568,1989.0,31.99205017089844,"SubCentre, Sonla",2.205,17.17,0,2,0.0,30.0,67,1.6,29.3
40914,Koteshwar,Chamoli,2009,64.89,0.6489,52.0,227,116.0,111.0,349.822777007243,39.64757709251101,1.3215859030837005,0.0,0.0,0.0,0.0,0.0,1,0,0,0,1,0,1,GOPESHWAR,16.0,26,11.45374449339207,0.0,0.0,30.444769056014582,79.27598863865796,1760.8568,1584.0,35.28297424316406,"SubCentre, Nauli",5.242,16.321,0,2,0.0,30.0,71,1.0,38.8
40949,Kudav,Chamoli,2009,89.39,0.8939,80.0,346,171.0,175.0,387.0679046873252,27.167630057803464,0.0,0.0,0.0,0.0,0.0,0.0,0,0,0,0,0,0,1,GOPESHWAR,10.0,54,15.606936416184972,0.0,1.2,30.41947391972552,79.35760864580934,1760.8568,1230.0,12.972411155700684,"SubCentre, Chhinka",0.723,10.387,0,2,0.0,30.0,52,2.0,61.0
41074,Kumartoli,Chamoli,2009,52.58,0.5257999999999999,82.0,368,180.0,188.0,699.885888170407,19.565217391304348,13.858695652173914,0.0,0.0,0.0,0.0,0.0,1,0,0,1,0,1,1,NANDPRAYAG,16.0,53,14.402173913043478,0.0,0.0,30.264106322670017,79.45427510898008,1598.458,1475.0,31.294279098510746,Farswan Clinic,0.726,23.826,0,2,0.0,30.0,61,3.0,50.2
41072,Kumjug,Chamoli,2009,120.49,1.2049,98.0,483,247.0,236.0,400.8631421694747,21.532091097308488,0.0,0.0,0.0,0.0,0.0,0.0,1,0,0,0,0,0,1,NANDPRAYAG,22.0,49,10.144927536231885,0.0,14.4,30.268803463992683,79.47353434996366,1598.458,2002.0,29.4940185546875,Farswan Clinic,2.539,23.475,0,2,0.0,30.0,59,2.4,25.8
41106,Kundi,Chamoli,2009,162.66,1.6266,85.0,381,180.0,201.0,234.23091110291404,0.0,0.0,0.0,0.0,0.0,0.0,0.0,1,0,0,0,0,0,1,NANDPRAYAG,25.0,47,12.335958005249344,0.0,10.6,30.254170535358515,79.40975360206127,1598.458,1628.0,22.294841766357425,PHC Ghat,3.693,25.08,0,2,0.0,30.0,52,4.8,29.8
40945,Kunjonmaikot,Chamoli,2009,350.34,3.5034,243.0,1158,600.0,558.0,330.536050693612,27.979274611398964,0.0,0.0,0.0,0.0,0.0,0.0,1,0,0,0,0,0,1,GOPESHWAR,15.0,170,14.680483592400693,0.0,8.9,30.440550627635822,79.36535250165305,1760.8568,1820.0,17.313114166259766,"SubCentre, Chhinka",2.683,8.439,0,2,0.0,30.0,56,1.6,57.0
40955,Kunjpothani,Chamoli,2009,200.39,2.0039,56.0,300,147.0,153.0,149.7080692649334,33.0,0.0,0.0,0.0,0.0,0.0,0.0,0,0,0,0,0,0,1,CHAMOLI,10.0,33,11.0,1.8,21.1,30.41329126721236,79.37620386850742,1425.8418,1084.0,16.465396881103516,"SubCentre, Chhinka",1.196,9.583,0,2,0.0,30.0,38,2.0,60.5
40921,Kunkuli,Chamoli,2009,34.16,0.3415999999999999,37.0,178,105.0,73.0,521.0772833723654,17.415730337078653,0.0,0.0,0.0,0.0,0.0,0.0,1,1,0,1,1,1,1,GOPESHWAR,13.0,19,10.674157303370784,0.0,0.0,30.43859547051252,79.28071769642408,1760.8568,1456.0,18.97113800048828,Physio for Relief Physiotherapy Centre,4.454,16.056,0,2,0.0,30.0,56,2.4,63.8
41116,Kuntari Laga Phali,Chamoli,2009,73.46,0.7345999999999999,157.0,612,332.0,280.0,833.1064524911517,25.0,6.699346405228758,0.0,0.0,0.0,0.0,0.0,1,0,0,1,1,1,1,NANDPRAYAG,20.0,96,15.68627450980392,0.0,0.0,30.22815354614468,79.44845787775748,1598.458,1615.0,26.20605087280273,PHC Ghat,3.225,27.787,0,2,0.0,30.0,54,4.8,57.6
41120,Kuntari lagga sarpani,Chamoli,2009,9.58,0.0958,21.0,78,33.0,45.0,814.19624217119,0.0,0.0,0.0,0.0,0.0,0.0,0.0,0,1,0,0,1,1,1,NANDPRAYAG,22.0,6,7.6923076923076925,0.0,0.0,30.21797740576464,79.46556024674481,1598.458,2019.0,25.342004776000977,PHC Ghat,4.67,28.999,0,2,0.0,30.0,53,4.8,31.8
41068,Kurar gunth,Chamoli,2009,30.35,0.3035,128.0,605,281.0,324.0,1993.41021416804,22.14876033057851,0.0,0.0,0.0,0.0,0.0,0.0,1,1,0,1,1,1,1,NANDPRAYAG,10.0,77,12.727272727272728,0.7,2.2,30.280973671220465,79.45413232296723,1598.458,1736.0,21.49403953552246,Farswan Clinic,2.492,21.958,0,2,0.0,30.0,53,2.4,78.5
41062,Kurur Raulipar,Chamoli,2009,114.2,1.142,20.0,84,37.0,47.0,73.55516637478108,0.0,0.0,0.0,0.0,0.0,0.0,0.0,0,1,1,0,1,0,1,NANDPRAYAG,12.0,13,15.476190476190476,0.0,19.0,30.277866000756664,79.43471173994455,1598.458,1731.0,33.040584564208984,Farswan Clinic,2.556,22.278,0,2,0.0,30.0,64,2.4,52.8
40998,Kweralu,Chamoli,2009,23.09,0.2309,19.0,107,54.0,53.0,463.4040710264184,14.018691588785046,0.0,0.0,0.0,0.0,1.0,1.0,1,0,1,0,0,0,1,CHAMOLI,25.0,16,14.95327102803738,0.0,5.3,30.37868755280881,79.30406672671626,1760.8568,1135.0,25.02488899230957,"SubCentre, Saikot",1.319,17.233,0,2,0.0,30.0,60,32.0,27.1
41038,Kwirali,Chamoli,2009,4.48,0.0448,13.0,40,23.0,17.0,892.8571428571428,0.0,0.0,0.0,0.0,0.0,0.0,0.0,1,0,0,0,0,1,1,NANDPRAYAG,25.0,2,5.0,0.0,0.0,30.32572421476985,79.36795877282056,1495.1161,1868.0,38.003639221191406,"SubCentre, Sema",2.212,18.372,0,2,0.0,30.0,64,1.6,26.4
41117,Lankhee,Chamoli,2009,490.73,4.9073,296.0,1577,823.0,754.0,321.3579768915697,25.36461636017755,0.0,0.0,0.0,0.0,0.0,0.0,1,0,0,0,0,0,1,NANDPRAYAG,18.0,249,15.789473684210526,0.0,0.7,30.23589240681273,79.46819468275037,1598.458,2227.0,27.231443405151367,PHC Ghat,3.055,27.043,0,2,0.0,30.0,55,4.8,41.5
40992,Lasi,Chamoli,2009,189.51,1.8951,126.0,732,361.0,371.0,386.2593003007757,16.530054644808743,0.0,0.0,0.0,0.0,0.0,0.0,1,0,0,0,0,1,1,CHAMOLI,25.0,114,15.57377049180328,0.0,0.0,30.38438976891238,79.35687922805843,1760.8568,1961.0,21.77002716064453,"SubCentre, Majothi",1.328,13.24,0,2,0.0,30.0,59,2.0,38.3
41002,Lasiyari,Chamoli,2009,46.19,0.4619,35.0,146,70.0,76.0,316.08573284260666,28.08219178082192,0.0,0.0,0.0,0.0,0.0,0.0,1,0,0,1,0,0,1,CHAMOLI,11.0,14,9.58904109589041,0.0,0.0,30.377200825844334,79.34684122190446,1760.8568,1499.0,27.37364959716797,"SubCentre, Majothi",0.576,14.463,0,2,0.0,30.0,63,2.0,53.5
41063,Luntara,Chamoli,2009,324.06,3.2406,195.0,981,456.0,525.0,302.72171820033327,33.12945973496432,0.0,0.0,0.0,0.0,0.0,0.0,1,0,0,0,0,1,1,NANDPRAYAG,18.0,121,12.334352701325178,0.0,2.1,30.283141980132537,79.44429372968584,1598.458,1702.0,21.52524185180664,Farswan Clinic,2.747,21.686,0,2,0.0,30.0,53,2.4,51.3
40969,Lwanh,Chamoli,2009,34.82,0.3482,70.0,312,150.0,162.0,896.0367604824813,0.0,0.0,0.0,0.0,0.0,0.0,0.0,0,0,0,0,0,1,1,CHAMOLI,14.0,50,16.025641025641026,0.0,0.0,30.40242181481715,79.42246682499723,1425.8418,1625.0,39.51748275756836,"SubCentre, Gadora",2.71,8.655,0,2,0.0,30.0,61,1.6,50.1
41065,Lwani,Chamoli,2009,306.49,3.0649,154.0,836,395.0,441.0,272.76583249045643,23.444976076555022,0.0,0.0,0.0,0.0,0.0,0.0,0,0,1,0,1,1,1,NANDPRAYAG,36.0,141,16.86602870813397,0.0,0.0,30.29943380379415,79.47715902153661,1598.458,2273.0,11.22706127166748,"SubCentre, Lwani",0.525,20.17,0,2,0.0,30.0,45,2.0,28.9
41029,Maharbagti,Chamoli,2009,134.92,1.3492,42.0,194,102.0,92.0,143.78891194782094,25.773195876288657,24.742268041237114,0.0,0.0,0.0,0.0,0.0,0,0,0,0,0,1,1,NANDPRAYAG,3.0,21,10.824742268041238,0.0,17.5,30.32054328578648,79.33164887829449,1495.1161,1235.0,39.56864929199219,Nandprayag Governnment Hospital,1.602,20.463,0,2,0.0,30.0,66,30.0,69.9
40968,Mahargaon,Chamoli,2009,39.24,0.3924,43.0,205,97.0,108.0,522.4260958205912,55.1219512195122,1.951219512195122,0.0,0.0,0.0,0.0,0.0,0,0,0,0,0,1,1,CHAMOLI,14.0,31,15.121951219512194,0.0,2.3,30.39939087029473,79.43011093419827,1425.8418,1918.0,37.30147171020508,"SubCentre, Gadora",2.609,8.865,0,2,0.0,30.0,58,1.6,49.0
41006,Maithana,Chamoli,2009,254.98,2.5498,209.0,892,459.0,433.0,349.8313593222998,28.81165919282511,16.143497757847534,0.0,1.0,0.0,0.0,1.0,1,1,0,1,1,1,1,CHAMOLI,5.0,109,12.219730941704036,1.0,0.5,30.3690411521689,79.32200105042719,1495.1161,1407.0,34.296424865722656,"SubCentre, Saikot",1.838,16.715,0,2,0.0,30.0,59,8.0,91.9
41003,Majothi,Chamoli,2009,96.86,0.9686,100.0,545,265.0,280.0,562.6677679124509,44.03669724770643,0.0,0.0,0.0,1.0,0.0,1.0,1,0,0,0,0,0,1,CHAMOLI,10.0,66,12.110091743119266,0.0,5.1,30.37219451124024,79.35239296404121,1495.1161,1726.0,17.07423973083496,"SubCentre, Majothi",0.195,14.58,0,2,0.0,30.0,44,4.0,63.0
40933,Majyu Lagga Bemru,Chamoli,2009,111.93,1.1193,27.0,117,60.0,57.0,104.52961672473867,100.0,0.0,0.0,0.0,0.0,0.0,0.0,1,0,0,0,0,0,1,GOPESHWAR,38.0,23,19.65811965811966,0.0,0.0,30.461222070126706,79.42695264031673,1425.8418,1226.0,24.948835372924805,Pipalkoti SD Ground Hospital,3.104,2.386,3,2,0.0,30.0,55,24.0,7.7
40920,Makroli,Chamoli,2009,45.18,0.4518,9.0,36,23.0,13.0,79.6812749003984,100.0,0.0,0.0,0.0,0.0,0.0,0.0,1,0,0,0,0,0,1,GOPESHWAR,13.0,3,8.333333333333332,0.0,0.0,30.446302115536287,79.29774538009976,1760.8568,2014.0,32.548439025878906,Physio for Relief Physiotherapy Centre,4.108,14.252,0,2,0.0,30.0,68,2.4,42.4
40950,Malanachaknail,Chamoli,2009,57.88,0.5788,14.0,66,33.0,33.0,114.02902557014514,0.0,0.0,0.0,0.0,0.0,0.0,0.0,0,0,0,0,0,0,1,GOPESHWAR,6.0,3,4.545454545454546,0.0,0.0,30.431206858680792,79.35633084306477,1760.8568,1464.0,17.07423973083496,"SubCentre, Chhinka",1.81,9.719,0,2,0.0,30.0,55,2.0,58.2
41051,Manakhi,Chamoli,2009,251.08,2.5108,80.0,393,188.0,205.0,156.52381711008442,27.989821882951656,0.0,0.0,0.0,0.0,0.0,0.0,1,0,0,0,0,0,1,NANDPRAYAG,20.0,64,16.28498727735369,0.0,11.2,30.29693370899333,79.40668180886375,1598.458,1959.0,26.135719299316406,"SubCentre, Sema",2.851,20.429,0,2,0.0,30.0,57,1.6,40.4
40908,Mandal,Chamoli,2009,119.42,1.1942,108.0,452,223.0,229.0,378.4960643108357,30.30973451327434,0.0,0.0,0.0,0.0,0.0,0.0,0,1,0,1,1,1,1,GOPESHWAR,13.0,61,13.495575221238935,0.0,5.8,30.4644103217796,79.27334213572794,1760.8568,1687.0,45.71240615844727,"SubCentre, Nauli",5.92,16.211,0,2,0.0,30.0,84,1.0,61.5
41023,Mason,Chamoli,2009,117.06,1.1706,121.0,508,250.0,258.0,433.9654877840424,7.283464566929133,17.913385826771652,0.0,0.0,0.0,1.0,1.0,0,1,0,0,1,0,1,NANDPRAYAG,2.0,61,12.007874015748031,0.0,0.0,30.33510778157695,79.31320382799807,1495.1161,889.0,5.643414974212647,Nandprayag Governnment Hospital,0.843,20.129,0,2,0.0,30.0,33,60.0,85.1
41040,Matai,Chamoli,2009,316.61,3.1661,311.0,1382,629.0,753.0,436.4991630081173,24.312590448625183,0.2170767004341534,0.0,0.0,0.0,0.0,0.0,1,0,1,0,0,1,1,NANDPRAYAG,31.0,211,15.267727930535454,0.0,1.3,30.325831107159928,79.39183771692508,1598.458,1938.0,22.537822723388672,"SubCentre, Sema",0.968,17.608,0,2,0.0,30.0,55,2.0,30.5
40936,Math  Jhadeta,Chamoli,2009,271.41,2.7141,112.0,518,254.0,264.0,190.8551637743635,18.53281853281853,0.0,0.0,0.0,0.0,0.0,0.0,1,0,0,0,0,0,1,CHAMOLI,25.0,79,15.250965250965251,0.0,0.0,30.444746644090404,79.41876328582302,1425.8418,1683.0,31.00071144104004,Pipalkoti SD Ground Hospital,1.672,4.351,1,2,0.0,30.0,56,30.0,28.2
41018,Matharpal,Chamoli,2009,19.33,0.1932999999999999,25.0,117,55.0,62.0,605.2767718572169,100.0,0.0,0.0,0.0,0.0,0.0,0.0,0,0,0,0,0,0,1,NANDPRAYAG,7.0,7,5.982905982905983,0.0,0.0,30.34699270579235,79.34433054614675,1495.1161,1762.0,27.28897857666016,Nandprayag Governnment Hospital,2.812,17.328,0,2,0.0,30.0,51,24.0,58.7
41067,Mathkot,Chamoli,2009,211.43,2.1143,144.0,758,373.0,385.0,358.51109114127604,48.81266490765172,0.0,0.0,0.0,0.0,0.0,0.0,0,0,0,0,0,0,1,NANDPRAYAG,19.0,120,15.8311345646438,1.4,0.7,30.28008389426998,79.46849956237934,1598.458,2263.0,15.370205879211426,"SubCentre, Lwani",2.153,22.175,0,2,0.0,30.0,48,1.6,39.1
40988,Mathlaggapilng,Chamoli,2009,26.01,0.2601,29.0,119,50.0,69.0,457.516339869281,0.0,100.0,0.0,0.0,0.0,0.0,0.0,1,0,0,0,1,1,1,CHAMOLI,4.0,20,16.80672268907563,0.0,3.2,30.390026709806406,79.31679454030696,1760.8568,1003.0,36.94569778442383,"SubCentre, Chamoli Gopeshwar",1.869,15.489,0,2,0.0,30.0,74,2.0,74.2
40954,Mathmalana,Chamoli,2009,26.39,0.2639,21.0,65,29.0,36.0,246.3054187192118,0.0,16.923076923076923,0.0,0.0,0.0,0.0,0.0,0,0,0,0,0,0,1,CHAMOLI,4.0,0,0.0,0.0,0.0,30.40951155630997,79.3622351635846,1760.8568,1032.0,37.30934524536133,"SubCentre, Chhinka",0.795,10.802,0,2,0.0,30.0,75,2.0,63.7
41019,Maunti bedula,Chamoli,2009,64.14,0.6414,28.0,97,44.0,53.0,151.2316806984721,0.0,0.0,0.0,0.0,0.0,0.0,0.0,1,0,0,0,0,0,1,NANDPRAYAG,7.0,15,15.463917525773196,0.0,0.0,30.34735838091139,79.33093581088586,1495.1161,1323.0,37.05257415771485,Nandprayag Governnment Hospital,1.988,18.02,0,2,0.0,30.0,63,30.0,53.5
41013,Med lagga palethi,Chamoli,2009,45.32,0.4532,59.0,276,134.0,142.0,609.0026478375993,0.0,0.0,0.0,0.0,0.0,0.0,0.0,0,0,0,0,0,0,1,CHAMOLI,12.0,37,13.405797101449275,6.6,0.0,30.35390157155254,79.326315549717,1495.1161,1282.0,36.34271240234375,Nandprayag Governnment Hospital,2.525,17.712,0,2,0.0,30.0,62,24.0,44.8
41107,Mokhmalla,Chamoli,2009,230.24,2.3024,144.0,694,351.0,343.0,301.4246004169562,46.39769452449568,0.0,0.0,0.0,1.0,0.0,1.0,1,0,1,0,0,0,1,NANDPRAYAG,12.0,101,14.553314121037465,0.0,1.4,30.25215153780754,79.40214598035932,1598.458,1531.0,25.00537872314453,PHC Ghat,4.443,25.401,0,2,0.0,30.0,54,6.8,53.9
41108,Mokhtala Chak Chaumas,Chamoli,2009,19.79,0.1979,6.0,29,15.0,14.0,146.53865588681154,0.0,0.0,0.0,0.0,0.0,0.0,0.0,1,0,0,1,0,0,0,NANDPRAYAG,16.0,2,6.896551724137931,14.3,14.3,30.22046371153497,79.41094955349243,1598.458,2383.0,39.06684494018555,"SubCentre, Chopata",5.253,28.781,0,2,0.0,30.0,69,1.0,26.8
41105,Mokhtalla,Chamoli,2009,246.35,2.4635,117.0,677,336.0,341.0,274.81225898112444,28.064992614475624,0.1477104874446085,0.0,0.0,0.0,0.0,0.0,1,0,0,0,0,1,1,NANDPRAYAG,20.0,89,13.146233382570164,0.0,0.0,30.260409826647848,79.4005861709944,1598.458,1654.0,28.856788635253903,PHC Ghat,4.572,24.519,0,2,0.0,30.0,58,4.8,48.3
41046,Motha,Chamoli,2009,71.82,0.7182,35.0,161,78.0,83.0,224.17153996101365,0.0,0.0,0.0,0.0,0.0,0.0,0.0,0,0,0,0,0,0,1,CHAMOLI,21.0,15,9.316770186335404,0.0,11.1,30.30947429136908,79.39325392713661,1598.458,1331.0,27.50094985961914,"SubCentre, Sema",0.983,19.326,0,2,0.0,30.0,59,2.0,27.6
41027,Mutrai,Chamoli,2009,2.86,0.0286,14.0,37,20.0,17.0,1293.7062937062938,0.0,0.0,0.0,0.0,0.0,0.0,0.0,0,0,0,0,0,0,1,NANDPRAYAG,7.0,3,8.108108108108109,0.0,0.0,30.33835023532861,79.36194193934769,1495.1161,1392.0,6.424323558807373,"SubCentre, Sema",3.477,17.334,0,2,0.0,30.0,35,1.6,57.9
40923,Nagartangsa,Chamoli,2009,115.07,1.1506999999999998,51.0,241,116.0,125.0,209.4377335534892,14.522821576763487,0.0,0.0,0.0,1.0,0.0,1.0,1,0,0,0,1,1,1,GOPESHWAR,12.0,27,11.20331950207469,3.9,2.0,30.425858615643023,79.30350508109791,1760.8568,1346.0,34.13806915283203,Physio for Relief Physiotherapy Centre,1.891,14.48,0,2,0.0,30.0,70,5.0,59.4
41070,Nagbugar urf farkhet,Chamoli,2009,99.39,0.9939,195.0,831,404.0,427.0,836.100211288862,21.29963898916968,0.4813477737665463,0.0,0.0,0.0,0.0,0.0,1,0,0,1,0,0,1,NANDPRAYAG,20.0,86,10.348977135980746,1.7,3.3,30.270355972689508,79.44330128465211,1598.458,1518.0,31.84793472290039,Farswan Clinic,1.417,23.102,0,2,0.0,30.0,62,3.0,49.8
40953,Nailmalana,Chamoli,2009,110.36,1.1036,43.0,209,101.0,108.0,189.3802102210946,5.263157894736842,0.0,0.0,0.0,0.0,0.0,0.0,0,0,0,0,0,0,1,GOPESHWAR,6.0,33,15.789473684210526,0.0,0.0,30.413125059332053,79.35778460940922,1760.8568,1060.0,31.761484146118164,"SubCentre, Chhinka",0.723,10.834,0,2,0.0,30.0,68,2.0,59.6
41054,Naini Urf Choprakot,Chamoli,2009,56.25,0.5625,30.0,173,91.0,82.0,307.55555555555554,23.121387283236995,0.0,0.0,0.0,0.0,0.0,0.0,0,0,0,0,0,0,1,NANDPRAYAG,10.0,15,8.670520231213873,0.0,0.0,30.291957121517463,79.39855176121874,1598.458,1577.0,13.69119644165039,"SubCentre, Sema",2.986,21.112,0,2,0.0,30.0,47,1.6,59.2
41014,Naitoli,Chamoli,2009,19.26,0.1926,10.0,36,17.0,19.0,186.91588785046727,52.77777777777778,0.0,0.0,0.0,0.0,0.0,0.0,0,0,0,0,0,0,1,CHAMOLI,12.0,3,8.333333333333332,40.0,10.0,30.35904495753594,79.33972599611272,1495.1161,1707.0,33.36056900024414,"SubCentre, Majothi",1.946,16.476,0,2,0.0,30.0,58,2.0,47.4
41073,Narangi,Chamoli,2009,105.46,1.0546,81.0,406,195.0,211.0,384.9800872368671,25.615763546798032,0.0,0.0,0.0,0.0,0.0,0.0,1,0,0,0,1,1,1,NANDPRAYAG,11.0,68,16.748768472906402,0.0,0.0,30.26310717226669,79.47158458992953,1598.458,1559.0,31.99588203430176,Farswan Clinic,2.151,24.078,0,2,0.0,30.0,62,2.4,61.1
41048,Nauna,Chamoli,2009,74.67,0.7467,45.0,136,59.0,77.0,182.13472612829784,0.0,0.0,0.0,0.0,0.0,0.0,0.0,0,0,0,0,0,0,1,CHAMOLI,22.0,14,10.294117647058822,4.3,10.9,30.2966645566624,79.38135335347968,1598.458,1253.0,20.198474884033203,"SubCentre, Thirpak",1.786,20.993,0,2,0.0,30.0,52,2.0,27.4
40957,Naurakh,Chamoli,2009,328.24,3.2824,309.0,1574,879.0,695.0,479.527175237631,31.2579415501906,2.2871664548919948,0.0,0.0,0.0,0.0,0.0,1,1,0,1,1,1,1,CHAMOLI,16.0,157,9.974587039390087,0.0,0.3,30.44208119603147,79.43718448414982,1425.8418,1840.0,48.3187255859375,APHC Pipalkhoti,1.087,4.086,1,2,0.0,30.0,74,6.0,53.5
41004,Nawa lagga majothi,Chamoli,2009,79.16,0.7916,18.0,80,39.0,41.0,101.0611419909045,0.0,0.0,0.0,0.0,0.0,0.0,0.0,0,0,0,0,0,0,1,CHAMOLI,9.0,8,10.0,0.0,0.0,30.368388081328792,79.3442606911703,1495.1161,1705.0,24.721010208129883,"SubCentre, Majothi",0.871,15.385,0,2,0.0,30.0,50,2.0,58.3
40976,Nijmola,Chamoli,2009,80.66,0.8066,108.0,555,263.0,292.0,688.0733944954129,42.7027027027027,0.0,0.0,0.0,0.0,0.0,0.0,0,0,0,0,0,0,1,GOPESHWAR,30.0,107,19.27927927927928,0.0,0.0,30.364315706678287,79.45966889483621,1598.458,1562.0,32.747352600097656,"SubCentre, Pagana",6.066,12.805,0,2,0.0,30.0,66,1.0,31.6
41076,Padairgaon,Chamoli,2009,270.01,2.7001,84.0,422,220.0,202.0,156.2905077589719,0.0,0.0,0.0,0.0,0.0,0.0,0.0,0,0,0,0,0,0,1,NANDPRAYAG,36.0,87,20.61611374407583,0.0,5.9,30.3047975973625,79.53019203354113,1598.458,2361.0,37.10194396972656,"SubCentre, Boora",1.275,21.08,0,2,0.0,30.0,70,2.0,9.7
40980,Pagana,Chamoli,2009,58.36,0.5836,98.0,399,201.0,198.0,683.6874571624401,44.11027568922306,0.0,0.0,0.0,0.0,0.0,0.0,1,0,0,0,0,0,1,CHAMOLI,40.0,66,16.541353383458645,0.0,0.0,30.366757923470885,79.53854847570642,1598.458,2145.0,19.9794921875,"SubCentre, Irani",3.766,15.346,0,2,0.0,30.0,54,1.6,14.5
41050,Pagna,Chamoli,2009,410.78,4.1078,283.0,1406,711.0,695.0,342.27567067530066,31.50782361308677,0.1422475106685633,0.0,0.0,1.0,0.0,1.0,1,0,1,0,0,0,1,NANDPRAYAG,31.0,248,17.63869132290185,0.0,1.8,30.318550473292312,79.4332796677877,1598.458,2142.0,30.940635681152344,"SubCentre, Pagana",0.523,17.776,0,2,0.0,30.0,62,4.0,20.5
41090,Pairi,Chamoli,2009,501.51,5.0151,156.0,831,393.0,438.0,165.6995872465155,11.552346570397113,0.0,0.0,0.0,0.0,0.0,0.0,1,0,0,0,0,0,1,NANDPRAYAG,25.0,169,20.33694344163658,0.0,3.2,30.27769319887845,79.60929273940083,1598.458,2610.0,34.78647232055664,"SubCentre, Sitel",5.375,27.304,0,2,0.0,30.0,64,1.0,29.3
41012,Palethi,Chamoli,2009,213.49,2.1349,131.0,682,343.0,339.0,319.4529017752588,46.774193548387096,0.0,0.0,0.0,0.0,0.0,0.0,0,0,1,0,1,1,1,CHAMOLI,22.0,89,13.049853372434017,0.0,1.6,30.359576815890456,79.32036151429678,1495.1161,1158.0,23.578582763671875,"SubCentre, Saikot",1.851,17.597,0,2,0.0,30.0,48,2.0,42.8
40981,Pana,Chamoli,2009,348.14,3.4814,117.0,534,268.0,266.0,153.3865686218188,35.39325842696629,0.0,0.0,0.0,0.0,0.0,0.0,0,0,1,0,0,0,1,CHAMOLI,46.0,112,20.973782771535586,0.0,1.7,30.378865400887573,79.54828945003548,1425.8418,2330.0,60.02803039550781,"SubCentre, Irani",2.695,14.703,0,2,0.0,30.0,68,1.6,10.8
41032,Panigair,Chamoli,2009,54.99,0.5499,34.0,112,53.0,59.0,203.67339516275683,0.0,0.0,0.0,0.0,1.0,0.0,1.0,0,0,0,0,0,0,1,NANDPRAYAG,8.0,5,4.464285714285714,0.0,0.0,30.32444569975441,79.35427944979503,1495.1161,1648.0,15.941658973693848,"SubCentre, Thirpak",2.744,19.043,0,2,0.0,30.0,42,3.6,58.6
41095,Parnmati,Chamoli,2009,37.94,0.3793999999999999,52.0,248,130.0,118.0,653.6636794939378,53.2258064516129,0.0,0.0,0.0,0.0,0.0,0.0,0,0,0,0,0,0,1,CHAMOLI,24.0,51,20.56451612903226,0.0,0.0,30.23925897008987,79.58617130225704,1598.458,2645.0,21.652700424194336,"SubCentre, Wan",4.866,29.966,0,2,0.0,30.0,50,1.6,23.5
41123,Patholi Chak Bhainti,Chamoli,2009,11.43,0.1143,3.0,19,10.0,9.0,166.2292213473316,47.368421052631575,0.0,0.0,0.0,0.0,0.0,0.0,0,0,0,0,0,0,1,NANDPRAYAG,28.0,1,5.263157894736842,6.7,0.0,30.21054332735116,79.4852419137265,1598.458,2214.0,15.941658973693848,PHC Ghat,6.295,30.026,0,2,0.0,30.0,45,3.0,21.2
41111,Phali,Chamoli,2009,92.28,0.9228,119.0,478,227.0,251.0,517.988729952319,18.410041841004183,2.7196652719665275,0.0,0.0,0.0,0.0,0.0,1,0,0,0,0,0,1,NANDPRAYAG,32.0,59,12.343096234309623,0.0,2.6,30.24370099043748,79.43799175068891,1598.458,1740.0,27.09186553955078,PHC Ghat,1.78,26.058,0,2,0.0,30.0,56,6.0,20.3
40999,Pilang Chatoli,Chamoli,2009,91.55,0.9155,78.0,341,173.0,168.0,372.4740578918624,33.43108504398827,0.0,0.0,0.0,0.0,0.0,0.0,1,0,0,0,0,1,1,CHAMOLI,6.0,37,10.850439882697946,0.0,0.0,30.378710920599595,79.3161509420578,1760.8568,987.0,21.90982437133789,"SubCentre, Saikot",1.823,16.36,0,2,0.0,30.0,58,2.0,65.9
41037,Punkila,Chamoli,2009,111.03,1.1103,27.0,97,39.0,58.0,87.36377555615599,15.463917525773196,71.1340206185567,0.0,0.0,0.0,0.0,0.0,0,0,0,0,0,0,1,NANDPRAYAG,8.0,14,14.432989690721648,0.0,0.0,30.31240295168054,79.35653783563939,1495.1161,1170.0,30.95032119750977,"SubCentre, Thirpak",1.424,20.162,0,2,0.0,30.0,54,2.0,58.5
41015,Pursari,Chamoli,2009,33.79,0.3379,42.0,188,101.0,87.0,556.377626516721,0.0,33.51063829787234,0.0,0.0,0.0,0.0,0.0,1,0,0,1,0,1,1,CHAMOLI,7.0,25,13.297872340425531,4.7,0.0,30.35397925289904,79.34071540454512,1495.1161,1533.0,30.73222541809082,"SubCentre, Majothi",2.392,16.877,0,2,0.0,30.0,55,1.6,69.4
41035,Rajbagti,Chamoli,2009,85.56,0.8556,59.0,259,132.0,127.0,302.7115474520804,31.27413127413127,8.880308880308881,0.0,0.0,0.0,0.0,0.0,0,0,0,0,0,1,1,NANDPRAYAG,3.0,26,10.038610038610038,1.6,3.3,30.310051586876924,79.33540310913281,1495.1161,1215.0,33.799842834472656,Nandprayag Governnment Hospital,2.771,21.294,0,2,0.0,30.0,58,24.0,75.6
41078,Ramani,Chamoli,2009,419.88,4.1988,241.0,1076,524.0,552.0,256.263694388873,32.899628252788105,0.0,0.0,0.0,1.0,0.0,1.0,0,0,1,0,0,0,1,NANDPRAYAG,19.0,160,14.869888475836431,1.4,16.4,30.31553840607124,79.51300228406623,1598.458,2516.0,45.0504035949707,"SubCentre, Ramani",0.475,19.351,0,2,0.0,30.0,81,4.0,36.5
40990,Rangtoli,Chamoli,2009,144.82,1.4482,87.0,472,236.0,236.0,325.92183400082865,5.720338983050848,0.0,0.0,0.0,0.0,0.0,0.0,1,0,0,0,0,0,1,CHAMOLI,6.0,67,14.194915254237287,0.0,2.5,30.39347431022172,79.34439227252851,1760.8568,1835.0,19.10137367248535,"SubCentre, Harmani",1.238,13.271,0,2,0.0,30.0,56,2.0,62.2
41125,Rani Hat,Chamoli,2009,32.21,0.3221,19.0,81,37.0,44.0,251.47469729897549,0.0,0.0,0.0,0.0,0.0,0.0,0.0,0,0,0,0,0,0,1,NANDPRAYAG,30.0,11,13.580246913580249,0.0,0.0,30.20847612255473,79.45832925843318,1598.458,1741.0,43.26864242553711,PHC Ghat,5.502,30.004,0,2,0.0,30.0,74,3.0,21.8
40952,Rauligwar,Chamoli,2009,76.39,0.7639,134.0,582,311.0,271.0,761.8798272025134,25.25773195876289,29.381443298969074,0.0,0.0,0.0,0.0,0.0,0,1,0,0,1,1,1,GOPESHWAR,4.0,85,14.604810996563575,0.0,0.0,30.415798098712774,79.34863972602776,1760.8568,1337.0,35.868656158447266,"SubCentre, Chhinka",1.501,11.314,0,2,0.0,30.0,73,2.0,78.8
40983,Ropa,Chamoli,2009,218.95,2.1895,139.0,659,322.0,337.0,300.98195935145014,15.326251896813352,0.0,0.0,0.0,0.0,0.0,0.0,1,0,1,0,0,0,1,GOPESHWAR,30.0,89,13.505311077389983,0.0,0.0,30.398549189806552,79.27697919633476,1760.8568,2338.0,30.359622955322266,"SubCentre, Sonla",2.742,18.12,0,2,0.0,30.0,64,1.6,27.6
41000,Ropachalthar,Chamoli,2009,115.0,1.15,71.0,293,144.0,149.0,254.7826086956522,36.86006825938566,12.627986348122866,0.0,0.0,0.0,0.0,0.0,1,0,0,1,0,0,1,CHAMOLI,3.0,28,9.55631399317406,2.9,1.4,30.377334920907025,79.32796858707503,1760.8568,1214.0,55.20120620727539,"SubCentre, Harmani",1.407,15.654,0,2,0.0,30.0,85,2.0,70.9
41007,Saikot,Chamoli,2009,128.6,1.286,163.0,805,401.0,404.0,625.9720062208398,21.490683229813666,9.316770186335404,0.0,0.0,1.0,0.0,1.0,1,0,0,0,0,0,1,CHAMOLI,10.0,89,11.055900621118012,0.6,0.0,30.36990390339989,79.30564442373326,1495.1161,957.0,7.398581027984619,"SubCentre, Saikot",0.422,17.765,0,2,0.0,30.0,35,4.0,65.5
40929,Sainji,Chamoli,2009,16.69,0.1669,5.0,19,10.0,9.0,113.84062312762131,0.0,0.0,0.0,0.0,0.0,0.0,0.0,1,0,0,1,0,0,1,GOPESHWAR,12.0,2,10.526315789473683,0.0,0.0,30.40849517269779,79.30479260638995,1760.8568,1099.0,15.904814720153809,Navjyoti Eye Clinic,1.182,15.255,0,2,0.0,30.0,53,3.0,52.2
41115,Sainti Gunth,Chamoli,2009,33.15,0.3314999999999999,67.0,303,145.0,158.0,914.0271493212672,14.19141914191419,0.0,0.0,0.0,0.0,0.0,0.0,0,0,0,0,0,1,1,NANDPRAYAG,23.0,42,13.861386138613865,0.0,13.4,30.23335470939085,79.4359047660662,1598.458,2000.0,26.91787910461425,PHC Ghat,2.892,27.208,0,2,0.0,30.0,55,4.8,34.0
41098,Saitoli,Chamoli,2009,37.96,0.3796,27.0,110,54.0,56.0,289.77871443624866,41.81818181818181,37.27272727272727,0.0,0.0,0.0,0.0,0.0,1,1,0,1,1,1,1,NANDPRAYAG,17.0,16,14.545454545454543,0.0,3.7,30.266290153567983,79.42703125511375,1598.458,1554.0,43.14577102661133,PHC Ghat,2.259,23.592,0,2,0.0,30.0,77,4.8,47.6
41030,Sakand,Chamoli,2009,58.94,0.5893999999999999,24.0,92,45.0,47.0,156.09093993892097,0.0,0.0,0.0,0.0,0.0,1.0,1.0,0,0,0,0,0,0,1,NANDPRAYAG,6.0,9,9.782608695652174,0.0,0.0,30.324358239012245,79.3409052586886,1495.1161,1288.0,29.006967544555664,Nandprayag Governnment Hospital,2.073,19.65,0,2,0.0,30.0,52,54.0,58.4
40961,Salaraitoli,Chamoli,2009,70.08,0.7008,92.0,321,143.0,178.0,458.0479452054795,35.82554517133956,0.3115264797507788,0.0,0.0,0.0,0.0,0.0,1,1,0,0,0,0,1,CHAMOLI,20.0,39,12.149532710280374,4.5,19.3,30.420484011621763,79.4377205329411,1425.8418,1326.0,28.898775100708008,"SubCentre, Gadora",0.302,6.47,0,2,0.0,30.0,48,2.0,39.7
40973,Sanji,Chamoli,2009,111.49,1.1149,113.0,580,280.0,300.0,520.2260292402906,42.58620689655173,0.0,0.0,0.0,0.0,0.0,0.0,0,0,0,0,1,0,1,CHAMOLI,21.0,82,14.13793103448276,0.0,15.0,30.373096107571342,79.44472077600474,1598.458,1682.0,20.42402076721192,"SubCentre, Gadora",5.336,11.717,0,2,0.0,30.0,55,1.0,36.8
41113,Sarpani,Chamoli,2009,143.7,1.4369999999999998,110.0,485,240.0,245.0,337.508698677801,17.525773195876287,0.0,0.0,0.0,0.0,0.0,0.0,0,0,0,0,0,0,1,NANDPRAYAG,29.0,69,14.22680412371134,0.0,0.9,30.24295962045155,79.45874663225695,1598.458,1896.0,23.17543601989746,PHC Ghat,1.884,26.19,0,2,0.0,30.0,53,6.0,30.9
41025,Sartoli,Chamoli,2009,96.7,0.967,114.0,511,249.0,262.0,528.4384694932781,33.46379647749511,0.0,0.0,0.0,1.0,0.0,1.0,1,0,0,0,0,0,1,NANDPRAYAG,10.0,70,13.6986301369863,0.0,0.0,30.340646960965355,79.34830604755592,1495.1161,1774.0,21.725351333618164,Nandprayag Governnment Hospital,2.802,17.729,0,2,0.0,30.0,47,26.0,62.6
40960,Saudiyani,Chamoli,2009,54.0,0.54,1.0,4,2.0,2.0,7.4074074074074066,0.0,0.0,0.0,0.0,0.0,0.0,0.0,1,0,0,0,0,0,0,CHAMOLI,23.0,0,0.0,0.0,100.0,30.416197042689497,79.44690521352022,1425.8418,1672.0,41.28913879394531,"SubCentre, Gadora",0.788,6.955,0,2,0.0,30.0,64,2.0,16.0
41086,Seek chak geri,Chamoli,2009,30.85,0.3085,30.0,152,69.0,83.0,492.7066450567261,0.0,0.0,0.0,0.0,0.0,0.0,0.0,0,0,0,0,0,0,0,NANDPRAYAG,50.0,33,21.71052631578948,0.0,29.0,30.292518107456274,79.5652782608262,1598.458,2238.0,46.7709846496582,"SubCentre, Sitel",2.074,23.822,0,2,0.0,30.0,79,1.6,2.0
41041,Sema,Chamoli,2009,186.85,1.8685,152.0,761,366.0,395.0,407.2785656944073,16.819973718791065,0.0,0.0,0.0,0.0,0.0,0.0,0,0,0,0,0,0,1,NANDPRAYAG,20.0,115,15.111695137976348,0.0,23.9,30.316965651932897,79.37874237535472,1598.458,1724.0,13.412407875061035,"SubCentre, Sema",0.98,18.917,0,2,0.0,30.0,48,2.0,44.1
41005,Semdugara,Chamoli,2009,54.02,0.5402,50.0,213,94.0,119.0,394.2984079970381,17.370892018779344,0.4694835680751174,0.0,0.0,0.0,0.0,0.0,0,0,0,0,0,0,1,CHAMOLI,8.0,42,19.718309859154928,0.0,0.0,30.36687437718299,79.33485000654095,1495.1161,1860.0,17.66655158996582,"SubCentre, Majothi",1.726,16.079,0,2,0.0,30.0,44,2.0,59.6
41097,Sera ,Chamoli,2009,35.13,0.3513,23.0,110,54.0,56.0,313.12268716196985,0.0,0.0,0.0,0.0,0.0,0.0,0.0,1,1,0,1,1,1,1,NANDPRAYAG,14.0,19,17.272727272727273,0.0,0.0,30.27177708363888,79.41244922430917,1598.458,1197.0,23.24757575988769,PHC Ghat,3.786,23.112,0,2,0.0,30.0,54,4.8,63.1
41036,Simali mangari,Chamoli,2009,50.01,0.5001,8.0,28,15.0,13.0,55.98880223955209,0.0,0.0,0.0,0.0,0.0,0.0,0.0,0,0,0,0,0,0,1,NANDPRAYAG,5.0,2,7.142857142857142,0.0,0.0,30.312545751086898,79.34768642393904,1495.1161,1241.0,32.29608154296875,"SubCentre, Thirpak",1.98,20.506,0,2,0.0,30.0,56,2.0,68.3
41034,Simar lagga rajbakti,Chamoli,2009,44.14,0.4414,2.0,10,5.0,5.0,22.655188038060714,0.0,0.0,0.0,0.0,0.0,0.0,0.0,0,0,0,0,0,1,1,NANDPRAYAG,6.0,2,20.0,0.0,0.0,30.31583675335476,79.33362297648556,1495.1161,1304.0,23.17543601989746,Nandprayag Governnment Hospital,2.135,20.817,0,2,0.0,30.0,47,24.0,62.6
40912,Siroli,Chamoli,2009,109.76,1.0976,101.0,484,249.0,235.0,440.9620991253644,14.256198347107436,0.0,0.0,0.0,0.0,0.0,0.0,0,1,0,1,1,1,1,GOPESHWAR,13.0,71,14.669421487603309,0.0,2.1,30.469165197518706,79.28193176805668,1760.8568,1645.0,20.729047775268555,"SubCentre, Nauli",6.897,15.344,0,2,0.0,30.0,57,1.0,66.8
40930,Siron,Chamoli,2009,97.9,0.979,39.0,188,93.0,95.0,192.03268641470888,4.25531914893617,0.0,0.0,0.0,0.0,0.0,0.0,1,0,0,0,0,0,1,GOPESHWAR,10.0,24,12.76595744680851,0.0,0.0,30.406513424361737,79.2954013035789,1760.8568,1542.0,37.82099914550781,Navjyoti Eye Clinic,2.105,16.145,0,2,0.0,30.0,75,2.4,54.4
41069,Sironsar lagga kungjukh,Chamoli,2009,42.77,0.4277,8.0,48,23.0,25.0,112.2281973345803,100.0,0.0,0.0,0.0,0.0,0.0,0.0,0,0,0,0,0,0,1,NANDPRAYAG,27.0,7,14.583333333333334,0.0,0.0,30.27342244687178,79.45193672478165,1598.458,1695.0,28.00696563720703,Farswan Clinic,1.63,22.784,0,2,0.0,30.0,58,3.0,26.5
41088,Sitel,Chamoli,2009,57.36,0.5736,55.0,277,146.0,131.0,482.9149232914924,14.8014440433213,0.3610108303249097,0.0,0.0,1.0,0.0,1.0,0,0,0,0,0,1,1,NANDPRAYAG,15.0,44,15.884476534296027,0.0,0.0,30.273371845246256,79.5445995517719,1598.458,2128.0,35.664100646972656,"SubCentre, Sitel",0.929,24.826,0,2,0.0,30.0,66,4.0,44.8
40987,Sonala,Chamoli,2009,82.85,0.8284999999999999,132.0,653,320.0,333.0,788.1713940856971,43.95099540581929,0.0,0.0,0.0,0.0,0.0,0.0,1,0,1,0,0,0,1,CHAMOLI,23.0,88,13.47626339969372,0.0,7.5,30.38975722055233,79.30258503341238,1760.8568,1467.0,23.978456497192383,"SubCentre, Sonla",1.877,16.584,0,2,0.0,30.0,59,2.0,32.5
41064,Sung,Chamoli,2009,165.62,1.6562,63.0,263,112.0,151.0,158.79724670933462,0.0,0.0,0.0,0.0,0.0,0.0,0.0,0,0,0,0,1,1,1,NANDPRAYAG,18.0,43,16.34980988593156,0.0,1.5,30.29012050465484,79.46675097752144,1598.458,1939.0,22.44920921325684,"SubCentre, Lwani",1.12,21.05,0,2,0.0,30.0,54,2.0,49.1
41043,Suniti,Chamoli,2009,36.47,0.3646999999999999,15.0,86,40.0,46.0,235.810255004113,0.0,0.0,0.0,0.0,0.0,0.0,0.0,0,0,0,0,0,0,1,CHAMOLI,20.0,11,12.790697674418606,0.0,0.0,30.304653553345524,79.3682210119698,1495.1161,1218.0,31.94076919555664,"SubCentre, Thirpak",0.605,20.54,0,2,0.0,30.0,55,2.0,37.4
41092,Sutol,Chamoli,2009,404.66,4.046600000000001,82.0,459,228.0,231.0,113.42855730736912,3.0501089324618738,0.0,0.0,0.0,0.0,0.0,0.0,0,0,0,0,0,0,1,NANDPRAYAG,35.0,96,20.91503267973856,0.0,0.0,30.272560062120725,79.62030050258615,1598.458,2279.0,19.861064910888672,"SubCentre, Sitel",6.45,28.349,0,2,0.0,30.0,49,1.0,15.1
40946,Syanachak Kurawa,Chamoli,2009,33.95,0.3395,3.0,13,7.0,6.0,38.29160530191458,0.0,0.0,0.0,0.0,0.0,0.0,0.0,1,0,0,0,0,0,1,GOPESHWAR,9.0,0,0.0,0.0,25.0,30.42955373613447,79.36559067939196,1760.8568,1463.0,31.73958396911621,"SubCentre, Chhinka",1.464,9.094,0,2,0.0,30.0,68,2.0,57.6
41124,Syari lagga bangali,Chamoli,2009,295.53,2.9553,217.0,1201,591.0,610.0,406.38852231583934,0.0,0.0,0.0,0.0,0.0,0.0,0.0,0,0,1,0,1,1,1,NANDPRAYAG,22.0,129,10.74104912572856,0.5,0.0,30.200402400218174,79.48385303936884,1598.458,1964.0,16.51234245300293,PHC Ghat,7.187,31.122,0,2,0.0,30.0,45,3.0,46.0
40931,Syuna,Chamoli,2009,150.8,1.508,52.0,217,118.0,99.0,143.89920424403184,0.0,0.0,0.0,0.0,0.0,0.0,0.0,1,0,1,0,0,0,1,GOPESHWAR,43.0,19,8.755760368663594,0.0,2.1,30.477813499938087,79.41236526468069,1425.8418,1622.0,31.072629928588867,"SubCentre, Dhumak",4.331,2.785,3,2,0.0,30.0,61,1.6,8.7
40984,Tairakhansal,Chamoli,2009,103.95,1.0395,82.0,348,175.0,173.0,334.77633477633475,1.7241379310344829,0.0,0.0,0.0,0.0,0.0,0.0,0,0,1,0,0,0,1,GOPEHSWAR,25.0,50,14.367816091954024,0.0,3.6,30.38529134071424,79.27997062253651,1760.8568,1825.0,33.069175720214844,"SubCentre, Sonla",1.37,18.646,0,2,0.0,30.0,68,2.0,29.5
41059,Tangala,Chamoli,2009,30.37,0.3037,17.0,83,43.0,40.0,273.2960158050708,4.819277108433735,0.0,0.0,0.0,0.0,0.0,0.0,1,0,0,1,0,0,1,CHAMOLI,20.0,12,14.457831325301203,0.0,0.0,30.279698936557786,79.41444699715227,1598.458,1562.0,22.350040435791016,PHC Ghat,4.086,22.217,0,2,0.0,30.0,54,4.8,42.3
41091,Tatarlaggasutol,Chamoli,2009,27.47,0.2747,37.0,230,118.0,112.0,837.2770294867128,0.0,0.0,0.0,0.0,0.0,0.0,0.0,0,0,0,0,0,0,1,NANDPRAYAG,35.0,48,20.869565217391305,0.0,0.0,30.27405531240339,79.63534574769936,3826.2017,2525.0,50.01714324951172,"SubCentre, Wan",7.848,29.021,0,2,0.0,30.0,82,1.0,7.8
40995,Tilfara,Chamoli,2009,15.16,0.1516,38.0,182,104.0,78.0,1200.527704485488,100.0,0.0,0.0,0.0,0.0,0.0,0.0,1,0,0,0,1,1,1,CHAMOLI,4.0,20,10.989010989010987,0.0,0.0,30.38473160169808,79.31782403753999,1760.8568,999.0,22.939603805541992,"SubCentre, Harmani",2.26,15.794,0,2,0.0,30.0,59,1.6,79.8
41080,Tunla,Chamoli,2009,144.48,1.4448,46.0,228,122.0,106.0,157.80730897009968,0.0,0.0,0.0,0.0,0.0,0.0,0.0,1,0,0,0,0,0,1,NANDPRAYAG,13.0,43,18.859649122807017,0.0,2.2,30.2915393496878,79.51504435200246,1598.458,1955.0,31.70049476623535,"SubCentre, Boora",1.622,21.921,0,2,0.0,30.0,62,2.0,49.3
41100,Ustoli,Chamoli,2009,201.93,2.0193,67.0,361,171.0,190.0,178.77482295845095,36.011080332409975,0.0,0.0,0.0,0.0,0.0,0.0,1,0,0,0,0,1,1,NANDPRAYAG,17.0,50,13.850415512465377,0.0,10.4,30.26044669701068,79.44456293776408,1598.458,1487.0,29.00024032592773,PHC Ghat,0.496,24.202,0,2,0.0,30.0,58,6.0,45.1
41081,Vaduk,Chamoli,2009,531.74,5.3174,91.0,539,281.0,258.0,101.36532892014894,13.358070500927644,0.0,0.0,0.0,0.0,0.0,0.0,1,0,0,0,0,0,1,NANDPRAYAG,10.0,67,12.430426716141,0.0,0.0,30.280993628337548,79.51170906878096,1598.458,1880.0,30.45941162109375,"SubCentre, Boora",2.372,22.935,0,2,0.0,30.0,60,1.6,62.9
41850, Patto (Pemtha),Gairsain,2009,33.25,0.3325,65.0,297,131.0,166.0,893.2330827067668,69.02356902356902,0.0,0.0,0.0,0.0,0.0,0.0,1,0,0,0,0,0,1,KARNAPRAYAG,38.0,31,10.437710437710438,0.0,0.0,30.181973521047617,79.20122976706342,1495.1161,1361.0,20.923078536987305,"SubCentre, Kansuwa",1.397,40.193,0,2,0.0,30.0,36,2.0,18.5
41849,Aali Majyari,Gairsain,2009,201.88,2.0188,93.0,407,177.0,230.0,201.60491381018423,0.0,14.250614250614252,0.0,0.0,0.0,0.0,0.0,1,1,0,0,1,1,1,KARNAPRAYAG,39.0,58,14.250614250614252,0.0,0.0,30.17894958411353,79.1957237459164,1495.1161,1364.0,27.70351791381836,"SubCentre, Kansuwa",1.383,40.773,0,2,0.0,30.0,41,2.0,29.6
41971,Agar Laga Gawali,Gairsain,2009,6.84,0.0684,2.0,8,4.0,4.0,116.95906432748538,0.0,0.0,0.0,0.0,0.0,0.0,0.0,0,0,0,1,0,0,1,KARNAPRAYAG,74.0,4,50.0,0.0,0.0,30.023562780065536,79.31876336877235,711.58325,1914.0,30.49985885620117,"Government Hospital, Mehalchauri",4.318,51.818,0,2,0.0,30.0,25,24.0,20.6
41973,Agar Laga Jinagor,Gairsain,2009,9.0,0.09,32.0,138,73.0,65.0,1533.3333333333337,15.942028985507244,0.0,0.0,0.0,0.0,0.0,0.0,1,0,0,0,0,0,0,KARNAPRAYAG,56.0,14,10.144927536231885,0.0,3.1,30.02122253969428,79.32220166301387,711.58325,1947.0,27.70351791381836,"Government Hospital, Mehalchauri",4.049,51.997,0,2,0.0,30.0,22,24.0,11.9
41835,Airoli,Gairsain,2009,72.14,0.7214,67.0,268,108.0,160.0,371.4998613806487,25.0,0.0,0.0,0.0,0.0,0.0,0.0,0,0,0,0,0,0,1,KARNAPRAYAG,31.0,45,16.791044776119403,0.0,1.4,30.19411934823287,79.18856014763637,1495.1161,1794.0,10.605812072753906,"Health Sub Center ,Taluk Karanpryag",1.305,39.83,0,2,0.0,30.0,28,2.0,18.2
41959,Akshawara,Gairsain,2009,89.23,0.8923000000000001,13.0,81,43.0,38.0,90.77664462624676,23.456790123456788,0.0,0.0,0.0,0.0,0.0,0.0,1,0,0,0,0,1,1,KARNAPRAYAG,61.0,13,16.049382716049383,0.0,0.0,30.00280754945959,79.29260626271255,711.58325,1715.0,10.62868309020996,"Government Hospital, Mehalchauri",3.438,54.666,0,2,0.0,30.0,8,24.0,21.3
41919,Andrapa,Gairsain,2009,228.73,2.2873,154.0,775,337.0,438.0,338.8274384645652,13.161290322580646,0.0,0.0,0.0,0.0,0.0,0.0,1,0,0,0,0,0,1,KARNAPRAYAG,56.0,136,17.548387096774192,0.0,2.5,30.031319881576803,79.27275424658264,711.58325,1700.0,2.149451971054077,CHC Gairsain,2.996,52.184,0,2,0.0,30.0,4,24.0,23.2
42025,Bacchuwa Ban Malla,Gairsain,2009,117.55,1.1755,103.0,532,236.0,296.0,452.573373032752,0.0,0.0,0.0,0.0,1.0,0.0,1.0,1,0,0,0,0,0,1,KARNAPRAYAG,96.0,97,18.23308270676692,0.0,0.0,29.9755729356335,79.41480643756374,1199.082,,11.492511749267578,"SubCentre, Maithan",2.117,55.834,0,2,0.0,30.0,12,3.6,20.8
42045,Bacchuwa Ban Talla,Gairsain,2009,35.84,0.3584,52.0,242,110.0,132.0,675.2232142857142,19.00826446280992,0.0,0.0,0.0,0.0,0.0,0.0,1,0,0,0,1,1,1,KARNAPRAYAG,72.0,43,17.768595041322314,0.0,0.0,29.96762926724185,79.43631962995994,1199.082,,32.441131591796875,"SubCentre, Maithan",2.822,56.658,0,2,0.0,30.0,30,1.6,27.9
41988,Badiya Sem,Gairsain,2009,6.71,0.0670999999999999,75.0,378,162.0,216.0,5633.383010432191,10.317460317460316,0.0,0.0,0.0,0.0,0.0,0.0,1,0,0,0,0,0,1,KARNAPRAYAG,57.0,51,13.492063492063492,0.0,0.0,29.978858683208,79.31894324293552,711.58325,,27.437376022338867,"Government Hospital, Mehalchauri",0.71,56.651,0,2,0.0,30.0,21,30.0,19.3
41964,Bajyani,Gairsain,2009,101.32,1.0132,92.0,511,215.0,296.0,504.3426766679827,14.285714285714285,0.0,0.0,0.0,0.0,0.0,0.0,1,1,0,0,1,1,1,KARNAPRAYAG,79.0,100,19.569471624266143,0.0,0.0,29.978828063636943,79.26129153090255,711.58325,,19.24176406860352,"SubCentre, Rohira",0.644,58.064,0,2,0.0,30.0,14,2.0,30.6
41840,Banaula,Gairsain,2009,39.82,0.3982,1.0,5,3.0,2.0,12.556504269211452,100.0,0.0,0.0,0.0,0.0,0.0,0.0,0,0,0,0,0,0,1,KARNAPRAYAG,25.0,0,0.0,0.0,0.0,30.17647351446015,79.17476709347584,1495.1161,1315.0,17.94900894165039,"SubCentre, Malai",2.672,42.19,0,2,0.0,30.0,33,1.6,26.1
42018,Banjyani,Gairsain,2009,13.54,0.1354,3.0,5,2.0,3.0,36.92762186115215,0.0,0.0,0.0,0.0,0.0,0.0,0.0,1,0,0,0,0,0,1,KARNAPRAYAG,78.0,0,0.0,0.0,0.0,29.998608494356382,79.42867756567338,1199.082,,19.642822265625,"SubCentre, Maithan",4.969,53.236,0,2,0.0,30.0,20,1.6,15.6
41841,Bareth,Gairsain,2009,360.99,3.6099,72.0,294,135.0,159.0,81.44269924374636,6.462585034013606,0.0,0.0,0.0,0.0,0.0,0.0,1,0,1,0,1,1,1,KARNAPRAYAG,44.0,34,11.564625850340136,0.0,0.0,30.16143898058061,79.15901326829413,1495.1161,2024.0,29.62816047668457,"SubCentre, Pungaon",4.338,44.436,0,2,0.0,30.0,41,1.6,23.4
41862,Bauli Laga Tal,Gairsain,2009,11.33,0.1133,36.0,131,68.0,63.0,1156.2224183583407,24.42748091603053,2.2900763358778624,0.0,0.0,0.0,0.0,0.0,1,0,0,1,0,1,1,KARNAPRAYAG,20.0,20,15.267175572519085,0.0,0.0,30.17093065554649,79.22927958525001,1495.1161,1637.0,43.83139419555664,"SubCentre, Miroli",1.751,39.753,0,2,0.0,30.0,62,2.0,42.8
41942,Bausar,Gairsain,2009,24.59,0.2459,28.0,138,70.0,68.0,561.2037413582757,28.98550724637681,0.0,0.0,0.0,0.0,0.0,0.0,1,1,0,1,1,1,1,KARNAPRAYAG,53.0,25,18.115942028985508,0.0,0.0,30.03840325732865,79.30297325221102,711.58325,1874.0,39.05593490600586,CHC Gairsain,2.132,50.596,0,2,0.0,30.0,36,24.0,26.9
41887,Beri Malli,Gairsain,2009,121.6,1.216,34.0,201,86.0,115.0,165.29605263157896,0.0,0.0,0.0,0.0,0.0,0.0,0.0,1,0,0,0,0,0,1,KARNAPRAYAG,23.0,25,12.437810945273633,0.0,0.0,30.135846436901044,79.2491678766901,1495.1161,1482.0,43.06827926635742,"SubCentre, Malasi",2.715,42.268,0,2,0.0,30.0,60,1.6,23.0
41877,Beri Talli,Gairsain,2009,144.92,1.4491999999999998,49.0,240,114.0,126.0,165.6086116478057,2.9166666666666665,0.0,0.0,0.0,0.0,0.0,0.0,1,0,0,0,0,0,1,KARNAPRAYAG,19.0,40,16.666666666666664,5.8,0.0,30.142342808189618,79.25513004495141,1495.1161,1735.0,37.50411605834961,"SubCentre, Malasi",2.786,41.37,0,2,0.0,30.0,53,1.6,33.9
41920,Bhains Wara Sain,Gairsain,2009,70.18,0.7018000000000001,24.0,141,72.0,69.0,200.9119407238529,41.13475177304964,0.7092198581560284,0.0,0.0,0.0,0.0,0.0,1,0,0,0,0,0,1,KARNAPRAYAG,54.0,26,18.43971631205673,0.0,0.0,30.03186746405946,79.28154260723407,711.58325,1586.0,22.278976440429688,CHC Gairsain,2.571,51.87,0,2,0.0,30.0,18,24.0,16.9
41871,Bhalason Urf Jhurkande,Gairsain,2009,164.65,1.6465,81.0,366,160.0,206.0,222.28970543577285,19.94535519125683,0.0,0.0,0.0,0.0,0.0,0.0,1,0,0,0,0,0,1,KARNAPRAYAG,23.0,40,10.92896174863388,1.2,1.2,30.155190320282017,79.22869235194148,1495.1161,1242.0,37.86790084838867,"SubCentre, Miroli",1.638,41.289,0,2,0.0,30.0,53,2.0,24.7
41999,Bhandari Khor,Gairsain,2009,64.14,0.6414,21.0,83,39.0,44.0,129.40442781415655,0.0,0.0,0.0,0.0,0.0,0.0,0.0,1,0,0,0,0,0,1,KARNAPRAYAG,76.0,10,12.048192771084338,0.0,0.0,29.94898815913929,79.31857341770491,711.58325,,29.019062042236328,"SubCentre, Kunigad",0.455,59.901,0,2,0.0,30.0,21,2.0,16.3
41980,Bhanot Gwar,Gairsain,2009,17.26,0.1726,135.0,497,292.0,205.0,2879.490150637312,6.036217303822937,0.8048289738430584,0.0,0.0,0.0,0.0,0.0,0,1,0,1,0,0,1,KARNAPRAYAG,55.0,81,16.297786720321934,0.0,0.0,29.9982328223426,79.34385381378151,711.58325,,34.31739807128906,"Government Hospital, Mehalchauri",2.61,54.085,0,2,0.0,30.0,29,24.0,25.5
41824,Bhatmwali,Gairsain,2009,165.83,1.6583,105.0,510,259.0,251.0,307.5438702285473,21.176470588235293,0.0,0.0,0.0,0.0,0.0,0.0,0,0,0,0,0,0,1,KARNAPRAYAG,30.0,68,13.333333333333334,0.0,0.0,30.2154371153966,79.15488830353661,1495.1161,2562.0,31.37084579467773,"SubCentre, Malai",2.574,40.132,0,2,0.0,30.0,45,1.6,26.1
41961,Bheriyana  Laga Lakheri,Gairsain,2009,93.39,0.9339,44.0,255,115.0,140.0,273.048506264054,10.196078431372548,1.96078431372549,0.0,0.0,0.0,0.0,0.0,1,0,0,0,0,0,1,KARNAPRAYAG,34.0,41,16.07843137254902,0.0,0.0,29.998344615383925,79.2771905341616,711.58325,,13.912993431091309,"SubCentre, Rohira",2.312,55.548,0,2,0.0,30.0,10,1.6,18.1
41966,Bina,Gairsain,2009,247.51,2.4751,142.0,727,324.0,403.0,293.72550604016,7.427785419532324,0.0,0.0,0.0,0.0,0.0,0.0,1,1,0,0,1,1,1,KARNAPRAYAG,70.0,137,18.844566712517192,0.0,0.0,29.97105100848748,79.27122298697833,711.58325,,16.555044174194336,"SubCentre, Rohira",1.869,58.613,0,2,0.0,30.0,12,2.0,32.8
41987,Bisara Khet Urf Harsari,Gairsain,2009,33.34,0.3334,36.0,165,61.0,104.0,494.9010197960408,0.0,0.0,0.0,0.0,0.0,0.0,0.0,0,0,0,0,0,0,1,KARNAPRAYAG,54.0,29,17.575757575757574,0.0,0.0,29.980936817039872,79.32325996928914,711.58325,,21.5081844329834,"Government Hospital, Mehalchauri",0.458,56.341,0,2,0.0,30.0,16,30.0,17.1
41979,Bisarakheta Palla,Gairsain,2009,28.67,0.2867,44.0,173,69.0,104.0,603.418207185211,0.0,0.0,0.0,0.0,0.0,0.0,0.0,0,1,0,0,1,0,1,KARNAPRAYAG,54.0,26,15.028901734104046,0.0,0.0,29.999724725832152,79.32967971007136,711.58325,,24.03152656555176,"Government Hospital, Mehalchauri",1.831,54.176,0,2,0.0,30.0,19,30.0,22.2
41820,Bisauna,Gairsain,2009,165.08,1.6508,83.0,407,181.0,226.0,246.54712866488973,0.0,0.2457002457002457,0.0,0.0,0.0,0.0,0.0,0,0,0,0,1,0,1,KARNAPRAYAG,47.0,57,14.004914004914005,0.0,0.0,30.21017165790815,79.1079063763298,1997.9788,2847.0,38.20908737182617,"SubCentre, Pungaon",3.028,43.753,0,2,0.0,30.0,64,1.6,14.6
41998,Bukhara Kheta,Gairsain,2009,45.52,0.4552,21.0,86,30.0,56.0,188.92794376098416,0.0,0.0,0.0,0.0,0.0,0.0,0.0,1,0,0,0,0,0,0,KARNAPRAYAG,66.0,15,17.441860465116278,0.0,0.0,29.953881540586256,79.32590481809314,711.58325,,30.427698135375977,"SubCentre, Kunigad",0.679,59.233,0,2,0.0,30.0,23,2.0,11.4
41855,Bunga,Gairsain,2009,130.5,1.305,50.0,242,111.0,131.0,185.44061302682,38.84297520661157,0.0,0.0,0.0,0.0,0.0,0.0,1,1,0,0,1,1,1,KARNAPRAYAG,32.0,36,14.87603305785124,0.0,0.0,30.14571219773829,79.20705444687317,1495.1161,1491.0,35.98708724975586,"SubCentre, Miroli",1.979,43.252,0,2,0.0,30.0,50,2.0,22.9
41856,Burakholi,Gairsain,2009,183.38,1.8338,34.0,156,68.0,88.0,85.06925509870216,0.0,0.0,0.0,0.0,0.0,0.0,0.0,1,0,0,0,0,0,1,KARNAPRAYAG,33.0,20,12.82051282051282,0.0,0.0,30.13775584396128,79.19825404203952,1495.1161,1532.0,15.404109001159668,"SubCentre, Miroli",3.136,44.448,0,2,0.0,30.0,29,1.6,17.1
41907,Chhapali,Gairsain,2009,63.28,0.6328,21.0,111,54.0,57.0,175.41087231352716,28.82882882882883,0.0,0.0,0.0,0.0,0.0,0.0,1,0,0,0,0,0,0,KARNAPRAYAG,48.0,15,13.513513513513514,0.0,0.0,30.05955316734939,79.23608579786921,711.58325,2007.0,16.415868759155273,CHC Gairsain,5.212,50.492,0,2,0.0,30.0,13,15.0,6.6
41955,Chhari Sain,Gairsain,2009,88.16,0.8815999999999999,63.0,381,164.0,217.0,432.1687840290381,0.0,0.0,0.0,0.0,0.0,0.0,0.0,1,0,0,0,0,0,1,KARNAPRAYAG,90.0,77,20.20997375328084,0.0,0.0,29.99801472838785,79.2377189561348,711.58325,,22.002422332763672,"SubCentre, Rohira",2.58,56.78,0,2,0.0,30.0,16,1.6,19.3
42007,Chhasiya Kot,Gairsain,2009,41.2,0.412,14.0,54,18.0,36.0,131.06796116504853,0.0,0.0,0.0,0.0,0.0,0.0,0.0,1,0,0,0,0,0,1,KARNAPRAYAG,71.0,8,14.814814814814811,0.0,0.0,29.933832446065463,79.31381691177981,711.58325,,28.451772689819336,"SubCentre, Kunigad",1.84,61.639,0,2,0.0,30.0,21,2.0,16.0
41888,Chhimatha,Gairsain,2009,220.0,2.2,66.0,304,141.0,163.0,138.18181818181816,16.776315789473685,0.0,0.0,0.0,0.0,0.0,0.0,1,0,0,0,0,0,1,KARNAPRAYAG,31.0,54,17.763157894736842,0.0,0.0,30.127406165864457,79.24433013619573,1495.1161,1457.0,16.180294036865234,"SubCentre, Chorda",2.14,43.313,0,2,0.0,30.0,31,1.6,18.5
41890,Chhina Kulari,Gairsain,2009,12.48,0.1248,15.0,64,29.0,35.0,512.8205128205128,0.0,0.0,0.0,0.0,0.0,0.0,0.0,1,0,0,0,0,0,1,KARNAPRAYAG,40.0,12,18.75,0.0,0.0,30.074136851541724,79.20345164684228,711.58325,2616.0,47.42496109008789,"SubCentre, Chorda",5.979,50.355,0,2,0.0,30.0,44,1.0,6.1
41883,Chorda,Gairsain,2009,74.34,0.7434000000000001,82.0,444,218.0,226.0,597.2558514931396,10.135135135135137,0.0,0.0,0.0,0.0,0.0,0.0,1,0,0,0,0,0,1,KARNAPRAYAG,25.0,66,14.864864864864863,0.0,2.4,30.115572825603053,79.25289459146826,711.58325,1901.0,33.01028823852539,"SubCentre, Chorda",0.76,44.152,0,2,0.0,30.0,31,2.0,30.4
41945,Dadeo Laga Panchali,Gairsain,2009,17.88,0.1788,3.0,12,7.0,5.0,67.11409395973155,91.66666666666666,0.0,0.0,0.0,0.0,0.0,0.0,1,0,0,0,0,0,1,KARNAPRAYAG,52.0,2,16.666666666666664,0.0,66.7,30.028038643753032,79.29585032940521,711.58325,1445.0,31.86898422241211,CHC Gairsain,2.927,51.887,0,2,0.0,30.0,26,24.0,15.6
41958,Dadiyalgaon Basisen,Gairsain,2009,26.46,0.2646,12.0,58,23.0,35.0,219.1987906273621,0.0,0.0,0.0,0.0,0.0,0.0,0.0,1,0,0,0,0,0,1,KARNAPRAYAG,61.0,13,22.41379310344828,0.0,0.0,30.00860226391128,79.28802773247507,711.58325,1774.0,19.364013671875,"SubCentre, Rohira",3.854,54.165,0,2,0.0,30.0,15,1.6,16.1
41917,Danga Laga Pajyana,Gairsain,2009,31.94,0.3194,57.0,286,119.0,167.0,895.4289292423293,90.55944055944056,0.0,0.0,0.0,0.0,0.0,0.0,1,0,0,0,0,0,1,KARNAPRAYAG,50.0,43,15.034965034965031,0.0,0.0,30.04992613493275,79.27751554192524,711.58325,1554.0,29.72172737121582,CHC Gairsain,1.263,50.082,0,2,0.0,30.0,24,30.0,18.4
41848,Daramoli,Gairsain,2009,13.58,0.1358,28.0,117,52.0,65.0,861.561119293078,58.119658119658126,0.0,0.0,0.0,0.0,0.0,0.0,0,1,0,0,1,1,1,KARNAPRAYAG,39.0,6,5.128205128205128,0.0,10.7,30.17054376506812,79.1948519548052,1495.1161,1393.0,24.40066719055176,"SubCentre, Kansuwa",1.049,41.584,0,2,0.0,30.0,38,2.0,26.7
42046,Dasamiya Gaon,Gairsain,2009,11.99,0.1199,15.0,89,45.0,44.0,742.2852376980817,0.0,0.0,0.0,0.0,0.0,0.0,0.0,0,0,0,0,1,0,1,KARNAPRAYAG,73.0,17,19.101123595505616,0.0,0.0,29.96271156014212,79.44554753869103,1199.082,,41.20163345336914,"SubCentre, Kushrani Malli",3.05,57.202,0,2,0.0,30.0,42,1.6,16.4
42021,Devpuri,Gairsain,2009,192.48,1.9248,212.0,1119,510.0,609.0,581.3591022443891,5.093833780160858,0.0,0.0,0.0,0.0,0.0,0.0,1,0,0,0,1,0,1,KARNAPRAYAG,81.0,153,13.672922252010723,0.0,0.0,29.98758160405606,79.43953485736543,1199.082,,28.898775100708008,"SubCentre, Maithan",4.448,54.445,0,2,0.0,30.0,27,1.6,30.5
42024,Dewalgarh ,Gairsain,2009,31.73,0.3173,46.0,235,106.0,129.0,740.6240151276394,0.0,0.0,0.0,0.0,0.0,0.0,0.0,1,0,0,0,0,0,1,KARNAPRAYAG,72.0,42,17.872340425531917,0.0,2.2,29.98124342700196,79.41751235454095,1199.082,,23.714468002319336,"SubCentre, Maithan",2.793,55.195,0,2,0.0,30.0,22,1.6,17.9
42019,Dewali Jangal,Gairsain,2009,3.02,0.0302,6.0,16,10.0,6.0,529.8013245033112,25.0,6.25,0.0,0.0,0.0,0.0,0.0,1,0,0,0,0,0,0,KARNAPRAYAG,78.0,2,12.5,0.0,0.0,30.001653778687672,79.44829369198051,1199.082,1943.0,38.003639221191406,"SubCentre, Maithan",6.198,52.889,0,2,0.0,30.0,39,1.0,5.7
42041,Dham Dev,Gairsain,2009,16.57,0.1657,50.0,237,100.0,137.0,1430.2957151478574,1.2658227848101269,0.0,0.0,0.0,0.0,0.0,0.0,1,0,0,0,0,0,1,KARNAPRAYAG,68.0,42,17.72151898734177,0.0,0.0,29.950490438828894,79.4056963183277,1199.082,,11.75268268585205,"SubCentre, Maithan",0.825,58.657,0,2,0.0,30.0,12,2.0,17.9
41868,Dhamkar,Gairsain,2009,50.37,0.5036999999999999,72.0,299,124.0,175.0,593.6073059360732,0.0,0.0,0.0,0.0,0.0,0.0,0.0,1,1,0,0,1,1,1,KARNAPRAYAG,30.0,34,11.37123745819398,0.0,0.0,30.16718089263217,79.2177629773324,1495.1161,1217.0,38.63882827758789,"SubCentre, Miroli",0.64,40.685,0,2,0.0,30.0,55,2.0,34.0
41939,Dhargair,Gairsain,2009,53.0,0.53,58.0,325,166.0,159.0,613.2075471698113,0.0,0.0,0.0,0.0,0.0,0.0,0.0,1,0,0,0,0,0,1,KARNAPRAYAG,52.0,33,10.153846153846152,0.0,0.0,30.04761719572573,79.30192228263792,711.58325,1788.0,28.651336669921875,CHC Gairsain,1.354,49.639,0,2,0.0,30.0,24,30.0,18.8
41985,Dhargar,Gairsain,2009,22.93,0.2293,39.0,181,83.0,98.0,789.3589184474488,0.0,0.0,0.0,0.0,0.0,0.0,0.0,0,0,0,0,0,0,1,KARNAPRAYAG,56.0,19,10.497237569060774,0.0,0.0,29.99616351232428,79.3144415873629,711.58325,,13.912993431091309,"Government Hospital, Mehalchauri",1.44,54.871,0,2,0.0,30.0,10,30.0,17.3
42028,Divadhar,Gairsain,2009,48.85,0.4885,63.0,322,143.0,179.0,659.1606960081883,0.0,0.0,0.0,0.0,0.0,0.0,0.0,1,0,0,0,0,0,1,KARNAPRAYAG,73.0,63,19.565217391304348,0.0,1.6,29.962625083593544,79.38558722389382,1199.082,,17.144954681396484,"SubCentre, Latoogair",1.675,57.463,0,2,0.0,30.0,17,2.0,18.7
42034,Dobiya Tal,Gairsain,2009,3.79,0.0379,2.0,7,2.0,5.0,184.69656992084435,0.0,0.0,0.0,0.0,0.0,0.0,0.0,1,0,0,0,0,0,1,KARNAPRAYAG,66.0,1,14.285714285714285,0.0,0.0,29.944950844493068,79.36604763495862,711.58325,,15.964374542236328,"SubCentre, Latoogair",1.434,59.613,0,2,0.0,30.0,11,2.0,15.6
41884,Doltu,Gairsain,2009,63.85,0.6385000000000001,25.0,148,69.0,79.0,231.7932654659357,18.24324324324324,0.0,0.0,0.0,0.0,0.0,0.0,1,0,0,0,0,0,1,KARNAPRAYAG,28.0,32,21.62162162162162,0.0,0.0,30.11512098121253,79.24092618177282,711.58325,1588.0,13.968168258666992,"SubCentre, Chorda",1.167,44.683,0,2,0.0,30.0,14,2.0,27.5
41997,Dugara Laga Sahankot,Gairsain,2009,11.68,0.1168,30.0,93,47.0,46.0,796.2328767123288,3.225806451612903,0.0,0.0,0.0,0.0,0.0,0.0,0,0,0,0,0,0,1,KARNAPRAYAG,81.0,4,4.301075268817205,0.0,0.0,29.96314158963013,79.32580839667862,711.58325,,28.325653076171875,"SubCentre, Kunigad",1.676,58.227,0,2,0.0,30.0,21,2.0,16.4
41873,Dugda Sera,Gairsain,2009,51.25,0.5125,2.0,9,4.0,5.0,17.5609756097561,0.0,0.0,0.0,0.0,0.0,0.0,0.0,0,0,0,0,0,0,1,KARNAPRAYAG,25.0,2,22.22222222222222,100.0,100.0,30.152265747501183,79.24562114805805,1495.1161,2094.0,39.6910400390625,"SubCentre, Miroli",3.255,40.795,0,2,0.0,30.0,56,1.6,16.1
41918,Dungri,Gairsain,2009,47.18,0.4718,49.0,197,86.0,111.0,417.5498092412039,0.0,0.0,0.0,0.0,0.0,0.0,0.0,1,0,0,0,0,0,1,KARNAPRAYAG,54.0,16,8.121827411167512,0.0,0.0,30.04207159007093,79.27716288011477,711.58325,1650.0,20.795534133911133,CHC Gairsain,1.789,50.919,0,2,0.0,30.0,17,30.0,17.5
41900,Farakande Talli,Gairsain,2009,124.16,1.2416,97.0,551,250.0,301.0,443.7822164948453,30.49001814882033,0.0,0.0,0.0,0.0,0.0,0.0,1,0,0,0,0,0,1,KARNAPRAYAG,45.0,92,16.696914700544465,0.0,1.8,30.07540992360326,79.25762023906836,711.58325,1783.0,33.68353271484375,"SubCentre, Chorda",3.792,48.079,0,2,0.0,30.0,30,1.6,21.0
41899,Farkande Malli,Gairsain,2009,130.7,1.307,29.0,184,83.0,101.0,140.7804131599082,0.0,0.0,0.0,0.0,0.0,0.0,0.0,1,0,0,0,0,0,1,KARNAPRAYAG,60.0,31,16.847826086956523,0.0,0.0,30.07619787570356,79.2736736501367,711.58325,1784.0,15.67354965209961,Jai Clinic,2.729,47.45,0,2,0.0,30.0,14,2.4,17.3
41976,Farson,Gairsain,2009,30.98,0.3098,40.0,162,63.0,99.0,522.9180116204002,0.0,0.0,0.0,0.0,0.0,0.0,0.0,1,0,0,1,0,0,1,KARNAPRAYAG,74.0,17,10.493827160493826,0.0,0.0,30.00846193830255,79.32864557571186,711.58325,1996.0,29.25002098083496,"Government Hospital, Mehalchauri",2.716,53.248,0,2,0.0,30.0,23,24.0,22.1
42031,Gadauta,Gairsain,2009,33.36,0.3336,47.0,172,75.0,97.0,515.5875299760191,15.11627906976744,7.55813953488372,0.0,0.0,0.0,0.0,0.0,1,0,0,0,0,0,1,KARNAPRAYAG,65.0,24,13.953488372093023,0.0,0.0,29.962595811089503,79.35713526196535,711.58325,,45.909812927246094,"SubCentre, Latoogair",2.756,57.786,0,2,0.0,30.0,42,1.6,12.2
41937,Gadoli,Gairsain,2009,17.66,0.1766,53.0,231,105.0,126.0,1308.040770101925,100.0,0.0,0.0,0.0,0.0,0.0,0.0,1,1,0,1,1,1,1,KARNAPRAYAG,50.0,30,12.987012987012983,0.0,0.0,30.056608072103305,79.29543671673373,711.58325,1760.0,26.983551025390625,Jai Clinic,0.477,48.856,0,2,0.0,30.0,22,3.0,32.8
41930,Gair,Gairsain,2009,96.72,0.9672,661.0,2652,1405.0,1247.0,2741.935483870968,22.586726998491702,0.5279034690799397,1.0,0.0,0.0,0.0,1.0,1,1,0,1,1,1,1,KARNAPRAYAG,48.0,328,12.368024132730016,0.0,1.7,30.0683224132578,79.31652072491794,711.58325,2350.0,26.29304313659668,Jai Clinic,2.833,47.055,0,2,0.0,30.0,23,32.4,35.5
41924,Ganwali,Gairsain,2009,47.43,0.4743,92.0,432,201.0,231.0,910.8159392789374,6.712962962962964,0.0,0.0,0.0,0.0,0.0,0.0,1,0,0,0,0,0,1,KARNAPRAYAG,56.0,67,15.50925925925926,0.0,2.2,30.053712841185483,79.28639865248385,711.58325,1612.0,20.909502029418945,CHC Gairsain,0.331,49.419,0,2,0.0,30.0,17,30.0,19.8
41954,Gaul,Gairsain,2009,176.98,1.7697999999999998,102.0,525,231.0,294.0,296.6436885523788,0.0,0.0,0.0,0.0,0.0,0.0,0.0,1,0,0,0,0,1,1,KARNAPRAYAG,58.0,95,18.09523809523809,0.0,1.0,30.01430385792104,79.25221238766997,711.58325,2147.0,21.91492462158203,"SubCentre, Rohira",3.398,54.608,0,2,0.0,30.0,17,1.6,20.8
41904,Ghandiyal lagga chhapali,Gairsain,2009,72.18,0.7218000000000001,60.0,310,133.0,177.0,429.4818509282349,0.0,0.0,0.0,0.0,0.0,0.0,0.0,1,0,0,0,0,0,1,KARNAPRAYAG,75.0,54,17.419354838709676,0.0,0.0,30.04719795159448,79.19625118030194,711.58325,2546.0,34.234413146972656,"SubCentre, Chorda",8.645,53.337,0,2,0.0,30.0,29,1.0,13.6
42044,Ghuma Khet Malla,Gairsain,2009,13.78,0.1378,26.0,128,53.0,75.0,928.8824383164006,0.0,0.0,0.0,0.0,0.0,0.0,0.0,1,0,0,0,0,0,1,KARNAPRAYAG,70.0,19,14.84375,0.0,0.0,29.96339157739905,79.42377372795019,1199.082,,14.829827308654783,"SubCentre, Maithan",1.529,57.151,0,2,0.0,30.0,15,2.0,16.8
41822,Giratoli,Gairsain,2009,25.0,0.25,69.0,321,149.0,172.0,1284.0,73.5202492211838,0.0,0.0,0.0,0.0,0.0,0.0,1,1,0,0,0,0,1,KARNAPRAYAG,35.0,48,14.95327102803738,0.0,0.0,30.215348294131875,79.13117923830464,1495.1161,2421.0,41.00814056396485,"SubCentre, Pungaon",2.51,41.737,0,2,0.0,30.0,57,1.6,8.7
41842,Giwar,Gairsain,2009,147.78,1.4778,50.0,181,87.0,94.0,122.47936121261334,4.972375690607735,8.287292817679557,0.0,0.0,0.0,0.0,0.0,0,1,0,0,1,1,1,KARNAPRAYAG,48.0,13,7.18232044198895,0.0,0.0,30.171622528073893,79.1779274017589,1495.1161,1311.0,21.90982437133789,"SubCentre, Kansuwa",2.68,42.437,0,2,0.0,30.0,36,1.6,27.3
42010,Gogana Malla,Gairsain,2009,190.68,1.9068,76.0,351,126.0,225.0,184.078036500944,0.0,0.0,0.0,0.0,0.0,0.0,0.0,1,0,0,0,0,0,1,KARNAPRAYAG,71.0,70,19.943019943019944,0.0,0.0,29.934950429625427,79.32274949424452,711.58325,,20.5105209350586,"SubCentre, Kunigad",1.478,61.351,0,2,0.0,30.0,14,2.0,19.0
42011,Gogana Talla,Gairsain,2009,38.76,0.3876,24.0,86,33.0,53.0,221.8782249742002,25.58139534883721,0.0,0.0,0.0,0.0,0.0,0.0,0,0,0,0,0,0,1,KARNAPRAYAG,72.0,14,16.27906976744186,0.0,0.0,29.93385923342379,79.31947089488523,711.58325,,26.16071510314941,"SubCentre, Kunigad",1.639,61.53,0,2,0.0,30.0,19,2.0,16.4
41932,Gwar,Gairsain,2009,37.62,0.3762,113.0,505,239.0,266.0,1342.3710792131849,12.277227722772276,0.99009900990099,0.0,0.0,0.0,0.0,0.0,0,0,0,1,1,1,1,KARNAPRAYAG,48.0,46,9.108910891089108,0.0,0.0,30.07089982927786,79.29122483378147,711.58325,1879.0,21.28371810913086,Jai Clinic,1.61,47.462,0,2,0.0,30.0,18,3.0,35.5
41878,Hali Sera Urf Adibadari,Gairsain,2009,9.11,0.0911,24.0,73,43.0,30.0,801.3172338090011,0.0,0.0,0.0,0.0,0.0,0.0,0.0,1,1,0,1,0,0,1,KARNAPRAYAG,20.0,5,6.849315068493151,3.7,0.0,30.146216946788645,79.24186553652059,1495.1161,1708.0,46.09850692749024,"SubCentre, Miroli",3.241,41.557,0,2,0.0,30.0,63,1.6,37.2
41858,Haragaon,Gairsain,2009,29.29,0.2929,21.0,72,34.0,38.0,245.8176852167976,0.0,0.0,0.0,0.0,0.0,0.0,0.0,1,0,0,0,0,0,1,KARNAPRAYAG,22.0,3,4.166666666666666,0.0,0.0,30.18061401614533,79.21665368197066,1495.1161,1128.0,26.20605087280273,"SubCentre, Kansuwa",1.576,39.486,0,2,0.0,30.0,41,2.0,26.7
41969,Haragarh,Gairsain,2009,254.79,2.5479,166.0,878,393.0,485.0,344.59751167628247,11.161731207289291,0.0,0.0,0.0,0.0,0.0,0.0,1,0,0,0,0,0,1,KARNAPRAYAG,74.0,113,12.870159453302962,0.0,1.8,29.974642928632537,79.28937382111395,711.58325,,13.358976364135742,"SubCentre, Rohira",3.083,57.763,0,2,0.0,30.0,9,1.6,24.3
41967,Hargarh Laga Jaugrh,Gairsain,2009,67.02,0.6701999999999999,14.0,67,30.0,37.0,99.97015816174276,0.0,0.0,0.0,0.0,0.0,0.0,0.0,0,0,0,0,0,0,1,KARNAPRAYAG,54.0,11,16.417910447761194,0.0,0.0,29.98526610102808,79.28043976573053,711.58325,,26.315933227539062,"SubCentre, Rohira",2.029,56.853,0,2,0.0,30.0,20,1.6,16.2
41994,Hislani,Gairsain,2009,68.7,0.687,31.0,127,54.0,73.0,184.8617176128093,0.0,0.0,0.0,0.0,0.0,0.0,0.0,0,0,0,0,0,0,1,KARNAPRAYAG,79.0,18,14.173228346456693,0.0,0.0,29.95682417956108,79.28945795770795,711.58325,,7.370670318603516,"SubCentre, Kunigad",3.39,59.674,0,2,0.0,30.0,4,1.6,16.8
41990,Hulan kot walla,Gairsain,2009,13.9,0.139,2.0,8,5.0,3.0,57.55395683453237,0.0,0.0,0.0,0.0,0.0,0.0,0.0,0,0,0,0,0,0,1,KARNAPRAYAG,59.0,0,0.0,0.0,0.0,29.967159152396107,79.29533649050997,711.58325,,15.370205879211426,"Government Hospital, Mehalchauri",3.204,58.426,0,2,0.0,30.0,11,24.0,15.6
41991,Hularkot Palla,Gairsain,2009,17.01,0.1701,4.0,20,9.0,11.0,117.5778953556731,0.0,0.0,0.0,0.0,0.0,0.0,0.0,0,0,0,1,1,0,1,KARNAPRAYAG,59.0,3,15.0,0.0,0.0,29.963156277085297,79.29307355154134,711.58325,,15.420641899108888,"SubCentre, Kunigad",3.345,58.909,0,2,0.0,30.0,10,1.6,25.7
41870,Jaim,Gairsain,2009,11.06,0.1106,10.0,40,16.0,24.0,361.6636528028933,32.5,0.0,0.0,0.0,0.0,0.0,0.0,1,0,0,0,0,0,1,KARNAPRAYAG,25.0,7,17.5,0.0,0.0,30.16209246145204,79.22623403512664,1495.1161,1301.0,34.789554595947266,"SubCentre, Miroli",1.187,40.745,0,2,0.0,30.0,50,2.0,26.4
41933,Jaitoli Laga Gwar,Gairsain,2009,11.87,0.1186999999999999,40.0,182,81.0,101.0,1533.2771693344569,0.0,0.0,0.0,0.0,0.0,0.0,0.0,0,0,0,0,0,0,1,KARNAPRAYAG,47.0,20,10.989010989010987,0.0,0.0,30.065106963183684,79.2939789399537,711.58325,1850.0,26.16071510314941,Jai Clinic,1.021,47.995,0,2,0.0,30.0,22,3.0,17.3
41825,Jakhet,Gairsain,2009,46.06,0.4606,40.0,175,80.0,95.0,379.9392097264438,0.0,0.0,0.0,0.0,0.0,0.0,0.0,1,0,0,0,0,0,1,KARNAPRAYAG,36.0,18,10.285714285714285,0.0,0.0,30.2011520705454,79.13337759644124,1495.1161,2262.0,50.67730331420898,"SubCentre, Pungaon",0.936,42.707,0,2,0.0,30.0,62,2.0,7.2
42023,Jaul Chaura Malla,Gairsain,2009,69.54,0.6954,75.0,402,198.0,204.0,578.0845556514237,5.472636815920398,0.0,0.0,0.0,0.0,0.0,0.0,1,0,0,0,0,0,1,KARNAPRAYAG,71.0,74,18.40796019900497,0.0,0.0,29.978912508598302,79.42763678869126,1199.082,,19.637725830078125,"SubCentre, Maithan",2.983,55.421,0,2,0.0,30.0,19,1.6,19.5
42015,Jaul Chaura Talla,Gairsain,2009,12.91,0.1291,26.0,125,65.0,60.0,968.2416731216113,0.0,0.0,0.0,0.0,0.0,0.0,0.0,0,0,0,0,1,0,1,KARNAPRAYAG,74.0,22,17.599999999999998,0.0,0.0,29.994863593535683,79.39389893603968,1199.082,,26.38127899169922,"SubCentre, Maithan",4.471,53.832,0,2,0.0,30.0,25,1.6,21.8
42047,Jhuma Khet Talla,Gairsain,2009,55.03,0.5503,82.0,418,188.0,230.0,759.5856805378884,9.330143540669855,0.0,0.0,0.0,0.0,0.0,0.0,1,0,0,0,0,0,1,KARNAPRAYAG,73.0,76,18.181818181818183,0.0,0.0,29.960322929393048,79.43730392709735,1199.082,,9.715786933898926,"SubCentre, Kushrani Malli",2.285,57.467,0,2,0.0,30.0,11,1.6,19.7
41977,Jinagor,Gairsain,2009,23.27,0.2327,48.0,239,107.0,132.0,1027.073485174044,57.32217573221757,0.0,0.0,0.0,0.0,0.0,0.0,0,0,0,0,1,0,1,KARNAPRAYAG,77.0,34,14.225941422594143,0.0,0.0,30.00936728085671,79.31213573039696,711.58325,1444.0,40.08912658691406,"Government Hospital, Mehalchauri",2.88,53.497,0,2,0.0,30.0,37,24.0,17.9
41861,Julgar,Gairsain,2009,282.51,2.8251,138.0,532,254.0,278.0,188.31191816218896,34.774436090225564,0.3759398496240601,0.0,0.0,0.0,1.0,1.0,1,0,0,1,0,1,1,KARNAPRAYAG,19.0,80,15.037593984962406,0.0,0.7,30.1701843893062,79.23892926266736,1495.1161,1872.0,38.95500183105469,"SubCentre, Miroli",2.553,39.357,0,2,0.0,30.0,56,31.6,46.8
42002,Jwalagiri Kalyan,Gairsain,2009,33.72,0.3372,24.0,91,36.0,55.0,269.86951364175565,0.0,0.0,0.0,0.0,0.0,0.0,0.0,1,0,0,0,1,0,1,KARNAPRAYAG,78.0,10,10.989010989010987,0.0,7.7,29.94366815256837,79.28939353480534,711.58325,,28.127178192138672,"SubCentre, Kunigad",3.299,61.091,0,2,0.0,30.0,20,1.6,21.4
41829,Kaflori,Gairsain,2009,129.02,1.2902,68.0,315,142.0,173.0,244.14819407843743,16.825396825396826,0.0,0.0,0.0,1.0,0.0,1.0,1,1,0,1,1,1,1,KARNAPRAYAG,35.0,38,12.063492063492063,0.0,1.5,30.202271645325222,79.16109276306383,1495.1161,2008.0,23.75881767272949,"SubCentre, Malai",1.384,40.811,0,2,0.0,30.0,38,4.0,28.6
41846,Kaira,Gairsain,2009,122.09,1.2209,44.0,220,104.0,116.0,180.19493816037348,6.363636363636363,0.0,0.0,0.0,0.0,0.0,0.0,1,0,0,0,0,0,1,KARNAPRAYAG,38.0,39,17.727272727272727,0.0,0.0,30.154288995581943,79.18897816468882,1495.1161,1623.0,25.02488899230957,"SubCentre, Kansuwa",2.379,43.391,0,2,0.0,30.0,38,1.6,17.7
42027,Kalchunda,Gairsain,2009,102.48,1.0248,85.0,391,185.0,206.0,381.5378610460578,0.0,0.0,0.0,0.0,0.0,0.0,0.0,1,0,0,0,1,0,1,KARNAPRAYAG,78.0,46,11.76470588235294,0.0,0.0,29.966532933832028,79.40796497483538,1199.082,,47.12826919555664,"SubCentre, Maithan",1.067,56.869,0,2,0.0,30.0,47,2.0,19.4
42035,Kali Mati,Gairsain,2009,162.69,1.6269,75.0,385,152.0,233.0,236.64638269100743,30.649350649350648,0.0,0.0,0.0,0.0,0.0,0.0,1,0,0,1,0,0,1,KARNAPRAYAG,67.0,50,12.987012987012983,0.0,0.0,29.938091181927906,79.37849845076637,1199.082,,45.04513168334961,"SubCentre, Latoogair",1.143,60.235,0,2,0.0,30.0,46,2.0,19.4
42026,Kalu Bisht Sera,Gairsain,2009,6.9,0.069,9.0,35,11.0,24.0,507.2463768115941,0.0,0.0,0.0,0.0,0.0,0.0,0.0,1,0,0,0,0,0,1,KARNAPRAYAG,78.0,6,17.142857142857142,0.0,0.0,29.969015201949304,79.42549460605917,1199.082,,44.8860969543457,"SubCentre, Maithan",2.022,56.523,0,2,0.0,30.0,47,1.6,10.8
42000,Kalyana Talla,Gairsain,2009,52.47,0.5246999999999999,37.0,157,65.0,92.0,299.2186011053936,0.0,0.0,0.0,0.0,0.0,0.0,0.0,1,0,0,0,1,0,1,KARNAPRAYAG,79.0,26,16.560509554140125,0.0,0.0,29.947261554408943,79.30986963747495,711.58325,,27.44430923461914,"SubCentre, Kunigad",1.291,60.259,0,2,0.0,30.0,20,2.0,22.1
41995,Kalyana malla (Lali Kalyani),Gairsain,2009,45.54,0.4553999999999999,37.0,138,50.0,88.0,303.03030303030306,0.0,0.0,0.0,0.0,0.0,0.0,0.0,1,0,0,0,0,0,1,KARNAPRAYAG,79.0,26,18.84057971014493,0.0,0.0,29.959066440854027,79.3071317560144,711.58325,,21.567089080810547,"SubCentre, Kunigad",1.963,59.038,0,2,0.0,30.0,15,2.0,16.9
41828,Kalyari Talli,Gairsain,2009,115.27,1.1527,82.0,416,189.0,227.0,360.89181920707904,12.980769230769232,0.0,0.0,0.0,0.0,0.0,0.0,1,0,0,0,1,1,1,KARNAPRAYAG,30.0,70,16.826923076923077,0.0,1.2,30.205495887374383,79.18156018057655,1495.1161,1935.0,12.568215370178224,"SubCentre, Malai",0.816,39.262,0,2,0.0,30.0,30,2.0,40.2
41923,Kamand,Gairsain,2009,6.16,0.0616,1.0,1,1.0,0.0,16.233766233766232,0.0,0.0,0.0,0.0,0.0,0.0,0.0,0,0,0,0,0,0,1,KARNAPRAYAG,55.0,0,0.0,,,30.04851062620956,79.28545658582996,711.58325,1493.0,5.107241630554199,CHC Gairsain,0.728,49.996,0,2,0.0,30.0,5,30.0,15.5
41854,Kand Laga Kansuwa,Gairsain,2009,43.61,0.4361,17.0,93,43.0,50.0,213.2538408621876,0.0,0.0,0.0,0.0,0.0,0.0,0.0,1,0,0,0,1,0,1,KARNAPRAYAG,34.0,16,17.20430107526882,0.0,47.1,30.156256918837087,79.21678286473943,1495.1161,1603.0,20.769073486328125,"SubCentre, Miroli",0.747,41.767,0,2,0.0,30.0,35,2.0,21.4
42017,Kandari Khor,Gairsain,2009,91.57,0.9157,188.0,892,419.0,473.0,974.11816096975,18.04932735426009,0.0,0.0,0.0,0.0,0.0,0.0,1,0,0,0,0,0,1,KARNAPRAYAG,80.0,154,17.26457399103139,0.0,4.3,29.99523102764349,79.4149984321925,1199.082,,18.87505531311035,"SubCentre, Maithan",4.276,53.657,0,2,0.0,30.0,19,1.6,24.4
41847,Kansuwa,Gairsain,2009,243.43,2.4343,113.0,420,197.0,223.0,172.53419874296512,31.9047619047619,0.0,0.0,0.0,1.0,0.0,1.0,1,1,0,0,1,1,1,KARNAPRAYAG,38.0,45,10.714285714285714,0.0,0.0,30.161922302934627,79.19199543901885,1495.1161,1547.0,29.254838943481445,"SubCentre, Kansuwa",1.6,42.528,0,2,0.0,30.0,41,4.0,29.7
41860,Khal Kumkhori,Gairsain,2009,154.68,1.5468000000000002,82.0,331,149.0,182.0,213.99017326092576,14.19939577039275,0.0,0.0,0.0,0.0,0.0,0.0,1,1,0,1,1,1,1,KARNAPRAYAG,17.0,35,10.574018126888216,0.0,7.7,30.179918030429427,79.24164971711316,1495.1161,1490.0,36.76748275756836,"SubCentre, Miroli",3.297,38.291,0,2,0.0,30.0,54,1.6,49.8
41892,Khan gwar Sera,Gairsain,2009,41.62,0.4161999999999999,21.0,135,66.0,69.0,324.3632868813071,0.0,0.0,0.0,0.0,0.0,0.0,0.0,1,0,0,0,0,0,1,KARNAPRAYAG,41.0,20,14.814814814814811,0.0,0.0,30.078203449585423,79.23056312740158,711.58325,2286.0,30.02437973022461,"SubCentre, Chorda",3.937,48.814,0,2,0.0,30.0,25,1.6,11.9
41940,Khatriyana,Gairsain,2009,23.87,0.2387,31.0,127,65.0,62.0,532.0485965647256,0.0,0.0,0.0,0.0,0.0,0.0,0.0,1,0,0,0,0,0,1,KARNAPRAYAG,51.0,18,14.173228346456693,0.0,0.0,30.04708606377041,79.29312187802573,711.58325,1561.0,21.49403953552246,CHC Gairsain,0.815,49.931,0,2,0.0,30.0,18,30.0,16.8
41845,Khet,Gairsain,2009,71.87,0.7187,49.0,241,119.0,122.0,335.3276749686935,7.053941908713693,0.0,0.0,0.0,0.0,0.0,0.0,1,1,0,0,1,1,1,KARNAPRAYAG,38.0,42,17.42738589211618,0.0,2.1,30.14472608959621,79.19167414730981,1495.1161,1524.0,31.48860740661621,"SubCentre, Miroli",2.911,44.133,0,2,0.0,30.0,43,1.6,27.9
41875,Kheti,Gairsain,2009,416.53,4.165299999999999,100.0,457,231.0,226.0,109.71598684368476,42.669584245076585,0.0,0.0,0.0,1.0,0.0,1.0,1,1,0,1,0,0,1,KARNAPRAYAG,19.0,70,15.317286652078774,0.0,0.0,30.151107695190607,79.26868656590398,1495.1161,2132.0,24.48176956176757,"SubCentre, Malasi",3.207,39.936,0,2,0.0,30.0,39,3.6,41.1
41823,Kheti Laga Kirasal,Gairsain,2009,70.0,0.7,39.0,171,73.0,98.0,244.2857142857143,0.0,0.0,0.0,0.0,0.0,0.0,0.0,0,0,0,0,0,0,1,KARNAPRAYAG,38.0,17,9.941520467836256,0.0,0.0,30.20962637420624,79.13536968092619,1495.1161,2727.0,41.31925964355469,"SubCentre, Pungaon",1.897,41.9,0,2,0.0,30.0,58,2.0,7.2
41992,Khinsar,Gairsain,2009,29.44,0.2944,24.0,98,36.0,62.0,332.8804347826087,0.0,0.0,0.0,0.0,0.0,0.0,0.0,0,0,0,0,0,0,1,KARNAPRAYAG,63.0,11,11.224489795918368,0.0,0.0,29.96715199525137,79.30285418504776,711.58325,,16.313833236694336,"Government Hospital, Mehalchauri",2.669,58.256,0,2,0.0,30.0,11,24.0,16.5
41831,Kirasal,Gairsain,2009,335.38,3.3538,122.0,552,273.0,279.0,164.58942095533425,44.7463768115942,0.0,0.0,0.0,0.0,0.0,0.0,0,0,0,0,0,0,1,KARNAPRAYAG,40.0,55,9.96376811594203,0.0,0.0,30.191685609865303,79.1478051931056,1495.1161,2056.0,40.92544174194336,"SubCentre, Pungaon",1.508,42.537,0,2,0.0,30.0,57,2.0,11.0
41975,Kolakhi Gwar,Gairsain,2009,70.63,0.7062999999999999,4.0,26,12.0,14.0,36.81155316437775,0.0,0.0,0.0,0.0,0.0,0.0,0.0,0,0,0,1,0,0,1,KARNAPRAYAG,75.0,5,19.23076923076924,0.0,0.0,30.01282476192328,79.34303470822543,711.58325,1550.0,51.0655403137207,"Government Hospital, Mehalchauri",3.736,52.507,0,2,0.0,30.0,44,24.0,15.8
42042,Kolani,Gairsain,2009,112.4,1.124,80.0,371,151.0,220.0,330.07117437722417,14.285714285714285,0.0,0.0,0.0,0.0,0.0,0.0,1,0,0,1,0,0,1,KARNAPRAYAG,68.0,54,14.555256064690028,0.0,0.0,29.94807662515944,79.41402078999225,1199.082,,29.67522430419922,"SubCentre, Kushrani Malli",0.734,58.882,0,2,0.0,30.0,26,2.0,24.2
41929,Koliyana Laga Dhargair,Gairsain,2009,32.08,0.3208,96.0,350,182.0,168.0,1091.0224438902744,4.285714285714286,0.8571428571428572,0.0,0.0,0.0,0.0,0.0,1,0,0,0,1,1,1,KARNAPRAYAG,48.0,47,13.428571428571429,0.0,0.0,30.07638727079369,79.31664217226957,711.58325,2337.0,23.04251289367676,Jai Clinic,3.356,46.188,0,2,0.0,30.0,20,2.4,24.0
42040,Kot,Gairsain,2009,47.96,0.4796,162.0,618,319.0,299.0,1288.5738115095912,16.50485436893204,0.0,0.0,0.0,0.0,0.0,0.0,1,0,0,1,0,0,1,KARNAPRAYAG,72.0,78,12.62135922330097,0.0,0.6,29.955483241266105,79.40885088261142,1199.082,,33.938209533691406,"SubCentre, Maithan",0.193,58.087,0,2,0.0,30.0,32,2.0,26.7
42003,Kotha,Gairsain,2009,233.85,2.3385,165.0,695,275.0,420.0,297.1990592259996,16.258992805755394,0.0,0.0,0.0,0.0,0.0,0.0,0,0,1,0,1,0,1,KARNAPRAYAG,75.0,111,15.971223021582734,0.0,0.0,29.933730895251102,79.28845520843427,711.58325,,21.00354766845703,"SubCentre, Kunigad",3.718,62.182,0,2,0.0,30.0,15,1.6,27.4
41922,Kothar,Gairsain,2009,11.88,0.1188,26.0,116,46.0,70.0,976.4309764309764,0.0,0.0,0.0,0.0,0.0,0.0,0.0,1,0,0,0,0,0,1,KARNAPRAYAG,55.0,19,16.379310344827587,0.0,0.0,30.04275451287242,79.28453141339912,711.58325,1469.0,15.964374542236328,CHC Gairsain,1.335,50.632,0,2,0.0,30.0,13,30.0,16.7
41908,Kulagar,Gairsain,2009,121.67,1.2167,46.0,225,95.0,130.0,184.92644037149665,0.0,0.0,0.0,0.0,0.0,0.0,0.0,1,0,0,0,0,0,1,KARNAPRAYAG,54.0,26,11.555555555555555,2.3,2.3,30.056031763209884,79.2492964842273,711.58325,1839.0,23.658472061157227,CHC Gairsain,3.909,50.371,0,2,0.0,30.0,19,24.0,17.8
41927,Kumeli Laga Saliyana,Gairsain,2009,21.3,0.213,13.0,65,27.0,38.0,305.1643192488263,90.76923076923076,0.0,0.0,0.0,0.0,0.0,0.0,1,0,0,0,0,0,1,KARNAPRAYAG,35.0,9,13.846153846153848,0.0,7.7,30.077472952381672,79.29254810675812,711.58325,1984.0,40.6681022644043,Jai Clinic,2.348,46.729,0,2,0.0,30.0,40,2.4,11.1
41912,Kumoli Raiwan,Gairsain,2009,110.55,1.1055,33.0,147,57.0,90.0,132.97150610583446,0.0,0.0,0.0,0.0,0.0,0.0,0.0,0,0,0,0,0,0,1,KARNAPRAYAG,52.0,23,15.64625850340136,3.3,0.0,30.059656759114407,79.27292013792497,711.58325,1623.0,17.881000518798828,Jai Clinic,1.728,49.203,0,2,0.0,30.0,15,3.0,17.0
41965,Kunakhet,Gairsain,2009,60.21,0.6021,97.0,435,199.0,236.0,722.4713502740409,0.0,0.2298850574712643,0.0,0.0,0.0,0.0,0.0,1,0,0,0,1,1,1,KARNAPRAYAG,74.0,72,16.551724137931036,1.0,1.0,29.96626312597267,79.25497497373127,711.58325,,20.767295837402344,"SubCentre, Rohira",2.06,59.575,0,2,0.0,30.0,15,1.6,29.9
41896,Kuneli Laga Marora,Gairsain,2009,19.25,0.1925,21.0,105,55.0,50.0,545.4545454545455,0.0,0.0,0.0,0.0,0.0,0.0,0.0,1,1,0,1,1,1,1,KARNAPRAYAG,35.0,12,11.428571428571429,0.0,0.0,30.089930918872383,79.28965601295057,711.58325,2123.0,32.4627685546875,Jai Clinic,3.725,45.505,0,2,0.0,30.0,29,2.4,26.6
42004,Kunigar Bichli,Gairsain,2009,89.13,0.8913,20.0,82,35.0,47.0,92.000448782677,0.0,0.0,0.0,0.0,0.0,0.0,0.0,1,0,0,0,0,0,1,KARNAPRAYAG,82.0,6,7.317073170731707,0.0,5.0,29.93090292909772,79.3004568351644,711.58325,,32.29608154296875,"SubCentre, Kunigad",2.92,62.225,0,2,0.0,30.0,25,1.6,16.3
42001,Kunigar Malli,Gairsain,2009,30.09,0.3009,72.0,313,125.0,188.0,1040.2126952475903,3.514376996805112,0.0,0.0,0.0,1.0,0.0,1.0,1,0,0,0,0,0,1,KARNAPRAYAG,81.0,34,10.86261980830671,0.0,0.0,29.94524235449235,79.30081728744192,711.58325,,28.44812393188477,"SubCentre, Kunigad",2.184,60.667,0,2,0.0,30.0,21,3.6,18.6
42009,Kunigar Talli,Gairsain,2009,35.66,0.3566,42.0,180,74.0,106.0,504.7672462142457,3.333333333333333,0.0,0.0,0.0,1.0,0.0,1.0,1,0,0,0,0,0,1,KARNAPRAYAG,71.0,26,14.444444444444445,0.0,0.0,29.94262311187672,79.32329002808915,711.58325,,23.86432266235352,"SubCentre, Kunigad",0.624,60.506,0,2,0.0,30.0,17,4.0,17.3
42043,Kushrani Bichali,Gairsain,2009,53.88,0.5388000000000001,41.0,190,91.0,99.0,352.63548626577574,0.0,0.0,0.0,0.0,0.0,0.0,0.0,1,0,0,0,0,0,1,KARNAPRAYAG,68.0,24,12.63157894736842,0.0,4.9,29.95631801476952,79.41782513907091,1199.082,,18.97113800048828,"SubCentre, Maithan",0.788,57.954,0,2,0.0,30.0,18,2.0,17.4
42050,Kushrani Malli,Gairsain,2009,47.53,0.4753,59.0,347,164.0,183.0,730.0652219650747,0.0,0.0,0.0,0.0,0.0,0.0,0.0,1,0,0,0,0,0,1,KARNAPRAYAG,70.0,42,12.103746397694524,0.0,0.0,29.949913119197618,79.42364860350128,1199.082,,34.46232223510742,"SubCentre, Kushrani Malli",0.563,58.645,0,2,0.0,30.0,32,2.0,19.0
42048,Kushrani Talli,Gairsain,2009,35.78,0.3578,62.0,262,135.0,127.0,732.2526551145892,42.36641221374045,0.0,0.0,0.0,0.0,0.0,0.0,1,0,0,0,0,0,1,KARNAPRAYAG,73.0,37,14.122137404580156,0.0,0.0,29.95780274811453,79.42872547904219,1199.082,,10.140297889709473,"SubCentre, Kushrani Malli",1.567,57.758,0,2,0.0,30.0,11,2.0,18.1
41957,Kwilakh,Gairsain,2009,142.34,1.4234,36.0,168,79.0,89.0,118.0272586764086,0.0,0.0,0.0,0.0,0.0,0.0,0.0,1,0,0,0,1,0,1,KARNAPRAYAG,63.0,22,13.095238095238097,0.0,0.0,30.003363541112787,79.27060766820841,711.58325,1745.0,20.193906784057617,"SubCentre, Rohira",2.37,55.2,0,2,0.0,30.0,15,1.6,22.2
42020,Lakhan,Gairsain,2009,32.7,0.327,5.0,29,18.0,11.0,88.68501529051987,0.0,0.0,0.0,0.0,0.0,0.0,0.0,1,0,0,0,0,0,0,KARNAPRAYAG,91.0,3,10.344827586206897,0.0,0.0,30.01069334235935,79.45961246451697,1199.082,1933.0,9.715786933898926,"SubCentre, Alkot",6.526,51.912,0,2,0.0,30.0,12,1.0,10.8
41960,Lakheri,Gairsain,2009,165.14,1.6513999999999998,53.0,265,116.0,149.0,160.46990432360425,0.0,0.0,0.0,0.0,0.0,0.0,0.0,1,0,0,0,0,1,1,KARNAPRAYAG,72.0,45,16.9811320754717,0.0,0.0,29.989362188240552,79.29431273373717,711.58325,,22.04344940185547,"Government Hospital, Mehalchauri",2.679,56.064,0,2,0.0,30.0,17,24.0,23.1
42051,Lam Bagar,Gairsain,2009,112.64,1.1264,146.0,730,341.0,389.0,648.0823863636364,0.0,0.0,0.0,0.0,0.0,0.0,0.0,1,0,0,0,0,0,1,KARNAPRAYAG,78.0,112,15.342465753424658,0.0,0.0,29.94112839710898,79.42466524790154,1199.082,,28.48303604125977,"SubCentre, Kushrani Malli",0.594,59.615,0,2,0.0,30.0,25,2.0,22.8
41882,Langtai,Gairsain,2009,107.58,1.0758,80.0,426,200.0,226.0,395.984383714445,23.474178403755868,0.0,0.0,0.0,0.0,0.0,0.0,1,0,0,0,0,0,1,KARNAPRAYAG,24.0,84,19.718309859154928,0.0,1.2,30.11238734710349,79.22069918638711,711.58325,1877.0,26.76680374145508,"SubCentre, Chorda",2.917,45.825,0,2,0.0,30.0,23,1.6,30.3
42036,Latu Gair,Gairsain,2009,77.22,0.7722,44.0,193,86.0,107.0,249.93524993525,3.1088082901554404,0.0,0.0,0.0,1.0,0.0,1.0,1,0,0,0,1,0,1,KARNAPRAYAG,67.0,23,11.917098445595856,0.0,9.1,29.95047594918121,79.38403440948005,1199.082,,39.40273284912109,"SubCentre, Latoogair",0.426,58.817,0,2,0.0,30.0,39,4.0,17.4
41978,Latudhar,Gairsain,2009,31.94,0.3194,23.0,116,56.0,60.0,363.1809643080777,0.0,0.0,0.0,0.0,0.0,0.0,0.0,0,0,0,0,0,0,1,KARNAPRAYAG,77.0,13,11.20689655172414,0.0,0.0,30.00150148803339,79.31066822297952,711.58325,1456.0,26.008861541748047,"Government Hospital, Mehalchauri",2.135,54.378,0,2,0.0,30.0,20,24.0,16.7
41986,Maikholi,Gairsain,2009,212.79,2.1279,135.0,634,287.0,347.0,297.94633206447674,9.14826498422713,0.0,0.0,0.0,0.0,0.0,0.0,0,1,0,0,0,0,1,KARNAPRAYAG,58.0,75,11.829652996845423,0.0,0.0,29.989725710037018,79.30966149053609,711.58325,,28.589252471923828,"Government Hospital, Mehalchauri",1.276,55.67,0,2,0.0,30.0,22,30.0,21.8
41905,Majerasar,Gairsain,2009,36.4,0.364,60.0,307,142.0,165.0,843.4065934065934,0.0,0.0,0.0,0.0,0.0,0.0,0.0,1,0,0,0,0,0,1,KARNAPRAYAG,41.0,62,20.195439739413683,0.0,2.3,30.05846088029618,79.22181739772944,711.58325,2503.0,36.65066146850586,"SubCentre, Chorda",6.271,51.155,0,2,0.0,30.0,33,1.0,8.6
41844,Majyari Malli,Gairsain,2009,273.74,2.7374,109.0,635,316.0,319.0,231.9719441806093,14.330708661417324,0.0,0.0,0.0,0.0,0.0,0.0,1,0,0,0,0,0,1,KARNAPRAYAG,38.0,95,14.960629921259844,0.0,2.7,30.14175631027515,79.17442441175187,1495.1161,1740.0,33.49570846557617,"SubCentre, Kansuwa",4.353,45.329,0,2,0.0,30.0,45,1.6,21.9
41834,Malai,Gairsain,2009,180.61,1.8061,124.0,580,277.0,303.0,321.1339349980621,29.655172413793103,0.0,0.0,0.0,1.0,0.0,1.0,0,0,0,0,1,0,1,KARNAPRAYAG,34.0,76,13.10344827586207,0.0,2.4,30.198062348876068,79.17758933994533,1495.1161,2026.0,14.496944427490234,"SubCentre, Malai",0.346,40.142,0,2,0.0,30.0,31,4.0,21.3
41876,Malasi,Gairsain,2009,281.17,2.8117,149.0,781,327.0,454.0,277.7678984244407,23.43149807938541,0.0,0.0,1.0,0.0,0.0,1.0,1,1,0,1,0,0,1,KARNAPRAYAG,19.0,130,16.645326504481435,0.0,0.6,30.13424637913424,79.27461901981376,1495.1161,2184.0,37.96195602416992,"SubCentre, Malasi",1.319,41.42,0,2,0.0,30.0,53,8.0,39.3
41836,Malethi,Gairsain,2009,119.52,1.1952,115.0,534,230.0,304.0,446.7871485943775,37.640449438202246,0.0,0.0,0.0,0.0,0.0,0.0,0,0,0,0,0,0,1,KARNAPRAYAG,38.0,100,18.726591760299627,0.0,0.0,30.186336623803083,79.20043928602765,1495.1161,1470.0,18.030981063842773,"SubCentre, Kansuwa",1.884,39.842,0,2,0.0,30.0,34,2.0,20.8
41853,Malgur,Gairsain,2009,120.52,1.2052,7.0,24,8.0,16.0,19.91370726850316,0.0,0.0,0.0,0.0,0.0,0.0,0.0,1,0,0,0,0,0,1,KARNAPRAYAG,35.0,2,8.333333333333332,0.0,28.6,30.15861605480908,79.20811428115682,1495.1161,1564.0,37.72749710083008,"SubCentre, Miroli",0.704,41.983,0,2,0.0,30.0,53,2.0,10.7
42030,Malkot,Gairsain,2009,71.28,0.7128,58.0,238,111.0,127.0,333.8945005611672,2.5210084033613445,0.0,0.0,0.0,1.0,0.0,1.0,1,0,0,1,0,0,1,KARNAPRAYAG,66.0,31,13.025210084033615,0.0,0.0,29.95790329581588,79.36733038370348,711.58325,,42.84051132202149,"SubCentre, Latoogair",1.659,58.173,0,2,0.0,30.0,39,4.0,17.9
41947,Manda Laga Siman,Gairsain,2009,20.3,0.203,21.0,103,41.0,62.0,507.3891625615763,0.0,0.0,0.0,0.0,0.0,0.0,0.0,1,0,0,0,0,0,1,KARNAPRAYAG,55.0,15,14.563106796116504,0.0,0.0,30.02416769312111,79.30447575602824,711.58325,1519.0,32.41825866699219,CHC Gairsain,3.588,52.084,0,2,0.0,30.0,27,24.0,16.5
41897,Marora,Gairsain,2009,121.02,1.2102,166.0,814,378.0,436.0,672.6160965129731,23.34152334152334,0.0,0.0,0.0,0.0,0.0,0.0,1,1,0,1,1,1,1,KARNAPRAYAG,42.0,125,15.356265356265355,0.0,0.0,30.08474415394852,79.26542862925777,711.58325,2022.0,15.817790031433104,"SubCentre, Chorda",3.042,46.841,0,2,0.0,30.0,14,1.6,33.6
41963,Maso Sera,Gairsain,2009,43.89,0.4389,16.0,83,37.0,46.0,189.1091364775575,0.0,0.0,0.0,0.0,0.0,0.0,0.0,1,0,0,0,0,1,1,KARNAPRAYAG,74.0,15,18.072289156626507,0.0,0.0,29.98832432209524,79.26471013294447,711.58325,,33.03120803833008,"SubCentre, Rohira",0.673,56.961,0,2,0.0,30.0,27,2.0,21.3
41916,Mathakot,Gairsain,2009,128.29,1.2829,164.0,886,416.0,470.0,690.6228077013018,13.205417607223476,0.0,0.0,0.0,0.0,0.0,0.0,1,0,0,0,0,0,1,KARNAPRAYAG,51.0,174,19.63882618510158,0.0,0.6,30.03842080859603,79.26840752986048,711.58325,1686.0,27.96378326416016,CHC Gairsain,2.683,51.57,0,2,0.0,30.0,22,24.0,24.4
41837,Mathar,Gairsain,2009,87.33,0.8733,51.0,204,89.0,115.0,233.5967021642048,1.96078431372549,0.0,0.0,0.0,0.0,0.0,0.0,0,0,0,0,1,0,1,KARNAPRAYAG,38.0,35,17.15686274509804,0.0,4.0,30.18621125190821,79.18681239319949,1495.1161,1662.0,16.712961196899414,"SubCentre, Malai",1.933,40.629,0,2,0.0,30.0,33,2.0,22.5
41915,Mathkot Khal,Gairsain,2009,272.01,2.7201,16.0,86,40.0,46.0,31.61648468806294,0.0,0.0,0.0,0.0,0.0,0.0,0.0,1,0,0,0,0,0,1,KARNAPRAYAG,51.0,22,25.58139534883721,0.0,0.0,30.03282510515602,79.25892785829937,711.58325,1856.0,23.978456497192383,CHC Gairsain,3.783,52.456,0,2,0.0,30.0,19,24.0,16.4
41830,Matiyala Laga Kirsal,Gairsain,2009,15.64,0.1564,16.0,79,38.0,41.0,505.1150895140665,22.78481012658228,0.0,0.0,0.0,0.0,0.0,0.0,0,0,0,0,1,0,1,KARNAPRAYAG,40.0,12,15.18987341772152,0.0,0.0,30.18946324657029,79.16458452926577,1495.1161,1665.0,36.75848388671875,"SubCentre, Malai",1.604,41.674,0,2,0.0,30.0,52,2.0,16.3
41833,Mauni Daduwa,Gairsain,2009,13.31,0.1331,7.0,34,18.0,16.0,255.44703230653644,0.0,0.0,0.0,0.0,0.0,0.0,0.0,0,0,0,0,0,0,1,KARNAPRAYAG,36.0,5,14.705882352941178,0.0,0.0,30.188216267391528,79.17369298949563,1495.1161,1770.0,17.708772659301758,"SubCentre, Malai",1.374,41.228,0,2,0.0,30.0,33,2.0,15.8
41983,Mehal Chauri,Gairsain,2009,16.11,0.1611,23.0,96,53.0,43.0,595.903165735568,3.125,0.0,0.0,0.0,0.0,0.0,0.0,0,0,0,1,0,0,1,KARNAPRAYAG,58.0,18,18.75,0.0,0.0,29.980976196924683,79.3327440100731,711.58325,,48.302642822265625,"Government Hospital, Mehalchauri",1.152,56.159,0,2,0.0,30.0,43,30.0,16.5
41910,Mehargaon,Gairsain,2009,172.78,1.7278,122.0,624,291.0,333.0,361.152911216576,17.307692307692307,0.0,0.0,0.0,0.0,0.0,0.0,1,0,0,0,0,0,1,KARNAPRAYAG,55.0,110,17.628205128205128,0.0,0.0,30.028335390379944,79.24044882789865,711.58325,2126.0,26.29304313659668,"SubCentre, Rohira",5.217,53.542,0,2,0.0,30.0,21,1.0,16.7
41901,Melbagar,Gairsain,2009,33.89,0.3389,47.0,205,91.0,114.0,604.8982000590145,46.34146341463415,0.0,0.0,0.0,0.0,0.0,0.0,1,0,0,0,0,0,1,KARNAPRAYAG,44.0,31,15.121951219512194,0.0,0.0,30.07588791907217,79.241551524484,711.58325,1947.0,31.00994873046875,"SubCentre, Chorda",3.786,48.62,0,2,0.0,30.0,26,1.6,17.6
41852,Miroli,Gairsain,2009,21.03,0.2103,9.0,42,25.0,17.0,199.7146932952924,0.0,0.0,0.0,0.0,0.0,0.0,0.0,0,0,0,0,0,0,1,KARNAPRAYAG,22.0,6,14.285714285714285,0.0,0.0,30.171277926237284,79.20907293188662,1495.1161,1321.0,6.489667892456055,"SubCentre, Kansuwa",0.349,40.752,0,2,0.0,30.0,24,2.0,26.4
41996,Morpani,Gairsain,2009,24.91,0.2491,8.0,28,15.0,13.0,112.40465676435169,0.0,0.0,0.0,0.0,0.0,0.0,0.0,1,0,0,0,0,0,1,KARNAPRAYAG,79.0,5,17.857142857142858,0.0,0.0,29.96292024359954,79.31791155705417,711.58325,,17.049081802368164,"SubCentre, Kunigad",1.711,58.401,0,2,0.0,30.0,12,2.0,15.8
41944,Muson,Gairsain,2009,69.38,0.6938,50.0,264,118.0,146.0,380.5131161718074,60.98484848484848,0.0,0.0,0.0,0.0,0.0,0.0,1,0,0,0,0,1,1,KARNAPRAYAG,54.0,41,15.530303030303031,0.0,0.0,30.03328682344045,79.2910127951286,711.58325,1463.0,27.099897384643555,CHC Gairsain,2.289,51.456,0,2,0.0,30.0,22,24.0,23.1
41865,Nagali,Gairsain,2009,49.12,0.4911999999999999,58.0,250,129.0,121.0,508.9576547231271,0.4,0.0,0.0,0.0,0.0,0.0,0.0,0,0,0,0,1,1,1,KARNAPRAYAG,30.0,14,5.6000000000000005,0.0,18.6,30.17126893727604,79.22166443720718,1495.1161,1384.0,30.566146850585938,"SubCentre, Miroli",1.228,40.102,0,2,0.0,30.0,44,2.0,38.5
42022,Nail,Gairsain,2009,115.33,1.1533,136.0,679,302.0,377.0,588.7453394606781,18.55670103092784,0.1472754050073637,0.0,0.0,1.0,0.0,1.0,1,0,0,0,1,0,1,KARNAPRAYAG,79.0,118,17.378497790868924,0.0,0.0,29.979196470192942,79.43923085818871,1199.082,,27.231443405151367,"SubCentre, Maithan",3.763,55.374,0,2,0.0,30.0,25,3.6,27.3
41911,Nail Laga Farakande,Gairsain,2009,128.75,1.2875,38.0,215,93.0,122.0,166.9902912621359,0.0,0.0,0.0,0.0,0.0,0.0,0.0,1,0,0,0,0,0,1,KARNAPRAYAG,51.0,42,19.53488372093023,2.6,7.7,30.061129190716866,79.26391907584083,711.58325,1728.0,14.65050220489502,Jai Clinic,2.609,49.342,0,2,0.0,30.0,12,2.4,17.6
42039,Naini,Gairsain,2009,60.6,0.606,81.0,377,163.0,214.0,622.1122112211222,4.244031830238726,0.0,0.0,0.0,1.0,0.0,1.0,1,0,0,0,0,0,1,KARNAPRAYAG,70.0,66,17.50663129973475,0.0,1.2,29.9558654322526,79.39846665308973,1199.082,,19.32328414916992,"SubCentre, Maithan",1.089,58.107,0,2,0.0,30.0,18,4.0,19.3
41952,Naugaon Malla,Gairsain,2009,44.3,0.4429999999999999,51.0,248,113.0,135.0,559.8194130925508,38.30645161290322,0.0,0.0,0.0,0.0,0.0,0.0,1,0,0,0,0,0,1,KARNAPRAYAG,56.0,49,19.758064516129032,0.0,0.0,30.026760856789863,79.28571987265686,711.58325,1506.0,31.54672622680664,CHC Gairsain,3.037,52.294,0,2,0.0,30.0,26,24.0,18.0
42037,Naugaon Talla,Gairsain,2009,47.29,0.4729,42.0,232,103.0,129.0,490.5899767392684,0.0,0.0,0.0,0.0,0.0,0.0,0.0,1,0,0,1,0,0,1,KARNAPRAYAG,68.0,35,15.086206896551724,0.0,0.0,29.940141049599568,79.39610368026423,1199.082,,26.144651412963867,"SubCentre, Latoogair",1.757,59.862,0,2,0.0,30.0,23,2.0,22.8
41851,Nauna,Gairsain,2009,77.61,0.7761,18.0,63,28.0,35.0,81.17510630073444,0.0,0.0,0.0,0.0,0.0,0.0,0.0,0,0,0,0,0,0,1,KARNAPRAYAG,23.0,7,11.11111111111111,0.0,0.0,30.182331334646616,79.21130260371996,1495.1161,1348.0,16.94384765625,"SubCentre, Kansuwa",1.469,39.612,0,2,0.0,30.0,33,2.0,26.6
41913,Pajyana,Gairsain,2009,236.14,2.3614,128.0,652,318.0,334.0,276.1073939188617,0.0,0.0,0.0,0.0,1.0,0.0,1.0,1,0,0,0,0,0,1,KARNAPRAYAG,53.0,100,15.337423312883436,0.0,1.5,30.04367201155112,79.257561810651,711.58325,1800.0,26.6868839263916,CHC Gairsain,3.306,51.369,0,2,0.0,30.0,21,26.0,22.0
41867,Pajyana Kumar,Gairsain,2009,24.48,0.2448,20.0,95,45.0,50.0,388.07189542483655,0.0,0.0,0.0,0.0,0.0,0.0,0.0,1,0,0,0,0,0,1,KARNAPRAYAG,31.0,7,7.368421052631578,0.0,0.0,30.165886441714168,79.21214601612185,1495.1161,1337.0,32.25566864013672,"SubCentre, Miroli",0.413,41.094,0,2,0.0,30.0,46,2.0,16.4
41881,Pajyana Malla,Gairsain,2009,77.99,0.7798999999999999,61.0,327,152.0,175.0,419.2845236568791,0.3058103975535168,0.0,0.0,0.0,0.0,0.0,0.0,1,0,0,0,0,0,1,KARNAPRAYAG,23.0,70,21.406727828746178,0.0,1.6,30.122202233719367,79.21808182080605,711.58325,1844.0,16.11028480529785,"SubCentre, Chorda",3.471,44.982,0,2,0.0,30.0,15,1.6,29.3
42014,Pala Bagar,Gairsain,2009,25.49,0.2548999999999999,2.0,2,0.0,2.0,7.846214201647706,0.0,0.0,0.0,0.0,0.0,0.0,0.0,0,0,0,0,0,0,1,KARNAPRAYAG,74.0,0,0.0,0.0,0.0,29.9934471114744,79.3839962064523,1199.082,,36.81509780883789,"SubCentre, Maithan",4.743,54.077,0,2,0.0,30.0,37,1.6,10.5
41951,Panchali,Gairsain,2009,195.84,1.9584,101.0,470,201.0,269.0,239.9918300653595,20.85106382978724,0.0,0.0,0.0,0.0,0.0,0.0,1,0,0,0,0,0,1,KARNAPRAYAG,56.0,81,17.23404255319149,0.0,0.0,30.019235806586213,79.29445991715502,711.58325,1550.0,30.275293350219727,CHC Gairsain,3.874,52.863,0,2,0.0,30.0,24,24.0,20.2
41857,Pandav,Gairsain,2009,149.69,1.4969,53.0,231,114.0,117.0,154.31892577994523,0.0,0.0,0.0,0.0,0.0,0.0,0.0,1,0,0,0,0,0,1,KARNAPRAYAG,38.0,45,19.480519480519483,0.0,3.8,30.12858083948696,79.19982174123125,1495.1161,1766.0,39.7671127319336,"SubCentre, Miroli",4.007,45.239,0,2,0.0,30.0,54,1.6,12.8
41906,Paramghat  Laga Chhapali,Gairsain,2009,33.72,0.3372,30.0,153,70.0,83.0,453.7366548042705,0.0,0.0,0.0,0.0,0.0,0.0,0.0,1,0,0,0,0,0,1,KARNAPRAYAG,50.0,24,15.68627450980392,0.0,0.0,30.0435195172212,79.21345083886416,711.58325,2289.0,34.83968734741211,CHC Gairsain,7.441,52.997,0,2,0.0,30.0,30,15.0,12.0
41894,Parawari,Gairsain,2009,117.0,1.17,112.0,643,309.0,334.0,549.5726495726497,28.149300155521,0.0,0.0,0.0,0.0,0.0,0.0,1,0,0,0,0,0,1,KARNAPRAYAG,35.0,112,17.418351477449455,0.0,0.0,30.098523658269432,79.19772003705324,711.58325,2353.0,27.246856689453125,"SubCentre, Chorda",5.235,48.228,0,2,0.0,30.0,23,1.0,16.9
41953,Patal Chaura,Gairsain,2009,125.71,1.2571,68.0,341,140.0,201.0,271.2592474743457,0.0,0.0,0.0,0.0,0.0,0.0,0.0,1,0,0,0,0,0,1,KARNAPRAYAG,56.0,57,16.715542521994134,0.0,0.0,30.01864713632349,79.28022536302406,711.58325,1726.0,18.861684799194336,CHC Gairsain,4.022,53.308,0,2,0.0,30.0,15,24.0,18.9
41832,Peb,Gairsain,2009,133.09,1.3309,57.0,287,137.0,150.0,215.643549477797,27.874564459930312,0.0,0.0,0.0,0.0,0.0,0.0,0,0,0,0,0,0,1,KARNAPRAYAG,40.0,44,15.33101045296167,0.0,0.0,30.17842808453231,79.15792683573235,1495.1161,1474.0,44.10816192626953,"SubCentre, Pungaon",2.946,43.026,0,2,0.0,30.0,61,1.6,13.4
41843,Pindawali,Gairsain,2009,576.03,5.7603,213.0,1138,549.0,589.0,197.5591549051265,11.86291739894552,0.0,0.0,0.0,0.0,0.0,0.0,1,0,0,0,1,0,1,KARNAPRAYAG,54.0,189,16.608084358523726,0.0,0.0,30.15038718470749,79.16246825462092,1495.1161,2005.0,32.067649841308594,"SubCentre, Kansuwa",4.699,45.215,0,2,0.0,30.0,44,1.6,25.5
41934,Pitoti lagga gain,Gairsain,2009,26.27,0.2627,30.0,116,62.0,54.0,441.5683288922726,1.7241379310344829,3.4482758620689653,0.0,0.0,0.0,0.0,0.0,1,0,0,0,1,1,1,KARNAPRAYAG,50.0,16,13.79310344827586,0.0,0.0,30.06109534440672,79.29371067469599,711.58325,1635.0,21.232336044311523,Jai Clinic,0.604,48.428,0,2,0.0,30.0,18,3.0,26.7
41821,Pungaon,Gairsain,2009,110.88,1.1088,73.0,343,148.0,195.0,309.34343434343435,0.0,0.0,0.0,0.0,1.0,0.0,1.0,0,0,0,0,1,0,1,KARNAPRAYAG,44.0,67,19.533527696793,0.0,14.3,30.20517983667422,79.11546867361729,1997.9788,2514.0,30.17773056030273,"SubCentre, Pungaon",2.115,43.607,0,2,0.0,30.0,54,3.6,18.9
41880,Pyura,Gairsain,2009,300.16,3.0016000000000003,70.0,394,201.0,193.0,131.2633262260128,0.0,0.0,0.0,0.0,0.0,0.0,0.0,1,0,0,0,0,0,1,KARNAPRAYAG,25.0,77,19.543147208121827,0.0,0.0,30.136089064908283,79.22145250651297,1495.1161,1793.0,42.47001647949219,"SubCentre, Miroli",3.025,43.477,0,2,0.0,30.0,58,1.6,24.9
41891,Ramara Malla,Gairsain,2009,61.52,0.6152000000000001,43.0,230,115.0,115.0,373.86215864759424,0.0,0.0,0.0,0.0,0.0,0.0,0.0,1,0,0,0,0,0,1,KARNAPRAYAG,58.0,40,17.391304347826086,0.0,0.0,30.08159717902348,79.2091956051308,711.58325,2394.0,27.09186553955078,"SubCentre, Chorda",5.028,49.367,0,2,0.0,30.0,22,1.0,12.8
41970,Ramara Talla,Gairsain,2009,122.71,1.2271,83.0,367,158.0,209.0,299.0791296552849,42.77929155313351,0.0,0.0,0.0,1.0,0.0,1.0,0,0,0,0,0,0,1,KARNAPRAYAG,58.0,51,13.896457765667575,0.0,1.1,30.026510464401795,79.31230455878291,711.58325,1895.0,42.812984466552734,CHC Gairsain,3.73,51.646,0,2,0.0,30.0,41,26.0,14.2
41874,Randoli,Gairsain,2009,253.62,2.5362,47.0,233,107.0,126.0,91.86972636227426,0.0,0.0,0.0,0.0,0.0,0.0,0.0,1,0,0,0,0,0,1,KARNAPRAYAG,19.0,28,12.017167381974248,0.0,0.0,30.157938419628703,79.25120546404442,1495.1161,2088.0,23.533403396606445,"SubCentre, Miroli",3.622,39.989,0,2,0.0,30.0,39,1.6,33.8
41993,Rangchaura,Gairsain,2009,121.06,1.2106,73.0,278,151.0,127.0,229.63819593589952,29.856115107913663,0.0,0.0,0.0,0.0,0.0,0.0,0,1,0,1,0,0,1,KARNAPRAYAG,63.0,41,14.748201438848922,0.0,0.0,29.96918210435067,79.31635060726568,711.58325,,19.642822265625,"Government Hospital, Mehalchauri",1.81,57.753,0,2,0.0,30.0,14,30.0,23.3
41926,Rikholi,Gairsain,2009,39.41,0.3940999999999999,35.0,195,99.0,96.0,494.7982745496068,0.0,0.0,0.0,0.0,0.0,0.0,0.0,0,0,0,0,0,0,1,KARNAPRAYAG,55.0,15,7.6923076923076925,0.0,0.0,30.06522797058953,79.28398384819451,711.58325,1626.0,26.16071510314941,Jai Clinic,1.161,48.275,0,2,0.0,30.0,22,3.0,17.4
41872,Ritha Mangari,Gairsain,2009,13.74,0.1374,17.0,85,41.0,44.0,618.6317321688501,100.0,0.0,0.0,0.0,0.0,0.0,0.0,1,0,0,0,0,0,1,KARNAPRAYAG,25.0,17,20.0,0.0,0.0,30.15217765511272,79.23257880830892,1495.1161,1381.0,27.606958389282227,"SubCentre, Miroli",2.131,41.397,0,2,0.0,30.0,41,1.6,26.9
41935,Rithiya,Gairsain,2009,47.14,0.4714,7.0,36,20.0,16.0,76.36826474331778,0.0,0.0,0.0,0.0,0.0,0.0,0.0,1,1,0,1,1,1,1,KARNAPRAYAG,52.0,6,16.666666666666664,0.0,0.0,30.06476581133367,79.30852831526107,711.58325,2139.0,36.34712219238281,Jai Clinic,1.968,47.637,0,2,0.0,30.0,34,3.0,20.9
41839,Rithola,Gairsain,2009,7.6,0.076,6.0,32,16.0,16.0,421.0526315789474,100.0,0.0,0.0,0.0,0.0,0.0,0.0,0,0,0,0,0,0,1,KARNAPRAYAG,26.0,5,15.625,0.0,0.0,30.17890542761125,79.17149437340477,1495.1161,1320.0,8.730931282043457,"SubCentre, Malai",2.429,42.169,0,2,0.0,30.0,25,1.6,26.3
41962,Rohira,Gairsain,2009,422.75,4.2275,293.0,1417,639.0,778.0,335.18628030751034,10.656316160903318,0.0,0.0,0.0,1.0,1.0,2.0,1,1,0,0,1,1,1,KARNAPRAYAG,62.0,262,18.489767113620324,0.0,0.0,29.982594143310312,79.23883853617995,711.58325,,24.814395904541016,"SubCentre, Rohira",1.99,58.352,0,2,0.0,30.0,18,34.0,35.5
42032,Roykot,Gairsain,2009,15.32,0.1532,19.0,89,35.0,54.0,580.9399477806788,0.0,0.0,0.0,0.0,0.0,0.0,0.0,1,0,0,1,0,1,1,KARNAPRAYAG,65.0,15,16.853932584269664,0.0,0.0,29.962434637698944,79.3487134972032,711.58325,,34.05006408691406,"SubCentre, Kunigad",2.92,57.923,0,2,0.0,30.0,28,1.6,26.4
41902,Ruriya Tal,Gairsain,2009,63.06,0.6306,40.0,209,100.0,109.0,331.43038376149696,0.0,0.0,0.0,0.0,0.0,0.0,0.0,1,0,0,0,0,0,1,KARNAPRAYAG,41.0,51,24.401913875598087,0.0,0.0,30.07069048745062,79.22284811087837,711.58325,2455.0,19.406719207763672,"SubCentre, Chorda",5.035,49.881,0,2,0.0,30.0,16,1.0,12.6
42006,Sahajkot,Gairsain,2009,33.52,0.3352,24.0,107,39.0,68.0,319.2124105011933,0.0,0.0,0.0,0.0,0.0,0.0,0.0,1,0,0,0,0,0,1,KARNAPRAYAG,76.0,17,15.887850467289718,0.0,0.0,29.937228340711965,79.30675848236515,711.58325,,22.693347930908203,"SubCentre, Kunigad",2.004,61.41,0,2,0.0,30.0,16,1.6,16.6
41943,Sainji,Gairsain,2009,62.55,0.6255,87.0,385,178.0,207.0,615.5075939248602,23.63636363636364,0.0,0.0,0.0,0.0,0.0,0.0,1,1,0,1,1,1,1,KARNAPRAYAG,54.0,45,11.688311688311687,0.0,1.1,30.030657676905,79.30435836757309,711.58325,1789.0,37.3836555480957,CHC Gairsain,2.933,51.391,0,2,0.0,30.0,34,24.0,29.4
41928,Saliyana,Gairsain,2009,168.31,1.6831,146.0,691,337.0,354.0,410.5519576971065,14.47178002894356,0.723589001447178,0.0,0.0,0.0,0.0,0.0,1,1,0,1,1,1,1,KARNAPRAYAG,44.0,105,15.195369030390736,0.0,3.6,30.079865897418184,79.30479780828925,711.58325,2301.0,30.71749687194824,Jai Clinic,2.947,46.127,0,2,0.0,30.0,27,2.4,32.4
41972,Saner Laga Jingor,Gairsain,2009,33.06,0.3306,17.0,90,36.0,54.0,272.2323049001815,0.0,0.0,0.0,0.0,0.0,0.0,0.0,0,0,1,1,0,0,1,KARNAPRAYAG,74.0,10,11.11111111111111,0.0,0.0,30.01325640705975,79.30929446263043,711.58325,1417.0,29.32508850097656,"Government Hospital, Mehalchauri",3.379,53.142,0,2,0.0,30.0,23,24.0,21.4
41895,Sare Gwar,Gairsain,2009,96.62,0.9662,61.0,351,163.0,188.0,363.2788242599876,19.65811965811966,0.0,0.0,0.0,0.0,0.0,0.0,1,0,0,0,0,0,1,KARNAPRAYAG,48.0,57,16.23931623931624,0.0,0.0,30.091851464147663,79.27383160259768,711.58325,1993.0,21.41177749633789,"SubCentre, Chorda",2.924,45.816,0,2,0.0,30.0,19,1.6,19.0
42016,Saring Gaon,Gairsain,2009,16.73,0.1673,45.0,201,91.0,110.0,1201.4345487148837,10.44776119402985,0.0,0.0,0.0,0.0,0.0,0.0,0,0,0,0,1,0,1,KARNAPRAYAG,72.0,32,15.92039800995025,0.0,2.1,29.99422423583459,79.40377540232716,1199.082,,42.76078796386719,"SubCentre, Maithan",4.172,53.83,0,2,0.0,30.0,45,1.6,17.5
41893,Sarkot,Gairsain,2009,329.71,3.2971,218.0,1236,568.0,668.0,374.8748900548968,24.676375404530745,0.0,0.0,0.0,0.0,0.0,0.0,1,0,0,0,0,0,1,KARNAPRAYAG,34.0,242,19.57928802588997,0.0,0.0,30.09253649383807,79.23408521428874,711.58325,2294.0,25.41725349426269,"SubCentre, Chorda",2.434,47.228,0,2,0.0,30.0,22,1.6,20.5
41982,Sarowar,Gairsain,2009,90.54,0.9054,15.0,61,21.0,40.0,67.3735365584272,0.0,0.0,0.0,0.0,0.0,0.0,0.0,0,0,0,0,0,0,1,KARNAPRAYAG,54.0,7,11.475409836065571,0.0,0.0,29.97804264525656,79.34027816339376,711.58325,,35.467262268066406,"Government Hospital, Mehalchauri",1.948,56.349,0,2,0.0,30.0,30,30.0,11.1
42033,Sera,Gairsain,2009,39.56,0.3956,51.0,228,105.0,123.0,576.3397371081901,0.0,0.0,0.0,0.0,0.0,0.0,0.0,1,0,0,0,0,0,1,KARNAPRAYAG,66.0,34,14.912280701754383,0.0,0.0,29.951120340268133,79.35790119933623,711.58325,,16.3857421875,"SubCentre, Latoogair",2.195,59.036,0,2,0.0,30.0,11,1.6,17.8
41909,Silakot,Gairsain,2009,101.37,1.0137,16.0,94,53.0,41.0,92.72960441945348,0.0,0.0,0.0,0.0,0.0,0.0,0.0,1,0,0,0,0,0,0,KARNAPRAYAG,56.0,21,22.34042553191489,0.0,0.0,30.031423123575458,79.22306929447288,711.58325,2035.0,21.5081844329834,"SubCentre, Rohira",6.293,53.853,0,2,0.0,30.0,17,1.0,6.4
41989,Silanga/Silangi,Gairsain,2009,489.27,4.8927,138.0,578,227.0,351.0,118.13518098391482,24.22145328719723,0.0,0.0,0.0,0.0,0.0,0.0,1,0,0,1,0,0,1,KARNAPRAYAG,56.0,83,14.359861591695502,0.0,1.5,29.976492928692885,79.30568867877975,711.58325,,24.948835372924805,"Government Hospital, Mehalchauri",1.792,57.186,0,2,0.0,30.0,19,30.0,26.3
41941,Silangi,Gairsain,2009,51.19,0.5119,99.0,411,212.0,199.0,802.8911896854854,3.40632603406326,0.0,0.0,0.0,1.0,0.0,1.0,1,0,0,1,1,1,1,KARNAPRAYAG,52.0,44,10.70559610705596,0.0,0.0,30.04112665352269,79.29350320073343,711.58325,1644.0,11.14664363861084,CHC Gairsain,1.457,50.554,0,2,0.0,30.0,9,32.0,34.6
41885,Silapata,Gairsain,2009,129.03,1.2903,77.0,368,160.0,208.0,285.204991087344,13.858695652173914,0.0,0.0,0.0,0.0,0.0,0.0,1,0,0,0,0,0,1,KARNAPRAYAG,27.0,75,20.38043478260869,0.0,7.7,30.12033369942645,79.23108011911297,711.58325,1917.0,23.12531852722168,"SubCentre, Chorda",2.276,44.584,0,2,0.0,30.0,21,1.6,29.7
41866,Simali Laga Nagali,Gairsain,2009,24.47,0.2447,10.0,48,22.0,26.0,196.1585615038823,16.666666666666664,0.0,0.0,0.0,0.0,0.0,0.0,1,0,0,0,0,0,1,KARNAPRAYAG,26.0,7,14.583333333333334,0.0,0.0,30.17340480748403,79.21579741050382,1495.1161,1184.0,19.67534828186035,"SubCentre, Kansuwa",1.037,40.202,0,2,0.0,30.0,35,2.0,26.5
41946,Siman Malla,Gairsain,2009,15.89,0.1589,4.0,19,8.0,11.0,119.57205789804908,0.0,0.0,0.0,0.0,0.0,0.0,0.0,1,0,0,0,0,0,1,KARNAPRAYAG,51.0,2,10.526315789473683,0.0,0.0,30.027077019853223,79.30052299121905,711.58325,1492.0,11.809632301330566,CHC Gairsain,3.149,51.87,0,2,0.0,30.0,9,24.0,15.7
41949,Siman Talla,Gairsain,2009,14.11,0.1411,9.0,32,17.0,15.0,226.7895109851169,0.0,0.0,0.0,0.0,0.0,0.0,0.0,1,0,0,0,0,0,1,KARNAPRAYAG,52.0,4,12.5,0.0,0.0,30.012416206913453,79.29993899641588,711.58325,1639.0,10.08547592163086,"Government Hospital, Mehalchauri",3.713,53.455,0,2,0.0,30.0,8,24.0,15.8
42008,Simliya Lagga Kunigar,Gairsain,2009,41.13,0.4113,37.0,180,69.0,111.0,437.636761487965,36.66666666666666,0.0,0.0,0.0,0.0,0.0,0.0,1,0,0,0,0,1,1,KARNAPRAYAG,81.0,29,16.11111111111111,0.0,0.0,29.94132242333032,79.312834225245,711.58325,,30.401094436645508,"SubCentre, Kunigad",1.262,60.845,0,2,0.0,30.0,22,2.0,22.3
41936,Sinatoli,Gairsain,2009,84.22,0.8422,21.0,92,44.0,48.0,109.2377107575398,21.73913043478261,0.0,0.0,0.0,0.0,0.0,0.0,1,0,0,0,0,0,1,KARNAPRAYAG,50.0,15,16.304347826086957,0.0,4.5,30.058689149145103,79.30416733311726,711.58325,2070.0,16.322511672973633,Jai Clinic,1.341,48.399,0,2,0.0,30.0,14,3.0,11.4
41889,Sirana,Gairsain,2009,313.78,3.1378,85.0,432,204.0,228.0,137.67607878131176,15.50925925925926,0.0,0.0,0.0,0.0,0.0,0.0,1,0,0,0,0,0,1,KARNAPRAYAG,35.0,63,14.583333333333334,0.0,0.0,30.1236630292452,79.26424515306675,711.58325,1954.0,39.29592514038086,"SubCentre, Malasi",0.833,42.891,0,2,0.0,30.0,40,2.0,14.8
41938,Soniyana,Gairsain,2009,36.88,0.3688,81.0,333,153.0,180.0,902.9284164859,0.0,0.0,0.0,0.0,0.0,0.0,0.0,1,0,0,1,1,1,1,KARNAPRAYAG,53.0,51,15.315315315315312,0.0,2.4,30.053382657547147,79.30050922673034,711.58325,1948.0,18.87505531311035,Jai Clinic,1.023,49.061,0,2,0.0,30.0,16,3.0,33.8
41886,Sugar,Gairsain,2009,252.45,2.5245,58.0,347,162.0,185.0,137.45296098237276,0.0,0.0,0.0,0.0,0.0,0.0,0.0,1,0,0,0,0,0,1,KARNAPRAYAG,23.0,67,19.30835734870317,0.0,0.0,30.128746169437264,79.2306069725747,1495.1161,1640.0,36.75242233276367,"SubCentre, Chorda",2.931,43.775,0,2,0.0,30.0,51,1.6,24.5
41948,Sumerpur,Gairsain,2009,64.31,0.6431,46.0,193,85.0,108.0,300.1088477686208,0.0,0.0,0.0,0.0,0.0,0.0,0.0,1,0,0,0,0,0,1,KARNAPRAYAG,57.0,23,11.917098445595856,0.0,0.0,30.01880833148752,79.30748662525967,711.58325,1369.0,20.923078536987305,"Government Hospital, Mehalchauri",4.018,52.587,0,2,0.0,30.0,16,24.0,17.4
41869,Syalkot,Gairsain,2009,55.04,0.5504,33.0,146,65.0,81.0,265.26162790697674,41.0958904109589,0.0,0.0,0.0,0.0,0.0,0.0,1,0,0,0,0,0,1,KARNAPRAYAG,25.0,12,8.21917808219178,0.0,0.0,30.15872010399251,79.22337772692502,1495.1161,1299.0,27.483577728271484,"SubCentre, Miroli",1.003,41.207,0,2,0.0,30.0,41,2.0,27.5
41981,Syuni Talli,Gairsain,2009,59.01,0.5901,62.0,268,95.0,173.0,454.1603118115574,0.0,0.0,0.0,0.0,0.0,0.0,0.0,1,0,0,0,0,0,1,KARNAPRAYAG,54.0,37,13.805970149253731,0.0,0.0,29.987706538384405,79.3451710810675,711.58325,,7.204864978790283,"Government Hospital, Mehalchauri",2.29,55.213,0,2,0.0,30.0,5,24.0,18.2
41974,Syunimalli,Gairsain,2009,53.66,0.5366,92.0,416,188.0,228.0,775.2515840477079,0.0,0.0,0.0,0.0,1.0,0.0,1.0,1,0,0,0,0,0,1,KARNAPRAYAG,70.0,62,14.903846153846152,0.0,0.0,30.017533501737947,79.33149041912316,711.58325,1770.0,23.728302001953125,"Government Hospital, Mehalchauri",3.761,52.207,0,2,0.0,30.0,19,26.0,19.7
42038,Taituna,Gairsain,2009,90.98,0.9098,90.0,511,247.0,264.0,561.6619037151022,9.784735812133071,0.0,0.0,0.0,0.0,0.0,0.0,1,0,0,1,1,1,1,KARNAPRAYAG,70.0,78,15.264187866927593,0.0,0.0,29.94944166543105,79.39667389766075,1199.082,,32.41825866699219,"SubCentre, Maithan",1.513,58.83,0,2,0.0,30.0,30,2.0,35.6
41859,Tal,Gairsain,2009,17.57,0.1757,11.0,62,40.0,22.0,352.8742174160501,12.903225806451612,0.0,0.0,0.0,0.0,0.0,0.0,0,0,0,1,1,1,1,KARNAPRAYAG,15.0,9,14.516129032258066,0.0,0.0,30.18081781408876,79.22511351076179,1495.1161,1450.0,36.22651290893555,"SubCentre, Kansuwa",2.215,39.028,0,2,0.0,30.0,53,1.6,57.6
41898,Tal Gaon,Gairsain,2009,43.49,0.4349,18.0,112,55.0,57.0,257.530466773971,0.0,0.0,0.0,0.0,0.0,0.0,0.0,1,0,0,0,1,1,1,KARNAPRAYAG,40.0,19,16.964285714285715,0.0,0.0,30.077278188755667,79.28515292744585,711.58325,1837.0,33.5583381652832,Jai Clinic,2.374,46.973,0,2,0.0,30.0,30,2.4,26.6
41984,Thala,Gairsain,2009,15.2,0.152,48.0,202,92.0,110.0,1328.9473684210527,4.455445544554455,0.0,0.0,0.0,0.0,0.0,0.0,0,0,0,0,0,0,1,KARNAPRAYAG,59.0,27,13.366336633663368,0.0,0.0,29.990955263593445,79.32966624973103,711.58325,,25.87483787536621,"Government Hospital, Mehalchauri",1.033,55.13,0,2,0.0,30.0,20,30.0,17.5
41864,Thapali,Gairsain,2009,17.31,0.1730999999999999,13.0,57,31.0,26.0,329.28942807625657,0.0,0.0,0.0,0.0,0.0,0.0,0.0,1,0,0,0,0,0,1,KARNAPRAYAG,19.0,4,7.017543859649122,0.0,0.0,30.166482406570168,79.22853794061321,1495.1161,1584.0,25.976354598999023,"SubCentre, Miroli",1.475,40.214,0,2,0.0,30.0,40,2.0,37.1
42005,Timil Gair,Gairsain,2009,18.5,0.185,9.0,37,13.0,24.0,200.0,0.0,0.0,0.0,0.0,0.0,0.0,0.0,1,0,0,0,0,0,1,KARNAPRAYAG,80.0,3,8.108108108108109,0.0,0.0,29.93223136427197,79.30732727458077,711.58325,,27.822959899902344,"SubCentre, Kunigad",2.348,61.94,0,2,0.0,30.0,20,1.6,15.9
42029,Tollyu Chak latugair,Gairsain,2009,18.22,0.1822,4.0,18,6.0,12.0,98.79253567508232,61.11111111111112,0.0,0.0,0.0,0.0,0.0,0.0,1,0,0,0,0,0,1,KARNAPRAYAG,60.0,1,5.555555555555555,0.0,0.0,29.961449233794088,79.37557012788317,1199.082,,54.50312805175781,"SubCentre, Latoogair",1.543,57.69,0,2,0.0,30.0,47,2.0,10.7
42049,Uttari Jhuma Khet,Gairsain,2009,86.98,0.8698,58.0,273,129.0,144.0,313.8652563807772,13.186813186813188,0.0,0.0,0.0,0.0,0.0,0.0,1,0,0,0,0,0,1,KARNAPRAYAG,73.0,39,14.285714285714285,0.0,0.0,29.949332521636737,79.43153681267553,1199.082,,23.24757575988769,"SubCentre, Kushrani Malli",1.106,58.692,0,2,0.0,30.0,21,2.0,18.2
41956,Wadiyari Laga Kwilakh,Gairsain,2009,34.94,0.3494,10.0,34,10.0,24.0,97.3096737263881,0.0,0.0,0.0,0.0,0.0,0.0,0.0,1,0,0,0,0,0,1,KARNAPRAYAG,61.0,3,8.823529411764707,0.0,0.0,30.00211248973696,79.25701360257855,711.58325,1961.0,17.779081344604492,"SubCentre, Rohira",1.985,55.735,0,2,0.0,30.0,13,2.0,15.8
41950,Wasi Sem Laga Lakheri,Gairsain,2009,68.46,0.6846,24.0,102,37.0,65.0,148.99211218229624,0.0,0.0,0.0,0.0,0.0,0.0,0.0,1,0,0,0,0,1,1,KARNAPRAYAG,57.0,19,18.62745098039216,0.0,0.0,30.01197567389511,79.2947011810365,711.58325,1649.0,20.46185111999512,"Government Hospital, Mehalchauri",3.981,53.632,0,2,0.0,30.0,16,24.0,21.5
41968,Wasisem Laga Akshawara,Gairsain,2009,43.92,0.4392,27.0,153,78.0,75.0,348.3606557377049,26.79738562091504,0.0,0.0,0.0,0.0,0.0,0.0,1,0,0,0,0,1,1,KARNAPRAYAG,72.0,20,13.071895424836605,0.0,0.0,29.9887690369771,79.28389247604524,711.58325,,34.19600296020508,"SubCentre, Rohira",2.409,56.389,0,2,0.0,30.0,28,1.6,22.0
40859,Aira,Joshimath ,2009,9.89,0.0989,5.0,21,11.0,10.0,212.3356926188069,0.0,0.0,0.0,0.0,0.0,0.0,0.0,0,1,0,0,0,0,1,JOSHIMATH,5.0,4,19.047619047619047,0.0,0.0,30.53011016673557,79.6213867026707,1425.8418,3074.0,36.23003387451172,"SubCentre, Topoban",4.401,15.965,0,2,0.0,30.0,56,1.6,53.2
40811,Arurhi Paturi,Joshimath ,2009,93.57,0.9357,132.0,609,307.0,302.0,650.8496312920809,7.060755336617405,19.376026272578,0.0,0.0,0.0,1.0,1.0,1,1,1,1,1,0,1,JOSHIMATH,25.0,93,15.270935960591132,0.0,8.4,30.66670560378584,79.52491236150496,1567.8506,2612.0,51.32213973999024,"SubCentre, Pandukeshwar",4.18,20.048,0,2,0.0,30.0,79,31.6,32.1
40826,Auli Laga Joshimath,Joshimath ,2009,133.3,1.3330000000000002,36.0,299,254.0,45.0,224.30607651912976,22.073578595317723,7.6923076923076925,0.0,0.0,0.0,0.0,0.0,1,1,0,0,0,0,1,JOSHIMATH,15.0,16,5.351170568561873,,,30.538302261139485,79.55177021699593,1425.8418,2754.0,23.774986267089844,CHC Joshimath,3.264,10.157,0,2,0.0,30.0,44,24.0,45.0
40827,Auli Laga Salud Dugra,Joshimath ,2009,48.47,0.4846999999999999,1.0,2,2.0,0.0,4.126263668248401,0.0,0.0,0.0,0.0,0.0,0.0,0.0,1,1,0,0,1,0,1,JOSHIMATH,18.0,0,0.0,,,30.510869055319223,79.56767083277833,1425.8418,3284.0,2.1412813663482666,"SubCentre, Saluddungra",4.486,10.443,0,2,0.0,30.0,29,1.6,31.5
40887,Bampa,Joshimath ,2009,557.3,5.573,60.0,192,85.0,107.0,34.451821281177104,0.0,99.47916666666666,0.0,0.0,0.0,0.0,0.0,1,1,0,1,0,1,1,JOSHIMATH,80.0,17,8.854166666666668,3.1,0.0,30.74973036024275,79.81396823706055,2084.3225,4086.0,35.40143585205078,"SubCentre, Malari",10.241,44.336,0,2,0.0,30.0,61,0.5,12.4
40864,Bara gaon,Joshimath ,2009,251.74,2.5174000000000003,195.0,792,394.0,398.0,314.6103122269008,22.727272727272727,1.7676767676767675,0.0,0.0,0.0,0.0,0.0,1,1,0,0,0,0,1,JOSHIMATH,10.0,84,10.606060606060606,0.0,17.1,30.503732880154303,79.58843723514505,1425.8418,3098.0,25.572858810424805,"SubCentre, Topoban",3.958,12.279,0,2,0.0,30.0,45,1.6,55.4
40852,Bhalgaon,Joshimath ,2009,46.91,0.4690999999999999,42.0,167,76.0,91.0,356.0008526966532,0.0,0.5988023952095809,0.0,0.0,0.0,0.0,0.0,1,1,0,0,0,0,1,JOSHIMATH,31.0,28,16.766467065868262,0.0,0.0,30.57481113185468,79.70648894816532,2444.1875,4331.0,23.27646446228028,"SubCentre, Suraitota",5.938,25.3,0,2,0.0,30.0,58,1.0,7.2
40875,Bhangyul,Joshimath ,2009,1887.88,18.8788,48.0,241,124.0,117.0,12.76564188401805,10.37344398340249,0.0,0.0,0.0,0.0,0.0,0.0,0,1,0,0,0,0,1,JOSHIMATH,18.0,28,11.618257261410788,0.0,2.0,30.510044628030908,79.65201599745289,2444.1875,2939.0,32.69123458862305,"SubCentre, Topoban",3.216,18.42,0,2,0.0,30.0,70,1.6,33.9
40818,Bharkichak-Urgam,Joshimath ,2009,148.39,1.4838999999999998,26.0,133,72.0,61.0,89.62868117797697,0.0,0.0,0.0,0.0,0.0,0.0,0.0,0,1,0,0,0,0,1,JOSHIMATH,25.0,14,10.526315789473683,3.8,0.0,30.560641832878314,79.45231318939794,1425.8418,2898.0,31.616039276123047,"SubCentre, Urgam",2.227,6.961,0,2,0.0,30.0,51,1.6,22.3
40819,Bheta Chak Urgam,Joshimath ,2009,178.87,1.7887,67.0,346,183.0,163.0,193.43657404819143,4.624277456647398,0.0,0.0,0.0,1.0,0.0,1.0,1,1,0,0,0,0,1,JOSHIMATH,20.0,45,13.005780346820808,0.0,0.0,30.54511640033637,79.49864594224445,1425.8418,2105.0,52.15141296386719,"SubCentre, Urgam",4.15,6.917,0,2,0.0,30.0,69,3.6,30.0
40812,Bhyudar,Joshimath ,2009,30.15,0.3015,11.0,61,33.0,28.0,202.3217247097844,0.0,0.0,0.0,0.0,0.0,0.0,0.0,1,1,0,0,0,1,1,JOSHIMATH,29.0,7,11.475409836065571,0.0,0.0,30.6715542191554,79.57593952425742,1567.8506,3527.0,51.4921989440918,"SubCentre, Pandukeshwar",5.015,22.712,0,2,0.0,30.0,78,1.0,16.6
40871,Bilagar,Joshimath ,2009,9.24,0.0924,26.0,97,46.0,51.0,1049.78354978355,0.0,0.0,0.0,0.0,0.0,0.0,0.0,0,1,0,0,0,0,1,JOSHIMATH,15.0,8,8.24742268041237,0.0,12.0,30.49022591704861,79.60932407824463,1425.8418,2316.0,59.38581466674805,"SubCentre, Topoban",1.689,14.196,0,2,0.0,30.0,68,2.0,38.0
40816,Chaien,Joshimath ,2009,190.68,1.9068,118.0,516,276.0,240.0,270.6104468219005,31.2015503875969,0.0,0.0,0.0,1.0,0.0,1.0,1,1,1,0,0,0,1,JOSHIMATH,13.0,88,17.05426356589147,0.0,6.6,30.56897072235073,79.54133683773092,1425.8418,1719.0,29.46971702575684,CHC Joshimath,1.172,11.534,0,2,0.0,30.0,48,32.0,52.2
40872,Chamtoli,Joshimath ,2009,12.0,0.12,25.0,122,77.0,45.0,1016.6666666666669,0.819672131147541,0.0,0.0,0.0,0.0,0.0,0.0,0,1,0,0,0,0,1,JOSHIMATH,13.0,9,7.377049180327869,0.0,0.0,30.49978283372061,79.61834801231943,1425.8418,1883.0,25.59833335876465,"SubCentre, Topoban",1.292,15.098,0,2,0.0,30.0,44,2.0,48.2
40847,Darmi,Joshimath ,2009,95.03,0.9503,19.0,95,51.0,44.0,99.9684310217826,14.736842105263156,0.0,0.0,0.0,0.0,0.0,0.0,1,1,0,0,0,0,1,JOSHIMATH,28.0,15,15.789473684210526,0.0,0.0,30.4563562330952,79.50114059887413,1425.8418,2017.0,17.1218204498291,"SubCentre, Ganai",1.85,5.207,0,2,0.0,30.0,39,2.0,21.9
40866,Dhak,Joshimath ,2009,126.46,1.2646,99.0,422,215.0,207.0,333.70235647635616,48.34123222748815,0.0,0.0,0.0,0.0,0.0,0.0,0,1,0,0,0,0,1,JOSHIMATH,12.0,69,16.350710900473935,0.0,3.0,30.506742350700595,79.604623282036,1425.8418,2279.0,24.96253776550293,"SubCentre, Topoban",2.775,13.861,0,2,0.0,30.0,44,1.6,46.2
40902,Dronagiri,Joshimath ,2009,10637.04,106.3704,31.0,92,47.0,45.0,0.864902266043937,0.0,100.0,0.0,0.0,1.0,0.0,1.0,1,1,1,0,0,0,1,JOSHIMATH,66.0,5,5.434782608695652,0.0,0.0,30.58771402607123,79.86143128592153,2444.1875,3950.0,24.651784896850582,"SubCentre, Dronagiri",1.407,39.859,0,2,0.0,30.0,52,4.0,6.4
40829,Dumak,Joshimath ,2009,228.11,2.2811000000000003,68.0,311,151.0,160.0,136.33773179606328,0.0,0.0,0.0,0.0,1.0,0.0,1.0,1,1,0,0,0,0,1,GOPESHWAR,32.0,41,13.183279742765272,0.0,3.1,30.51963361883869,79.3788805047031,1425.8418,3116.0,36.24349594116211,"SubCentre, Dhumak",1.384,6.694,0,2,0.0,30.0,57,4.0,3.6
40838,Dwing,Joshimath ,2009,85.26,0.8526,30.0,127,62.0,65.0,148.95613417780905,0.0,0.0,0.0,0.0,0.0,1.0,1.0,1,1,0,0,1,1,1,JOSHIMATH,23.0,17,13.385826771653544,0.0,3.2,30.48599409054201,79.46505067401681,1425.8418,1264.0,49.51821899414063,"SubCentre, Tirosi",1.032,0.456,3,2,0.0,30.0,80,32.0,23.3
40903,F-1,Joshimath ,2009,1.5,0.015,2.0,2,2.0,0.0,133.33333333333334,0.0,0.0,0.0,0.0,0.0,0.0,0.0,0,0,0,0,0,0,1,JOSHIMATH,31.0,0,0.0,,,30.556043726980263,79.60422931500042,1425.8418,2869.0,46.03223037719727,CHC Joshimath,5.027,15.506,0,2,0.0,30.0,68,15.0,5.5
40895,Farkiagaon,Joshimath ,2009,866.64,8.6664,41.0,197,108.0,89.0,22.731468660574173,0.0,100.0,0.0,0.0,0.0,0.0,0.0,1,1,0,1,1,1,1,GOPESHWAR,75.0,21,10.65989847715736,0.0,0.0,30.72299118011279,79.78451396977164,2084.3225,4173.0,46.770957946777344,"SubCentre, Malari",10.903,40.274,0,2,0.0,30.0,76,0.5,17.5
40874,Gahar,Joshimath ,2009,245.97,2.4597,11.0,50,28.0,22.0,20.32768223767126,0.0,0.0,0.0,0.0,0.0,0.0,0.0,0,1,0,0,0,0,1,JOSHIMATH,19.0,8,16.0,0.0,9.1,30.516201081365363,79.63705723585923,2444.1875,3370.0,25.59274673461914,"SubCentre, Topoban",2.984,17.095,0,2,0.0,30.0,63,1.6,27.0
40888,Gamsali,Joshimath ,2009,447.78,4.477799999999999,108.0,383,182.0,201.0,85.53307427754702,0.0,94.51697127937337,0.0,0.0,0.0,0.0,0.0,0,1,0,0,0,0,1,JOSHIMATH,85.0,20,5.221932114882506,0.0,1.1,30.771952869813067,79.81467699266987,2084.3225,4530.0,51.07464599609375,"SubCentre, Malari",12.084,46.006,0,2,0.0,30.0,73,0.5,4.3
40851,Ganai,Joshimath ,2009,213.77,2.1377,107.0,450,240.0,210.0,210.5066192636946,19.11111111111111,0.2222222222222222,0.0,0.0,1.0,0.0,1.0,1,1,0,0,0,0,1,JOSHIMATH,22.0,56,12.444444444444445,0.0,1.8,30.457847427987108,79.53968142431668,1425.8418,2815.0,23.20695686340332,"SubCentre, Ganai",3.98,8.259,0,2,0.0,30.0,43,3.6,25.5
40901,Garpak,Joshimath ,2009,59.31,0.5931000000000001,11.0,66,40.0,26.0,111.2797167425392,0.0,100.0,0.0,0.0,0.0,0.0,0.0,1,1,0,0,0,0,1,JOSHIMATH,66.0,2,3.0303030303030303,81.8,0.0,30.64161722129404,79.85672011920879,2084.3225,4338.0,32.08119201660156,"SubCentre, Dronagiri",4.898,41.446,0,2,0.0,30.0,58,1.6,6.2
40825,Gaunkh Laga Sailang,Joshimath ,2009,32.8,0.3279999999999999,8.0,15,10.0,5.0,45.73170731707317,0.0,0.0,0.0,0.0,0.0,0.0,0.0,0,1,1,0,0,0,1,JOSHIMATH,3.0,2,13.333333333333334,0.0,0.0,30.54784320898849,79.54116573164018,1425.8418,2133.0,26.797252655029297,CHC Joshimath,2.495,9.932,0,2,0.0,30.0,46,24.0,63.2
40840,Gulabkoti,Joshimath ,2009,147.18,1.4718,81.0,356,179.0,177.0,241.8806903111836,49.43820224719101,0.0,0.0,0.0,0.0,0.0,0.0,0,1,0,0,1,1,1,JOSHIMATH,18.0,48,13.48314606741573,0.0,7.7,30.50550461932669,79.4997206046129,1425.8418,2093.0,44.84908676147461,"SubCentre, Saluddungra",2.116,4.031,3,2,0.0,30.0,79,1.6,31.1
40890,Gurguti,Joshimath ,2009,16.91,0.1691,101.0,250,147.0,103.0,1478.415138971023,1.2,10.8,0.0,0.0,0.0,0.0,0.0,0,1,0,0,0,0,1,JOSHIMATH,90.0,54,21.6,0.0,0.0,30.77487252822192,79.87661067024877,2529.5007,4393.0,42.28868103027344,"SubCentre, Malari",10.155,50.753,0,2,0.0,30.0,68,0.5,3.0
40822,Hailang,Joshimath ,2009,122.79,1.2279,121.0,528,307.0,221.0,430.0024431957,53.40909090909091,0.0,0.0,0.0,0.0,0.0,0.0,1,1,0,0,1,1,1,JOSHIMATH,13.0,70,13.257575757575758,0.0,1.6,30.51500847771976,79.50786033033775,1425.8418,1793.0,22.031965255737305,"SubCentre, Saluddungra",1.318,5.215,0,2,0.0,30.0,43,2.0,62.3
40833,Jakhola,Joshimath ,2009,185.97,1.8597,40.0,201,96.0,105.0,108.08194870140346,0.0,0.0,0.0,0.0,0.0,0.0,0.0,0,1,0,0,0,0,1,JOSHIMATH,32.0,27,13.432835820895525,0.0,2.5,30.508108739319347,79.45902384310627,1425.8418,2414.0,39.7671127319336,"SubCentre, Kimana",1.307,1.407,3,2,0.0,30.0,73,2.0,0
40897,Jalam,Joshimath ,2009,6174.68,61.7468,81.0,224,120.0,104.0,3.627718359493933,0.0,99.55357142857144,0.0,0.0,0.0,0.0,0.0,1,1,0,1,0,1,1,JOSHIMATH,65.0,17,7.5892857142857135,0.0,0.0,30.64068727755709,79.7725559475783,2084.3225,3759.0,40.43790435791016,"SubCentre, Dronagiri",10.303,34.168,0,2,0.0,30.0,73,0.5,12.7
40844,Jalgwar,Joshimath ,2009,140.57,1.4057,77.0,360,185.0,175.0,256.100163619549,46.11111111111112,18.88888888888889,0.0,0.0,0.0,0.0,0.0,1,1,0,0,0,1,1,JOSHIMATH,25.0,62,17.22222222222222,0.0,0.0,30.465556270335977,79.46199443553107,1425.8418,1714.0,26.38127899169922,"SubCentre, Tirosi",1.26,2.306,3,2,0.0,30.0,57,2.0,25.6
40879,Jugaju chak lata,Joshimath ,2009,20.04,0.2004,10.0,36,18.0,18.0,179.64071856287427,0.0,100.0,0.0,0.0,0.0,0.0,0.0,0,1,0,0,0,0,1,JOSHIMATH,26.0,3,8.333333333333332,0.0,0.0,30.498118606229344,79.69731874497252,2444.1875,2637.0,67.15180206298828,"SubCentre, Lata",1.425,22.659,0,2,0.0,30.0,85,2.0,16.4
40898,Jumma,Joshimath ,2009,1863.7,18.637,62.0,78,63.0,15.0,4.185222943606804,1.282051282051282,37.17948717948718,0.0,0.0,0.0,0.0,0.0,1,1,0,1,1,1,1,JOSHIMATH,55.0,1,1.282051282051282,0.0,0.0,30.61244378702084,79.78900103236602,2444.1875,3511.0,20.58991241455078,"SubCentre, Dronagiri",7.767,34.205,0,2,0.0,30.0,52,1.0,21.3
40878,Juwagwar,Joshimath ,2009,962.4,9.624,16.0,59,27.0,32.0,6.1305070656691605,0.0,100.0,0.0,0.0,0.0,0.0,0.0,0,1,0,0,0,0,1,JOSHIMATH,26.0,9,15.254237288135592,0.0,0.0,30.503442975087548,79.67016427993674,2444.1875,2985.0,61.26910781860352,"SubCentre, Lata",4.069,20.087,0,2,0.0,30.0,86,1.6,16.6
40900,Kaga Laga Dronagiri,Joshimath ,2009,633.01,6.3301,26.0,97,47.0,50.0,15.323612581159855,0.0,100.0,0.0,0.0,0.0,0.0,0.0,1,1,0,0,0,0,1,JOSHIMATH,62.0,2,2.061855670103093,86.4,0.0,30.606700974007737,79.82379880912269,2444.1875,3420.0,41.70449447631836,"SubCentre, Dronagiri",4.376,37.07,0,2,0.0,30.0,73,1.6,1.5
40893,Kailashpur,Joshimath ,2009,25061.47,250.6147,35.0,158,80.0,78.0,0.6304498499090436,0.0,100.0,0.0,0.0,0.0,0.0,0.0,0,1,0,0,0,0,1,JOSHIMATH,70.0,15,9.49367088607595,0.0,0.0,30.70570811193141,79.8659490137823,2084.3225,2961.0,32.88653945922852,"SubCentre, Malari",3.269,45.531,0,2,0.0,30.0,57,1.6,12.1
40830,Kalgoth,Joshimath ,2009,325.24,3.2524,70.0,355,176.0,179.0,109.15016603123848,0.0,0.5633802816901409,0.0,0.0,0.0,0.0,0.0,0,1,1,0,0,0,1,JOSHIMATH,50.0,57,16.056338028169016,0.0,11.4,30.52020169022344,79.41433053177592,1425.8418,2725.0,34.38278579711914,"SubCentre, Dhumak",3.243,3.825,3,2,0.0,30.0,65,1.6,5.1
40876,Karachhon,Joshimath ,2009,152.01,1.5201,83.0,429,212.0,217.0,282.21827511347936,3.962703962703962,16.083916083916083,0.0,0.0,0.0,0.0,0.0,1,1,0,0,0,0,1,JOSHIMATH,18.0,65,15.151515151515152,0.0,4.8,30.47837460460736,79.62735161926969,2444.1875,2517.0,38.46706008911133,"SubCentre, Topoban",1.385,15.969,0,2,0.0,30.0,78,2.0,30.8
40870,Karchi,Joshimath ,2009,68.03,0.6803,68.0,328,158.0,170.0,482.1402322504777,21.341463414634145,0.0,0.0,0.0,0.0,0.0,0.0,0,1,0,0,0,0,1,JOSHIMATH,15.0,50,15.24390243902439,0.0,11.8,30.48059485458059,79.61518915638817,1425.8418,2260.0,28.598464965820312,"SubCentre, Topoban",1.6,14.787,0,2,0.0,30.0,47,2.0,45.3
40862,Khancha malla,Joshimath ,2009,34.77,0.3477,3.0,12,6.0,6.0,34.51251078515962,0.0,0.0,0.0,0.0,0.0,0.0,0.0,1,1,0,0,0,0,1,JOSHIMATH,3.0,0,0.0,0.0,0.0,30.532110663398644,79.5944508093925,1425.8418,2120.0,44.8609619140625,"SubCentre, Topoban",5.546,13.572,0,2,0.0,30.0,68,1.0,58.1
40861,Khancha talla,Joshimath ,2009,65.11,0.6511,2.0,13,6.0,7.0,19.966211027491937,0.0,0.0,0.0,0.0,0.0,0.0,0.0,1,1,0,0,0,0,1,JOSHIMATH,3.0,0,0.0,0.0,0.0,30.51971933500546,79.5866716894699,1425.8418,2644.0,24.781423568725582,"SubCentre, Topoban",5.02,12.448,0,2,0.0,30.0,44,1.0,63.1
40809,Khiron,Joshimath ,2009,14581.4,145.814,30.0,90,47.0,43.0,0.6172246835008984,0.0,94.44444444444444,0.0,0.0,0.0,0.0,0.0,0,1,0,0,0,0,1,JOSHIMATH,33.0,9,10.0,0.0,0.0,30.67127712694561,79.40911071043945,1567.8506,4824.0,33.201229095458984,"SubCentre, Pandukeshwar",13.795,19.543,0,2,0.0,30.0,63,0.5,6.4
40834,Kimana,Joshimath ,2009,219.85,2.1985,100.0,450,227.0,223.0,204.68501250852853,0.0,0.0,0.0,0.0,1.0,0.0,1.0,0,1,0,0,0,0,1,JOSHIMATH,32.0,53,11.777777777777777,0.0,6.1,30.499545743862463,79.45487657815545,1425.8418,2359.0,25.92288398742676,"SubCentre, Kimana",0.317,0.444,3,2,0.0,30.0,56,4.0,6.0
40896,Kosa,Joshimath ,2009,824.03,8.2403,71.0,302,153.0,149.0,36.64915112313872,0.0,66.88741721854305,0.0,0.0,0.0,0.0,0.0,0,1,0,0,0,0,1,JOSHIMATH,50.0,41,13.57615894039735,0.0,0.0,30.681585864837253,79.80564835342528,2084.3225,4496.0,32.25852966308594,"SubCentre, Malari",7.999,39.216,0,2,0.0,30.0,59,1.0,8.5
40867,Kundikhola,Joshimath ,2009,182.97,1.8297,42.0,180,88.0,92.0,98.37678307919332,4.444444444444445,0.0,0.0,0.0,0.0,0.0,0.0,0,1,0,0,0,0,1,JOSHIMATH,12.0,16,8.88888888888889,0.0,0.0,30.486491270254795,79.59202800467057,1425.8418,2839.0,29.77539253234864,"SubCentre, Topoban",3.379,12.538,0,2,0.0,30.0,48,1.6,43.8
40858,Kuraipani,Joshimath ,2009,40.22,0.4022,8.0,28,17.0,11.0,69.617105917454,0.0,0.0,0.0,0.0,0.0,0.0,0.0,0,1,0,0,0,0,1,JOSHIMATH,12.0,2,7.142857142857142,100.0,0.0,30.531037482003583,79.6595833980196,2444.1875,3994.0,48.91613006591797,"SubCentre, Topoban",5.457,19.539,0,2,0.0,30.0,86,1.0,32.3
40841,Langsi,Joshimath ,2009,131.24,1.3124,102.0,395,218.0,177.0,300.9753124047546,16.70886075949367,2.0253164556962027,0.0,0.0,1.0,0.0,1.0,0,1,0,1,0,1,1,JOSHIMATH,18.0,48,12.151898734177214,0.0,10.2,30.49140789189444,79.49057153859071,1425.8418,1781.0,46.19669723510742,"SubCentre, Langsi",1.12,2.8,3,2,0.0,30.0,79,4.0,36.5
40836,Lanji,Joshimath ,2009,131.24,1.3124,27.0,171,85.0,86.0,130.29564157269124,0.0,0.0,0.0,0.0,0.0,0.0,0.0,1,1,0,0,0,0,1,JOSHIMATH,24.0,24,14.035087719298245,0.0,0.0,30.48019405954488,79.44522395343256,1425.8418,1688.0,26.63874626159668,"SubCentre, Tirosi",1.832,0.216,3,2,0.0,30.0,57,2.0,18.7
40880,Lata,Joshimath ,2009,195.72,1.9572,84.0,305,145.0,160.0,155.83486613529533,0.3278688524590163,99.01639344262296,0.0,0.0,1.0,0.0,1.0,0,1,0,0,0,0,1,JOSHIMATH,30.0,34,11.147540983606556,0.0,9.3,30.484065293467324,79.7437799322399,2444.1875,3604.0,40.81684494018555,"SubCentre, Lata",3.409,27.107,0,2,0.0,30.0,77,3.6,14.1
40853,Longsagari,Joshimath ,2009,167.54,1.6754,27.0,100,56.0,44.0,59.68723886832995,0.0,87.0,0.0,0.0,0.0,0.0,0.0,1,1,0,0,0,0,1,JOSHIMATH,35.0,13,13.0,0.0,0.0,30.57097989077744,79.8030148224582,2444.1875,3452.0,73.90379333496094,"SubCentre, Dronagiri",6.996,33.966,0,2,0.0,30.0,79,1.0,1.5
40820,Lyari Thana,Joshimath ,2009,104.67,1.0467,55.0,237,130.0,107.0,226.4259100028661,5.485232067510549,0.8438818565400843,0.0,0.0,0.0,0.0,0.0,0,1,0,0,0,1,1,JOSHIMATH,27.0,29,12.236286919831224,0.0,0.0,30.52744184850896,79.47149957165904,1425.8418,2098.0,24.021404266357425,"SubCentre, Urgam",2.128,3.859,3,2,0.0,30.0,55,1.6,19.4
40891,Mahargaon,Joshimath ,2009,673.77,6.7377,43.0,269,139.0,130.0,39.92460335129199,0.0,100.0,0.0,0.0,0.0,0.0,0.0,1,1,0,1,0,0,1,JOSHIMATH,70.0,22,8.178438661710038,0.0,19.0,30.732027350017223,79.87836862603594,2529.5007,4157.0,38.16706848144531,"SubCentre, Malari",5.42,48.104,0,2,0.0,30.0,63,1.0,8.2
40892,Malari,Joshimath ,2009,10073.45,100.7345,1076.0,1933,1427.0,506.0,19.189056380882416,3.828246249353337,47.128815312985,0.0,0.0,0.0,0.0,0.0,1,1,1,1,0,0,1,JOSHIMATH,75.0,125,6.466632177961717,0.0,0.0,30.692270992406726,79.89915186992141,2529.5007,3543.0,48.32848739624024,"SubCentre, Malari",1.306,47.556,0,2,0.0,30.0,73,2.0,15.5
40808,Mana,Joshimath ,2009,88977.82,889.7782000000001,558.0,1214,731.0,483.0,1.3643849669501904,6.425041186161449,70.59308072487644,0.0,0.0,0.0,0.0,0.0,1,1,0,1,1,1,1,BADRINATH,3.0,77,6.342668863261944,0.4,0.0,30.75803418103996,79.49865980005383,1567.8506,3121.0,6.029731273651123,"SubCentre, Pandukeshwar",14.524,29.233,0,2,0.0,30.0,36,0.5,83.0
40846,Marwadi Chak Pakhi,Joshimath ,2009,9.76,0.0975999999999999,31.0,157,109.0,48.0,1608.6065573770493,15.286624203821656,1.2738853503184715,0.0,0.0,0.0,0.0,0.0,1,0,0,1,0,0,1,JOSHIMATH,31.0,16,10.191082802547772,,,30.45088295045858,79.47124450775532,1425.8418,2502.0,36.98665237426758,"SubCentre, Tirosi",2.962,4.14,2,2,0.0,30.0,67,1.6,6.1
40863,Merag,Joshimath ,2009,86.06,0.8606,100.0,451,231.0,220.0,524.0529862886358,16.62971175166297,29.490022172949004,0.0,0.0,0.0,0.0,0.0,0,1,0,0,0,1,1,JOSHIMATH,6.0,67,14.855875831485587,0.0,0.0,30.516988180054128,79.60632927549646,1425.8418,2032.0,41.41670227050781,"SubCentre, Topoban",3.516,14.213,0,2,0.0,30.0,63,1.6,57.0
40850,Molta,Joshimath ,2009,380.62,3.8062,92.0,442,222.0,220.0,116.12632021438704,2.7149321266968327,0.0,0.0,0.0,0.0,0.0,0.0,0,1,0,0,0,0,1,JOSHIMATH,33.0,66,14.93212669683258,0.0,7.6,30.479338632090183,79.53882269709419,1425.8418,2843.0,55.37022018432617,"SubCentre, Ganai",3.595,7.502,0,2,0.0,30.0,69,1.6,9.9
40883,Morana Chak Subhai,Joshimath ,2009,59.25,0.5925,5.0,23,11.0,12.0,38.81856540084388,0.0,100.0,0.0,0.0,0.0,0.0,0.0,1,1,0,0,0,0,1,JOSHIMATH,23.0,3,13.043478260869565,0.0,0.0,30.451618561109285,79.7049245659796,2444.1875,3378.0,25.73947525024414,"SubCentre, Lata",5.224,23.737,0,2,0.0,30.0,61,1.0,16.2
40889,Niti,Joshimath ,2009,47545.57,475.4557,29.0,47,22.0,25.0,0.0988525324231048,0.0,97.87234042553192,0.0,0.0,0.0,0.0,0.0,1,1,0,1,1,1,1,JOSHIMATH,80.0,1,2.127659574468085,0.0,0.0,30.78412725256437,79.84745877204773,2084.3225,4049.0,40.73093795776367,"SubCentre, Malari",11.808,49.249,0,2,0.0,30.0,66,0.5,16.0
40848,Noligwar,Joshimath ,2009,118.03,1.1803,25.0,112,54.0,58.0,94.891129373888,77.67857142857143,0.0,0.0,0.0,0.0,0.0,0.0,1,1,0,0,0,0,1,JOSHIMATH,28.0,17,15.178571428571429,0.0,8.0,30.477384318793675,79.51164374486179,1425.8418,1749.0,56.898284912109375,"SubCentre, Ganai",1.042,4.983,1,2,0.0,30.0,74,2.0,19.1
40849,Pagnau,Joshimath ,2009,165.48,1.6547999999999998,94.0,390,188.0,202.0,235.67802755620016,21.025641025641026,0.2564102564102564,0.0,0.0,0.0,0.0,0.0,0,1,0,0,0,0,1,JOSHIMATH,25.0,53,13.58974358974359,0.0,0.0,30.495747880016403,79.5189188412855,1425.8418,2659.0,19.623241424560547,"SubCentre, Saluddungra",1.714,5.549,0,2,0.0,30.0,41,2.0,24.9
40855,Pagrasu,Joshimath ,2009,15.78,0.1578,20.0,56,27.0,29.0,354.87959442332067,0.0,94.64285714285714,0.0,0.0,0.0,0.0,0.0,1,1,0,0,0,0,1,JOSHIMATH,34.0,0,0.0,0.0,0.0,30.538406293167466,79.7741870190516,2444.1875,3991.0,39.805362701416016,"SubCentre, Suraitota",3.172,30.48,0,2,0.0,30.0,74,1.6,1.1
40823,Paini,Joshimath ,2009,270.05,2.7005,153.0,664,369.0,295.0,245.8803925199037,6.325301204819277,12.048192771084338,0.0,0.0,0.0,0.0,0.0,0,1,0,1,1,1,1,JOSHIMATH,7.0,87,13.102409638554215,2.9,6.3,30.52685795226281,79.52971880010239,1425.8418,1791.0,26.71257400512696,"SubCentre, Saluddungra",1.951,7.69,0,2,0.0,30.0,46,2.0,79.1
40845,Pakhi,Joshimath ,2009,259.2,2.592,96.0,365,184.0,181.0,140.8179012345679,14.52054794520548,0.547945205479452,0.0,0.0,0.0,0.0,0.0,1,1,0,1,0,0,1,JOSHIMATH,30.0,46,12.602739726027398,0.0,0.0,30.457925157919288,79.44596331822373,1425.8418,1494.0,20.769073486328125,"SubCentre, Tirosi",2.711,2.349,3,2,0.0,30.0,52,1.6,25.6
40832,Palla,Joshimath ,2009,252.88,2.5288,72.0,369,180.0,189.0,145.91901297057893,41.19241192411924,0.0,0.0,0.0,0.0,0.0,0.0,0,1,0,0,0,0,1,JOSHIMATH,35.0,57,15.447154471544716,0.0,0.0,30.51475144107758,79.47226806084565,1425.8418,2332.0,33.1843147277832,"SubCentre, Langsi",2.602,2.735,3,2,0.0,30.0,64,1.6,5.2
40813,Pandukaswar,Joshimath ,2009,210.31,2.1031,312.0,1396,711.0,685.0,663.7820360420332,15.544412607449855,6.948424068767908,0.0,0.0,1.0,0.0,1.0,1,1,0,0,0,1,1,JOSHIMATH,23.0,138,9.88538681948424,0.0,0.6,30.63592218096684,79.53822835506801,1567.8506,2167.0,46.27008056640625,"SubCentre, Pandukeshwar",0.835,17.477,0,2,0.0,30.0,79,4.0,31.0
40882,Pang Chak Lata,Joshimath ,2009,42.68,0.4268,32.0,125,52.0,73.0,292.8772258669166,0.0,100.0,0.0,0.0,0.0,0.0,0.0,1,1,0,0,0,0,1,JOSHIMATH,23.0,17,13.6,0.0,0.0,30.4615441500476,79.73314696380737,2444.1875,2528.0,26.55104255676269,"SubCentre, Lata",4.542,26.259,0,2,0.0,30.0,60,1.6,22.2
40865,Payya chormi,Joshimath ,2009,90.28,0.9028,30.0,134,67.0,67.0,148.4271156402304,0.0,0.0,0.0,0.0,0.0,0.0,0.0,0,1,0,0,0,0,1,JOSHIMATH,10.0,16,11.940298507462686,6.7,0.0,30.5112626189131,79.5988461865997,1425.8418,2482.0,29.72172737121582,"SubCentre, Topoban",3.522,13.388,0,2,0.0,30.0,48,1.6,53.8
40835,Pokhani Urf Pokhari,Joshimath ,2009,352.28,3.5228,54.0,245,117.0,128.0,69.5469512887476,4.8979591836734695,0.0,0.0,0.0,0.0,0.0,0.0,1,1,0,0,0,0,1,JOSHIMATH,35.0,32,13.06122448979592,0.0,0.0,30.47968058302888,79.42897467923879,1425.8418,2093.0,36.438018798828125,"SubCentre, Kimana",3.009,1.187,3,2,0.0,30.0,68,1.6,0
40814,Pulana Chak Bhyudar,Joshimath ,2009,53.72,0.5372,55.0,285,135.0,150.0,530.5286671630678,0.0,0.0,0.0,0.0,0.0,0.0,0.0,1,1,0,0,0,0,1,JOSHIMATH,26.0,37,12.982456140350877,0.0,2.2,30.62996161979615,79.5742901135252,1567.8506,2455.0,49.68893814086914,"SubCentre, Pandukeshwar",2.68,18.779,0,2,0.0,30.0,79,1.6,18.9
40869,Raigari,Joshimath ,2009,22.26,0.2226,24.0,97,48.0,49.0,435.759209344115,36.08247422680412,0.0,0.0,0.0,0.0,0.0,0.0,0,1,0,0,0,0,1,JOSHIMATH,15.0,19,19.587628865979383,4.3,4.3,30.44555489491737,79.62135929972446,1425.8418,3285.0,22.010528564453125,"SubCentre, Topoban",5.062,16.086,0,2,0.0,30.0,41,1.0,38.0
40881,Raini Chak Lata,Joshimath ,2009,57.31,0.5731,48.0,145,106.0,39.0,253.00994590821844,2.7586206896551726,48.27586206896552,0.0,0.0,0.0,0.0,0.0,0,1,0,0,0,1,1,JOSHIMATH,24.0,10,6.896551724137931,0.0,1.5,30.483993935628884,79.70189647512413,2444.1875,2604.0,64.4452896118164,"SubCentre, Lata",1.861,23.088,0,2,0.0,30.0,84,2.0,22.5
40885,Raini Chak Subhai,Joshimath ,2009,72.89,0.7289,56.0,258,188.0,70.0,353.95801893263825,0.0,47.28682170542636,0.0,0.0,0.0,0.0,0.0,0,1,0,0,0,1,1,JOSHIMATH,24.0,11,4.263565891472868,0.0,4.3,30.457084434343148,79.66860758707371,2444.1875,3227.0,28.5666618347168,"SubCentre, Topoban",5.479,20.198,0,2,0.0,30.0,64,1.0,23.6
40886,Ringi,Joshimath ,2009,90.73,0.9073,68.0,273,129.0,144.0,300.8927587347074,3.296703296703297,0.0,0.0,0.0,0.0,0.0,0.0,0,1,0,0,0,0,1,JOSHIMATH,18.0,25,9.157509157509155,0.0,4.7,30.456834238006685,79.6523694137732,2444.1875,3003.0,38.26774978637695,"SubCentre, Topoban",4.497,18.67,0,2,0.0,30.0,77,1.6,24.2
40824,Sailang,Joshimath ,2009,379.4,3.794,150.0,761,416.0,345.0,200.57986294148657,11.300919842312746,1.7082785808147174,0.0,0.0,0.0,0.0,0.0,0,1,1,1,0,1,1,JOSHIMATH,5.0,109,14.323258869908017,0.0,0.0,30.53612310155144,79.53491485702523,1425.8418,2197.0,44.39763259887695,"SubCentre, Saluddungra",3.095,8.674,0,2,0.0,30.0,68,1.6,75.6
40821,Salna Chak Urgam,Joshimath ,2009,56.58,0.5658,31.0,128,69.0,59.0,226.22834924001413,0.0,4.6875,0.0,0.0,0.0,0.0,0.0,1,1,0,0,1,1,1,JOSHIMATH,23.0,22,17.1875,10.0,3.3,30.52424855644806,79.49075796528184,1425.8418,2039.0,22.693347930908203,"SubCentre, Saluddungra",3.233,4.604,2,2,0.0,30.0,51,1.6,26.3
40828,Salud Dugra,Joshimath ,2009,474.63,4.7463,386.0,1583,801.0,782.0,333.5229547226261,13.076437144662034,1.3897662665824384,0.0,0.0,1.0,0.0,1.0,0,1,0,0,0,0,1,JOSHIMATH,10.0,223,14.08717624763108,0.2,14.0,30.47080502078155,79.57471815464113,1425.8418,3304.0,4.29287052154541,"SubCentre, Topoban",5.476,11.056,0,2,0.0,30.0,28,3.0,57.5
40884,Subhai,Joshimath ,2009,302.23,3.0223,126.0,569,295.0,274.0,188.26721371141184,9.666080843585236,33.91915641476274,0.0,0.0,0.0,0.0,0.0,0,1,0,0,0,0,1,JOSHIMATH,31.0,67,11.775043936731109,0.0,3.9,30.45629940082315,79.68484481855597,2444.1875,3516.0,41.32849884033203,"SubCentre, Lata",5.344,21.749,0,2,0.0,30.0,80,1.0,6.2
40857,Sukhi,Joshimath ,2009,445.04,4.4504,43.0,174,88.0,86.0,39.09760920366708,0.0,99.42528735632185,0.0,0.0,0.0,0.0,0.0,1,1,0,0,0,0,1,JOSHIMATH,24.0,27,15.517241379310343,16.3,0.0,30.54348632477411,79.666237221806,2444.1875,4381.0,36.33876800537109,"SubCentre, Lata",6.69,20.511,0,2,0.0,30.0,74,1.0,12.7
40843,Tangni malli,Joshimath ,2009,150.15,1.5015,73.0,304,151.0,153.0,202.4642024642025,58.55263157894737,0.0,0.0,0.0,1.0,0.0,1.0,1,1,0,0,0,0,1,JOSHIMATH,31.0,36,11.842105263157894,0.0,0.0,30.46582964384152,79.48172779710738,1425.8418,2655.0,38.90458297729492,"SubCentre, Tirosi",2.096,3.151,3,2,0.0,30.0,71,3.6,0
40842,Tangni talli,Joshimath ,2009,171.93,1.7193,59.0,232,120.0,112.0,134.9386378177165,4.310344827586207,0.0,0.0,0.0,0.0,0.0,0.0,1,1,0,0,0,0,1,GOPESHWAR,45.0,20,8.620689655172415,0.0,0.0,30.47981613783269,79.48016561849374,1425.8418,2095.0,32.031131744384766,"SubCentre, Langsi",1.367,2.056,3,2,0.0,30.0,62,2.0,3.8
40839,Tapon,Joshimath ,2009,110.21,1.1021,24.0,92,51.0,41.0,83.47699845749025,4.3478260869565215,0.0,0.0,0.0,1.0,0.0,1.0,1,1,0,0,0,0,1,JOSHIMATH,21.0,11,11.956521739130435,0.0,7.4,30.501372788416354,79.47912327316581,1425.8418,1448.0,61.36415100097656,"SubCentre, Langsi",1.035,2.078,3,2,0.0,30.0,80,4.0,12.9
40810,Thaing,Joshimath ,2009,384.78,3.8478,165.0,806,405.0,401.0,209.470346691616,17.3697270471464,0.1240694789081885,0.0,0.0,0.0,0.0,0.0,1,1,0,0,0,0,1,JOSHIMATH,25.0,90,11.166253101736972,1.2,3.0,30.61234328714545,79.43210352235968,1425.8418,3609.0,26.101112365722656,"SubCentre, Urgam",8.266,12.751,0,2,0.0,30.0,45,1.0,24.1
40837,Tirosi,Joshimath ,2009,41.08,0.4108,8.0,43,21.0,22.0,104.67380720545276,0.0,0.0,0.0,0.0,0.0,0.0,0.0,1,1,0,0,0,0,1,JOSHIMATH,33.0,2,4.651162790697675,0.0,0.0,30.48177603276788,79.45596267781899,1425.8418,1234.0,4.744528293609619,"SubCentre, Tirosi",0.944,0.418,3,2,0.0,30.0,40,2.0,6.9
40815,Toli Laga Chiae,Joshimath ,2009,14.8,0.148,11.0,45,31.0,14.0,304.054054054054,0.0,0.0,0.0,0.0,0.0,0.0,0.0,0,1,1,0,0,0,1,JOSHIMATH,20.0,4,8.88888888888889,0.0,57.1,30.60200963116268,79.53581383977675,1425.8418,2983.0,39.6910400390625,"SubCentre, Pandukeshwar",3.72,14.156,0,2,0.0,30.0,61,1.6,27.0
40856,Tolma,Joshimath ,2009,83.14,0.8314,74.0,429,299.0,130.0,515.9971133028627,3.7296037296037294,31.46853146853147,0.0,0.0,0.0,0.0,0.0,0,1,1,0,0,0,1,JOSHIMATH,33.0,44,10.256410256410255,0.0,0.0,30.516204822999303,79.75799126627716,2444.1875,3044.0,38.90352630615234,"SubCentre, Suraitota",2.248,28.605,0,2,0.0,30.0,74,1.6,4.8
40873,Topovan,Joshimath ,2009,200.91,2.0091,270.0,1064,605.0,459.0,529.5903638445075,21.428571428571427,11.842105263157894,0.0,0.0,0.0,0.0,0.0,0,1,0,0,0,0,1,JOSHIMATH,15.0,129,12.12406015037594,0.0,0.0,30.48762616378657,79.62672335651875,2444.1875,2047.0,34.70708465576172,"SubCentre, Topoban",0.356,15.866,0,2,0.0,30.0,73,2.0,52.0
40868,Tugasi,Joshimath ,2009,49.35,0.4935,44.0,230,116.0,114.0,466.0587639311044,20.43478260869565,0.0,0.0,0.0,0.0,0.0,0.0,0,1,0,0,0,0,1,JOSHIMATH,20.0,33,14.347826086956522,6.8,0.0,30.474839552451204,79.59917263583918,1425.8418,2740.0,24.50892448425293,"SubCentre, Topoban",3.199,13.312,0,2,0.0,30.0,44,1.6,33.8
40831,Uchougaur,Joshimath ,2009,238.57,2.3857,11.0,46,24.0,22.0,19.28155258414721,0.0,0.0,0.0,0.0,0.0,0.0,0.0,0,1,0,0,0,0,1,JOSHIMATH,40.0,5,10.869565217391305,8.3,25.0,30.508645875281577,79.43230202395787,1425.8418,3031.0,49.19467926025391,"SubCentre, Kimana",2.239,1.708,3,2,0.0,30.0,80,1.6,0
40817,Urgam,Joshimath ,2009,352.16,3.5216000000000003,313.0,1549,778.0,771.0,439.8568832348932,32.21433182698515,0.4519044544867657,0.0,1.0,1.0,0.0,2.0,0,1,0,0,0,0,1,JOSHIMATH,26.0,162,10.458360232408005,0.6,6.1,30.56512355147783,79.3935985758355,1425.8418,3784.0,42.17634201049805,"SubCentre, Dhumak",6.436,8.97,0,2,0.0,30.0,65,9.0,21.0
41275,Agontha,Karnaprayag,2009,36.6,0.366,29.0,105,43.0,62.0,286.88524590163934,0.0,0.0,0.0,0.0,0.0,0.0,0.0,1,0,0,0,0,0,1,GOCHAR,5.0,13,12.38095238095238,0.0,0.0,30.27892106541046,79.12106773038632,1997.9788,1252.0,42.18084335327149,ITBP Hospital,2.489,37.926,0,2,0.0,30.0,73,24.0,64.0
41284,Aind,Karnaprayag,2009,58.24,0.5824,43.0,162,65.0,97.0,278.15934065934067,0.0,0.0,0.0,0.0,0.0,0.0,0.0,1,0,0,0,0,0,1,KARNAPRAYAG,5.0,16,9.876543209876544,0.0,0.0,30.256673951675484,79.20623308369086,1495.1161,1483.0,40.2631721496582,"Government Hospital, Karnaprayag",0.933,33.42,0,2,0.0,30.0,61,30.0,64.6
41472,Airwadi,Karnaprayag,2009,240.19,2.4019,62.0,306,134.0,172.0,127.39914234564304,11.437908496732026,0.0,0.0,0.0,0.0,0.0,0.0,1,0,0,0,1,0,1,KARNAPRAYAG,14.0,50,16.33986928104575,0.0,0.0,30.185249307339973,79.26673482059115,1495.1161,1434.0,23.32733726501465,"SubCentre, Jainta",2.199,36.613,0,2,0.0,30.0,40,1.6,55.1
41333,Ali Chak Dimmar,Karnaprayag,2009,28.61,0.2861,4.0,19,9.0,10.0,66.41034603285564,84.21052631578947,0.0,0.0,0.0,0.0,0.0,0.0,1,1,0,0,1,1,1,KARNAPRAYAG,14.0,2,10.526315789473683,0.0,0.0,30.25911479530402,79.24806573922534,1495.1161,1210.0,26.63874626159668,"SubCentre, Kankhul Malla",1.696,30.627,0,2,0.0,30.0,46,2.0,57.2
41486,Bagoli,Karnaprayag,2009,84.56,0.8456,124.0,506,242.0,264.0,598.3916745506149,30.434782608695656,0.0,0.0,0.0,0.0,0.0,0.0,1,0,0,1,1,0,1,KARNAPRAYAG,18.0,70,13.83399209486166,0.0,0.0,30.19194183300972,79.31417280313903,1495.1161,909.0,14.496944427490234,"SubCentre, Jainta",3.208,34.064,0,2,0.0,30.0,34,1.6,51.6
41480,Bainital,Karnaprayag,2009,686.08,6.8608,4.0,23,11.0,12.0,3.352378731343284,8.695652173913043,0.0,0.0,0.0,0.0,0.0,0.0,1,0,0,0,1,0,1,KARNAPRAYAG,16.0,6,26.08695652173913,0.0,0.0,30.16812246322312,79.2596377158943,1495.1161,1632.0,22.89681053161621,"SubCentre, Jainta",2.729,38.615,0,2,0.0,30.0,39,1.6,41.7
41323,Bainoli,Karnaprayag,2009,216.29,2.1629,180.0,702,304.0,398.0,324.5642424522632,40.74074074074074,0.0,0.0,0.0,1.0,1.0,2.0,1,1,0,0,1,1,1,KARNAPRAYAG,20.0,75,10.683760683760685,0.0,0.0,30.20099763708849,79.2062811120996,1495.1161,1592.0,10.13459014892578,"SubCentre, Naini",0.561,38.196,0,2,0.0,30.0,29,34.0,53.5
41305,Bameli,Karnaprayag,2009,68.0,0.68,6.0,31,13.0,18.0,45.588235294117645,0.0,0.0,0.0,0.0,0.0,0.0,0.0,0,0,0,0,0,1,1,GOCHAR,10.0,3,9.67741935483871,0.0,0.0,30.23607694969981,79.0916340549596,1997.9788,2109.0,32.4969367980957,"SubCentre, Pungaon",6.191,43.059,0,2,0.0,30.0,57,1.0,57.8
41446,Bangaon Malla,Karnaprayag,2009,39.89,0.3989,26.0,100,52.0,48.0,250.689395838556,7.000000000000001,0.0,0.0,0.0,0.0,0.0,0.0,1,1,0,1,1,0,1,KARNAPRAYAG,2.0,12,12.0,0.0,0.0,30.22822175433372,79.26958736668023,1495.1161,830.0,36.47903060913086,"SubCentre, Simli",1.129,32.311,0,2,0.0,30.0,56,2.0,81.0
41445,Bangaon Talla,Karnaprayag,2009,105.85,1.0585,91.0,402,182.0,220.0,379.782711384034,35.07462686567165,0.0,0.0,0.0,0.0,0.0,0.0,1,1,0,1,1,0,1,KARNAPRAYAG,3.0,30,7.462686567164178,0.0,1.2,30.22962073201689,79.26231349871335,1495.1161,825.0,18.47596549987793,"SubCentre, Simli",0.427,32.542,0,2,0.0,30.0,38,2.0,82.0
41419,Bangri,Karnaprayag,2009,65.67,0.6567000000000001,6.0,24,9.0,15.0,36.54636820465966,0.0,0.0,0.0,0.0,0.0,0.0,0.0,1,0,0,0,0,0,1,KARNAPRAYAG,6.0,6,25.0,0.0,0.0,30.2307231526704,79.27766880541705,1495.1161,1283.0,31.025449752807617,"SubCentre, Simli",1.907,31.68,0,2,0.0,30.0,49,2.0,57.7
41465,Baniyas,Karnaprayag,2009,84.84,0.8484,48.0,239,99.0,140.0,281.7067421027817,100.0,0.0,0.0,0.0,0.0,0.0,0.0,1,0,0,0,0,0,1,KARNAPRAYAG,17.0,25,10.460251046025103,0.0,0.0,30.19818280418476,79.26576001029503,1495.1161,1212.0,14.826764106750488,"SubCentre, Jainta",3.22,35.389,0,2,0.0,30.0,34,1.6,38.9
41370,Bansoli,Karnaprayag,2009,91.47,0.9147,30.0,119,57.0,62.0,130.09729966109109,0.0,0.0,0.0,0.0,0.0,0.0,0.0,1,0,0,0,0,0,1,KARNAPRAYAG,13.0,9,7.563025210084033,0.0,0.0,30.282686764729416,79.27711877434253,1495.1161,1138.0,24.52162170410156,"SubCentre, Langasu",1.302,26.862,0,2,0.0,30.0,46,2.0,48.2
41433,Bansoli Palli,Karnaprayag,2009,52.05,0.5205,18.0,60,24.0,36.0,115.27377521613832,0.0,0.0,0.0,0.0,0.0,0.0,0.0,1,0,0,0,0,0,1,KARNAPRAYAG,17.0,6,10.0,0.0,0.0,30.21939292670108,79.29168031928448,1495.1161,1469.0,16.94384765625,"SubCentre, Jasyara",1.871,32.151,0,2,0.0,30.0,37,2.0,37.1
41426,Bansoli Walli,Karnaprayag,2009,36.15,0.3615,30.0,107,50.0,57.0,295.9889349930844,0.0,0.0,0.0,0.0,0.0,0.0,0.0,1,0,0,0,0,0,1,KARNAPRAYAG,16.0,10,9.345794392523365,0.0,0.0,30.22558335260401,79.28171691298057,1495.1161,1342.0,33.353885650634766,"SubCentre, Simli",2.325,31.987,0,2,0.0,30.0,52,1.6,37.6
41389,Bantoli,Karnaprayag,2009,55.55,0.5555,34.0,151,75.0,76.0,271.82718271827184,13.245033112582782,0.0,0.0,0.0,0.0,0.0,0.0,1,0,0,0,0,0,1,NANDPRAYAG,4.0,19,12.582781456953644,0.0,0.0,30.30280351887522,79.32326468250548,1495.1161,1212.0,56.38275146484375,"SubCentre, Kandara",2.246,22.566,0,2,0.0,30.0,72,1.6,64.5
41291,Baratoli,Karnaprayag,2009,54.0,0.54,33.0,168,74.0,94.0,311.1111111111111,5.357142857142857,0.0,0.0,0.0,1.0,0.0,1.0,1,0,0,0,0,0,1,GOCHAR,14.0,22,13.095238095238097,0.0,0.0,30.254579311640978,79.10354989928126,1997.9788,2179.0,38.98500442504883,ITBP Hospital,5.393,40.89,0,2,0.0,30.0,67,17.0,38.7
41427,Barmoli,Karnaprayag,2009,29.99,0.2999,14.0,53,27.0,26.0,176.72557519173057,0.0,0.0,0.0,0.0,0.0,0.0,0.0,1,0,0,0,0,0,1,KARNAPRAYAG,20.0,6,11.320754716981131,0.0,0.0,30.22586439698465,79.29417630543095,1495.1161,1501.0,27.86025047302246,"SubCentre, Jasyara",1.611,31.402,0,2,0.0,30.0,46,2.0,37.0
41404,Baron,Karnaprayag,2009,83.56,0.8356,24.0,94,38.0,56.0,112.49401627573002,0.0,0.0,0.0,0.0,0.0,0.0,0.0,1,0,0,0,1,0,1,KARNAPRAYAG,30.0,11,11.702127659574469,0.0,0.0,30.27581310842748,79.39110631398563,1598.458,1596.0,41.26033020019531,"SubCentre, Thirpak",3.864,23.009,0,2,0.0,30.0,74,1.6,26.9
41330,Barsali,Karnaprayag,2009,78.06,0.7806000000000001,19.0,84,38.0,46.0,107.60953112990006,0.0,0.0,0.0,0.0,0.0,0.0,0.0,1,0,0,0,0,0,1,KARNAPRAYAG,7.0,9,10.714285714285714,0.0,0.0,30.267887770757547,79.22815563753292,1495.1161,1179.0,33.3406982421875,Semwal Clinic,1.328,31.086,0,2,0.0,30.0,53,3.0,58.3
41450,Baskwali,Karnaprayag,2009,141.91,1.4191,82.0,335,153.0,182.0,236.06511169050808,6.26865671641791,0.0,0.0,0.0,0.0,0.0,0.0,1,0,0,1,1,0,1,KARNAPRAYAG,2.0,40,11.940298507462686,0.0,0.0,30.21632371141554,79.25610065439848,1495.1161,1094.0,15.964374542236328,"SubCentre, Simli",1.446,34.11,0,2,0.0,30.0,35,2.0,88.3
41280,Baula,Karnaprayag,2009,43.0,0.43,41.0,161,79.0,82.0,374.4186046511628,57.14285714285714,0.0,0.0,0.0,0.0,0.0,0.0,1,1,1,0,1,1,1,GOCHAR,4.0,26,16.149068322981368,0.0,5.0,30.2682653555357,79.1533396009407,1495.1161,1204.0,26.13072395324707,"SubCentre, Bamoth",2.225,36.206,0,2,0.0,30.0,43,1.6,79.6
41290,Bhangara,Karnaprayag,2009,47.04,0.4704,16.0,70,31.0,39.0,148.80952380952382,0.0,0.0,0.0,0.0,0.0,0.0,0.0,1,0,1,0,0,0,1,GOCHAR,14.0,13,18.571428571428573,0.0,12.5,30.25969832086874,79.10579543996147,1997.9788,2185.0,11.422149658203123,ITBP Hospital,4.859,40.374,0,2,0.072743383439973,0.0,40,24.0,42.7
41458,Bhatoli  lagga Top,Karnaprayag,2009,38.6,0.386,67.0,292,157.0,135.0,756.4766839378239,47.94520547945205,1.7123287671232876,0.0,0.0,0.0,0.0,0.0,1,1,0,1,1,1,1,KARNAPRAYAG,15.0,44,15.068493150684931,0.0,2.9,30.20076988001305,79.23590311841768,1495.1161,1244.0,26.428741455078125,"SubCentre, Naini",2.286,36.604,0,2,0.0,30.0,43,1.6,64.9
41357,Bhatoli Laga Gairoli,Karnaprayag,2009,20.97,0.2097,2.0,5,1.0,4.0,23.843586075345733,0.0,0.0,0.0,0.0,0.0,0.0,0.0,1,0,0,0,1,0,1,KARNAPRAYAG,10.0,0,0.0,0.0,0.0,30.223467903457223,79.24673904821934,1495.1161,1215.0,41.15309143066406,"SubCentre, Simli",1.249,33.925,0,2,0.0,30.0,62,2.0,57.5
41412,Bidoli,Karnaprayag,2009,49.88,0.4988,29.0,90,39.0,51.0,180.43303929430635,0.0,0.0,0.0,0.0,0.0,0.0,0.0,1,0,0,0,0,0,1,KARNAPRAYAG,10.0,7,7.777777777777778,0.0,0.0,30.25292202663956,79.2700776453772,1495.1161,1583.0,21.112260818481445,"SubCentre, Kankhul Malla",0.557,29.963,0,2,0.0,30.0,42,2.0,58.4
41381,Biroli Laga Chimta,Karnaprayag,2009,18.42,0.1842,16.0,44,25.0,19.0,238.8707926167209,0.0,0.0,0.0,0.0,0.0,0.0,0.0,1,0,0,1,1,1,1,KARNAPRAYAG,15.0,1,2.272727272727273,7.1,0.0,30.299113969845923,79.30160100079307,1495.1161,928.0,32.222877502441406,"SubCentre, Langasu",1.682,24.02,0,2,0.0,30.0,54,2.0,62.4
41378,Chamali,Karnaprayag,2009,88.08,0.8808,38.0,152,63.0,89.0,172.57039055404178,0.0,0.0,0.0,0.0,0.0,0.0,0.0,1,0,0,0,0,0,1,KARNAPRAYAG,13.0,24,15.789473684210526,0.0,0.0,30.28310296537758,79.29776093438718,1495.1161,1162.0,33.576053619384766,"SubCentre, Langasu",1.119,25.707,0,2,0.0,30.0,55,2.0,48.5
41360,Chamali Laga Umatta,Karnaprayag,2009,17.56,0.1755999999999999,1.0,5,1.0,4.0,28.473804100227795,0.0,0.0,0.0,0.0,0.0,0.0,0.0,1,0,0,0,0,0,1,KARNAPRAYAG,5.0,0,0.0,0.0,0.0,30.276699462282224,79.23581099896035,1495.1161,782.0,34.591392517089844,ECHS PolyClinic,1.445,29.866,0,2,0.0,30.0,55,3.0,68.0
41359,Chamola,Karnaprayag,2009,138.32,1.3832,27.0,117,60.0,57.0,84.58646616541354,0.0,0.0,0.0,0.0,0.0,0.0,0.0,1,0,0,0,0,1,1,KARNAPRAYAG,10.0,9,7.6923076923076925,0.0,0.0,30.210341412676737,79.24051892277303,1495.1161,1118.0,27.225505828857425,"SubCentre, Simli",2.684,35.471,0,2,0.0,30.0,44,1.6,63.7
41403,Chamtoli,Karnaprayag,2009,42.4,0.424,20.0,88,41.0,47.0,207.5471698113208,0.0,0.0,0.0,0.0,0.0,0.0,0.0,1,0,0,1,1,0,1,KARNAPRAYAG,30.0,17,19.318181818181817,0.0,0.0,30.28103342047984,79.39383311096483,1598.458,1166.0,32.359344482421875,"SubCentre, Thirpak",3.67,22.389,0,2,0.0,30.0,63,1.6,36.9
41310,Charkhilgwar,Karnaprayag,2009,18.83,0.1883,11.0,47,20.0,27.0,249.6016994158258,0.0,0.0,0.0,0.0,0.0,0.0,0.0,0,0,0,0,0,0,1,GOCHAR,12.0,3,6.382978723404255,0.0,8.3,30.23251276822516,79.11624375658845,1997.9788,1673.0,23.382280349731445,"SubCentre, Pungaon",4.674,41.497,0,2,0.0,30.0,49,1.6,47.5
41390,Chatgyala,Karnaprayag,2009,45.8,0.4579999999999999,49.0,193,92.0,101.0,421.3973799126638,0.0,0.0,0.0,0.0,0.0,0.0,0.0,1,0,0,0,0,0,1,NANDPRAYAG,5.0,30,15.544041450777202,0.0,0.0,30.30324028403533,79.33425710845964,1495.1161,1015.0,34.70708465576172,"SubCentre, Kandara",2.239,22.011,0,2,0.0,30.0,58,1.6,69.9
41273,Chauki,Karnaprayag,2009,108.26,1.0826,63.0,227,97.0,130.0,209.6803990393497,46.69603524229075,0.0,0.0,0.0,0.0,0.0,0.0,0,1,0,1,0,0,1,GOCHAR,3.0,21,9.251101321585905,0.0,0.0,30.28472978736985,79.11238259893342,1997.9788,1141.0,27.70351791381836,ITBP Hospital,3.16,38.24,0,2,0.0,30.0,55,24.0,75.3
41339,Chaundali,Karnaprayag,2009,118.68,1.1868,82.0,359,173.0,186.0,302.4941017863161,19.77715877437326,0.0,0.0,0.0,0.0,0.0,0.0,1,0,0,0,0,0,1,KARNAPRAYAG,10.0,39,10.86350974930362,0.0,0.0,30.240045609758184,79.21951152482319,1495.1161,1311.0,27.996898651123047,D.R Memorial Ortho Physio Care,1.773,33.986,0,2,0.0,30.0,45,3.0,61.1
41315,Chhatauli,Karnaprayag,2009,114.33,1.1433,78.0,375,165.0,210.0,327.9979008134348,0.0,0.0,0.0,0.0,0.0,0.0,0.0,1,0,0,0,0,0,1,KARNAPRAYAG,18.0,62,16.53333333333333,0.0,0.0,30.22263521543469,79.20855225192375,1495.1161,1710.0,29.704633712768555,"SubCentre, Naini",2.422,36.153,0,2,0.0,30.0,46,1.6,40.2
41293,Chorara,Karnaprayag,2009,52.0,0.52,39.0,148,76.0,72.0,284.6153846153846,0.0,0.0,0.0,0.0,0.0,0.0,0.0,0,0,0,0,0,0,1,GOCHAR,10.0,11,7.432432432432432,0.0,3.1,30.25785536117672,79.11789315641295,1997.9788,1755.0,33.39949417114258,ITBP Hospital,4.179,39.578,0,2,0.0,30.0,60,24.0,59.0
41487,Chula,Karnaprayag,2009,52.08,0.5207999999999999,64.0,280,133.0,147.0,537.6344086021506,19.642857142857142,0.0,0.0,0.0,1.0,0.0,1.0,1,0,0,0,0,0,1,KARNAPRAYAG,18.0,30,10.714285714285714,0.0,0.0,30.18716209865998,79.31034055394014,1495.1161,1390.0,36.077056884765625,"SubCentre, Jainta",2.614,34.692,0,2,0.0,30.0,55,3.6,34.3
41448,Chulakot,Karnaprayag,2009,97.33,0.9733,14.0,57,27.0,30.0,58.56364944004932,33.33333333333333,0.0,0.0,0.0,0.0,0.0,0.0,1,1,0,0,1,0,1,KARNAPRAYAG,3.0,8,14.035087719298245,0.0,0.0,30.21948875414001,79.27080871225272,1495.1161,987.0,31.42892265319824,"SubCentre, Simli",1.648,33.089,0,2,0.0,30.0,49,2.0,73.6
41304,Danda Dhamdhama,Karnaprayag,2009,83.0,0.83,79.0,310,126.0,184.0,373.49397590361446,0.0,0.0,0.0,0.0,0.0,0.0,0.0,1,0,0,0,0,0,1,GOCHAR,15.0,47,15.161290322580644,0.0,0.0,30.24345306484344,79.09909242989394,1997.9788,1900.0,31.02236557006836,"SubCentre, Pungaon",6.468,41.987,0,2,0.0,30.0,55,1.0,50.1
41308,Dewal,Karnaprayag,2009,40.71,0.4071,28.0,131,56.0,75.0,321.78825841316626,0.0,0.0,0.0,0.0,0.0,0.0,0.0,1,1,0,0,1,0,1,GOCHAR,12.0,17,12.97709923664122,0.0,0.0,30.2402284013682,79.11498526810522,1997.9788,1635.0,21.656381607055664,"SubCentre, Pungaon",5.527,41.031,0,2,0.0,30.0,48,1.0,53.3
41318,Dewal Garasari,Karnaprayag,2009,57.7,0.5770000000000001,36.0,120,53.0,67.0,207.97227036395145,0.0,0.0,0.0,0.0,0.0,0.0,0.0,1,0,0,0,0,0,1,KARNAPRAYAG,20.0,11,9.166666666666666,0.0,0.0,30.20231690389953,79.18896513965616,1495.1161,1768.0,25.45785140991211,"Health Sub Center ,Taluk Karanpryag",0.803,39.089,0,2,0.0,30.0,41,2.0,37.7
41347,Deyarkot,Karnaprayag,2009,64.72,0.6472,75.0,337,159.0,178.0,520.7045735475896,17.210682492581604,0.0,0.0,0.0,0.0,0.0,0.0,1,0,0,0,1,0,1,KARNAPRAYAG,15.0,37,10.979228486646884,0.0,1.3,30.237911450728312,79.23716039549556,1495.1161,1193.0,33.472286224365234,"SubCentre, Simli",2.213,33.138,0,2,0.0,30.0,52,1.6,55.4
41373,Dhal Kanchula,Karnaprayag,2009,135.72,1.3572,30.0,118,53.0,65.0,86.9437076333628,0.0,0.0,0.0,0.0,0.0,0.0,0.0,1,0,0,0,0,0,1,KARNAPRAYAG,13.0,16,13.559322033898304,0.0,0.0,30.27545930251512,79.28079109944005,1495.1161,1269.0,23.49786758422852,"SubCentre, Kanda Maikhura",1.254,27.314,0,2,0.0,30.0,45,2.0,48.2
41319,Dhanai Laga,Karnaprayag,2009,32.48,0.3248,47.0,190,97.0,93.0,584.9753694581282,0.0,0.0,0.0,0.0,0.0,0.0,0.0,1,0,0,0,1,1,1,KARNAPRAYAG,20.0,33,17.36842105263158,0.0,6.2,30.204128735627588,79.19796306220482,1495.1161,1716.0,19.23838806152344,"Health Sub Center ,Taluk Karanpryag",0.13,38.398,0,2,0.0,30.0,36,2.0,48.4
41311,Dhanpur Khas,Karnaprayag,2009,120.3,1.203,22.0,94,32.0,62.0,78.13798836242727,0.0,0.0,0.0,0.0,0.0,0.0,0.0,1,0,0,0,1,0,1,GOCHAR,15.0,14,14.893617021276595,0.0,0.0,30.223095455533407,79.09110523249745,1997.9788,2339.0,55.50156021118164,"SubCentre, Pungaon",5.189,44.013,0,2,0.0,30.0,73,1.0,42.9
41428,Dhansari,Karnaprayag,2009,53.12,0.5312,11.0,43,22.0,21.0,80.9487951807229,0.0,0.0,0.0,0.0,0.0,0.0,0.0,1,0,0,0,0,1,1,KARNAPRAYAG,22.0,8,18.6046511627907,0.0,0.0,30.2236669640232,79.30246792158749,1495.1161,1511.0,23.04251289367676,"SubCentre, Jasyara",0.788,31.271,0,2,0.0,30.0,42,2.0,31.4
41344,Dhar Dungri,Karnaprayag,2009,67.51,0.6751,16.0,77,40.0,37.0,114.0571767145608,22.07792207792208,0.0,0.0,0.0,0.0,0.0,0.0,1,1,0,0,1,0,1,KARNAPRAYAG,13.0,14,18.181818181818183,0.0,0.0,30.242443925151616,79.26678877779166,1495.1161,1388.0,29.4364070892334,"SubCentre, Kankhul Malla",1.486,31.11,0,2,0.0,30.0,48,2.0,52.8
41464,Dharkot ,Karnaprayag,2009,29.03,0.2903,37.0,166,67.0,99.0,571.8222528418877,16.265060240963855,0.0,0.0,0.0,1.0,0.0,1.0,1,0,0,0,1,0,1,KARNAPRAYAG,19.0,30,18.072289156626507,0.0,0.0,30.194824841079445,79.25911151793957,1495.1161,1607.0,26.224597930908203,"SubCentre, Jainta",3.407,36.024,0,2,0.0,30.0,43,3.6,43.2
41342,Dimar,Karnaprayag,2009,343.91,3.4391000000000003,252.0,1109,560.0,549.0,322.4680875810532,25.428313796212805,0.0,0.0,0.0,0.0,0.0,0.0,1,1,0,0,1,1,1,KARNAPRAYAG,8.0,137,12.35347159603246,4.0,0.4,30.249615434650607,79.25395970102775,1495.1161,1032.0,23.51997375488281,"SubCentre, Kankhul Malla",1.284,31.14,0,2,0.0,30.0,43,2.0,77.5
41410,Dothla,Karnaprayag,2009,121.44,1.2144,44.0,191,79.0,112.0,157.27931488801056,0.0,0.0,0.0,0.0,0.0,0.0,0.0,0,0,0,0,0,0,1,KARNAPRAYAG,29.0,34,17.801047120418847,0.0,0.0,30.260540282520413,79.28677637892065,1495.1161,1728.0,31.00994873046875,"SubCentre, Kanda Maikhura",1.648,28.389,0,2,0.0,30.0,51,2.0,27.9
41327,Dungri,Karnaprayag,2009,117.0,1.17,102.0,441,214.0,227.0,376.92307692307696,57.82312925170068,0.0,0.0,0.0,0.0,0.0,0.0,1,0,0,0,0,0,1,KARNAPRAYAG,16.0,53,12.01814058956916,0.0,0.0,30.19754819465642,79.21718383751127,1495.1161,1469.0,19.153854370117188,"SubCentre, Naini",0.624,37.899,0,2,0.0,30.0,36,2.0,40.9
41379,Dungwali,Karnaprayag,2009,69.74,0.6973999999999999,48.0,173,84.0,89.0,248.06423860051623,24.85549132947977,0.0,0.0,0.0,0.0,0.0,0.0,1,1,0,1,1,1,1,KARNAPRAYAG,15.0,22,12.716763005780344,0.0,0.0,30.289776892932004,79.29745195175572,1495.1161,960.0,11.809632301330566,"SubCentre, Langasu",0.869,25.102,0,2,0.0,30.0,36,2.0,63.7
41277,Duwa,Karnaprayag,2009,212.45,2.1245,62.0,233,118.0,115.0,109.67286420334196,22.746781115879827,0.0,0.0,0.0,0.0,0.0,0.0,0,0,0,0,1,0,1,GOCHAR,4.0,26,11.158798283261802,0.0,0.0,30.27535041627293,79.14326421994298,1495.1161,1312.0,43.009185791015625,ITBP Hospital,1.324,36.46,0,2,0.0,30.0,63,30.0,70.3
41411,Gain Saja Kata,Karnaprayag,2009,75.9,0.759,38.0,171,67.0,104.0,225.29644268774703,0.0,0.0,0.0,0.0,0.0,0.0,0.0,1,0,0,0,0,0,1,KARNAPRAYAG,26.0,17,9.941520467836256,0.0,0.0,30.25674457375082,79.28217397276514,1495.1161,2030.0,18.68452835083008,"SubCentre, Kanda Maikhura",1.565,28.979,0,2,0.0,30.0,40,2.0,22.7
41296,Gainthi,Karnaprayag,2009,80.65,0.8065000000000001,55.0,211,99.0,112.0,261.62430254184744,0.0,0.0,0.0,0.0,0.0,0.0,0.0,1,0,1,0,1,0,1,GOCHAR,11.0,27,12.796208530805686,0.0,3.8,30.25167161240427,79.13148743410169,1495.1161,1537.0,24.440961837768555,ITBP Hospital,4.157,38.999,0,2,0.0,30.0,40,24.0,54.1
41353,Gairoli,Karnaprayag,2009,92.07,0.9207,42.0,155,75.0,80.0,168.35016835016836,17.419354838709676,0.0,0.0,0.0,0.0,0.0,0.0,1,0,0,0,1,1,1,KARNAPRAYAG,12.0,17,10.967741935483872,0.0,0.0,30.2230805367858,79.23661272592726,1495.1161,1495.0,41.4311408996582,"SubCentre, Simli",2.156,34.507,0,2,0.0,30.0,62,1.6,53.5
41282,Galnau,Karnaprayag,2009,43.81,0.4381,41.0,162,69.0,93.0,369.7785893631591,0.0,0.0,0.0,0.0,0.0,0.0,0.0,1,0,0,1,1,1,1,KARNAPRAYAG,5.0,25,15.432098765432098,0.0,0.0,30.268044231057083,79.18623176933319,1495.1161,874.0,36.02201843261719,"SubCentre, Siran",0.872,33.866,0,2,0.0,30.0,55,2.0,79.6
41408,Ganoli,Karnaprayag,2009,56.67,0.5667,39.0,174,83.0,91.0,307.04076230809954,0.0,0.0,0.0,0.0,0.0,0.0,0.0,0,0,0,0,0,0,1,KARNAPRAYAG,28.0,27,15.517241379310343,0.0,0.0,30.268188010882653,79.29281782917514,1495.1161,1434.0,36.175086975097656,"SubCentre, Kanda Maikhura",2.04,27.362,0,2,0.0,30.0,58,1.6,22.7
41374,Garkudi Ufalda,Karnaprayag,2009,28.67,0.2867,15.0,64,26.0,38.0,223.2298569933729,0.0,0.0,0.0,0.0,0.0,0.0,0.0,1,0,0,0,0,0,1,KARNAPRAYAG,18.0,7,10.9375,0.0,0.0,30.275559242535056,79.29240921222159,1495.1161,1183.0,28.063127517700195,"SubCentre, Langasu",1.557,26.689,0,2,0.0,30.0,49,2.0,37.1
41449,Ghandiyal,Karnaprayag,2009,162.05,1.6205,113.0,489,221.0,268.0,301.7587164455415,38.85480572597137,0.0,0.0,0.0,0.0,0.0,0.0,1,0,0,0,1,0,1,KARNAPRAYAG,4.0,61,12.47443762781186,0.0,0.0,30.21750381489133,79.26482948592376,1495.1161,1297.0,15.858224868774414,"SubCentre, Simli",1.465,33.567,0,2,0.0,30.0,36,2.0,77.9
41481,Ghatora,Karnaprayag,2009,79.3,0.7929999999999999,52.0,238,112.0,126.0,300.12610340479193,11.344537815126053,0.0,0.0,0.0,0.0,0.0,0.0,1,0,0,0,0,0,1,KARNAPRAYAG,17.0,32,13.445378151260504,0.0,0.0,30.164603828471584,79.29251583992776,1495.1161,1583.0,34.072879791259766,"SubCentre, Jainta",1.342,37.651,0,2,0.0,30.0,50,2.0,38.9
41343,Gopthala,Karnaprayag,2009,63.63,0.6363,10.0,30,13.0,17.0,47.14757190004715,0.0,0.0,0.0,0.0,0.0,0.0,0.0,1,1,0,0,1,0,1,KARNAPRAYAG,4.0,3,10.0,0.0,0.0,30.2543764829229,79.25774258280839,1495.1161,1397.0,43.22709274291992,"SubCentre, Kankhul Malla",0.74,30.499,0,2,0.0,30.0,66,2.0,68.3
41444,Gunad Sera,Karnaprayag,2009,14.25,0.1425,8.0,40,17.0,23.0,280.70175438596493,0.0,0.0,0.0,0.0,0.0,0.0,0.0,1,0,0,0,0,0,1,KARNAPRAYAG,21.0,1,2.5,0.0,0.0,30.20805520169412,79.34166901809695,1495.1161,1397.0,46.357547760009766,"SubCentre, Sainj",1.23,31.501,0,2,0.0,30.0,68,2.0,21.4
41365,Gwad,Karnaprayag,2009,30.11,0.3011,17.0,75,39.0,36.0,249.0866821653936,0.0,0.0,0.0,0.0,0.0,0.0,0.0,1,0,0,1,0,1,1,KARNAPRAYAG,10.0,11,14.666666666666666,0.0,0.0,30.287745239105178,79.2682667717037,1495.1161,901.0,49.00307846069336,ECHS Poly Clinic,1.361,26.927,0,2,0.0,30.0,70,3.0,63.2
41414,Gwad,Karnaprayag,2009,161.8,1.618,53.0,251,109.0,142.0,155.12978986402965,15.93625498007968,0.0,0.0,0.0,0.0,0.0,0.0,0,0,0,0,0,0,1,KARNAPRAYAG,13.0,26,10.358565737051793,0.0,0.0,30.25059226405813,79.29038424205578,1495.1161,2039.0,23.585081100463867,"SubCentre, Kankhul Malla",2.478,29.16,0,2,0.0,30.0,44,1.6,44.5
41477,Gwal Khet,Karnaprayag,2009,107.5,1.075,20.0,81,29.0,52.0,75.34883720930233,0.0,0.0,0.0,0.0,0.0,0.0,0.0,0,0,0,0,0,0,1,KARNAPRAYAG,16.0,13,16.049382716049383,0.0,0.0,30.17489112161564,79.27672391768341,1495.1161,1939.0,12.468448638916016,"SubCentre, Jainta",0.961,37.219,0,2,0.0,30.0,31,2.0,37.3
41391,Gwala,Karnaprayag,2009,37.81,0.3781,24.0,103,47.0,56.0,272.4147051044697,38.83495145631068,0.0,0.0,0.0,0.0,0.0,0.0,1,0,0,1,1,0,1,KARNAPRAYAG,14.0,18,17.475728155339805,0.0,5.0,30.30409367514548,79.34172604166629,1495.1161,1004.0,18.47596549987793,"SubCentre, Thirpak",2.114,21.6,0,2,0.0,30.0,43,1.6,58.0
41386,Hadakoti,Karnaprayag,2009,52.66,0.5266,16.0,76,36.0,40.0,144.32206608431449,0.0,0.0,0.0,0.0,0.0,0.0,0.0,1,0,0,0,0,0,1,NANDPRAYAG,5.0,13,17.105263157894736,0.0,0.0,30.32216908681733,79.32155043846011,1495.1161,913.0,27.914548873901367,Nandprayag Governnment Hospital,1.056,20.829,0,2,0.0,30.0,51,30.0,68.8
41398,Hindoli,Karnaprayag,2009,7.1,0.071,19.0,87,38.0,49.0,1225.3521126760563,0.0,0.0,0.0,0.0,0.0,0.0,0.0,1,0,0,0,1,0,1,KARNAPRAYAG,25.0,7,8.045977011494253,0.0,15.8,30.28845011950617,79.33904118198829,1495.1161,1451.0,29.00024032592773,"SubCentre, Kandara",1.034,23.275,0,2,0.0,30.0,51,2.0,31.9
41440,Hyuna,Karnaprayag,2009,29.23,0.2923,11.0,66,30.0,36.0,225.79541566883336,40.909090909090914,0.0,0.0,0.0,0.0,0.0,0.0,1,0,0,0,0,0,1,KARNAPRAYAG,19.0,10,15.151515151515152,0.0,0.0,30.217004528664173,79.32640299776666,1495.1161,1786.0,31.87789726257324,"SubCentre, Jasyara",1.663,31.049,0,2,0.0,30.0,51,2.0,37.2
41364,Jaikandi,Karnaprayag,2009,120.51,1.2051,43.0,170,87.0,83.0,141.06713135839348,28.23529411764705,0.0,0.0,0.0,0.0,0.0,0.0,1,0,0,0,0,0,1,KARNAPRAYAG,7.0,17,10.0,0.0,0.0,30.28792460037009,79.26010583736269,1495.1161,876.0,34.67205810546875,ECHS Poly Clinic,0.587,27.403,0,2,0.0,30.0,56,3.0,59.2
41476,Jainta,Karnaprayag,2009,44.79,0.4478999999999999,14.0,60,33.0,27.0,133.95847287340925,8.333333333333332,0.0,0.0,0.0,1.0,0.0,1.0,1,0,0,0,1,0,1,KARNAPRAYAG,23.0,1,1.6666666666666667,0.0,0.0,30.18518977061401,79.29078563378161,1495.1161,1374.0,37.66704559326172,"SubCentre, Jainta",1.14,35.618,0,2,0.0,30.0,56,4.0,26.6
41395,Jaiti Bhatkoti,Karnaprayag,2009,79.55,0.7955,49.0,231,112.0,119.0,290.38340666247643,19.480519480519483,0.0,0.0,0.0,0.0,0.0,0.0,1,0,0,0,0,0,1,KARNAPRAYAG,15.0,26,11.255411255411255,0.0,0.0,30.285637765285607,79.31540268963455,1495.1161,1199.0,18.11841583251953,"SubCentre, Kandara",1.419,24.593,0,2,0.0,30.0,42,2.0,49.3
41336,Jakh,Karnaprayag,2009,151.09,1.5109,138.0,603,273.0,330.0,399.0998742471375,0.9950248756218906,0.0,0.0,0.0,0.0,0.0,0.0,1,1,0,0,1,0,1,KARNAPRAYAG,12.0,83,13.764510779436154,0.0,0.0,30.246147959185333,79.22874249165714,1495.1161,1111.0,22.939603805541992,D.R Memorial Ortho Physio Care,1.467,32.903,0,2,0.0,30.0,42,3.0,58.0
41307,Jalgaon,Karnaprayag,2009,38.0,0.38,28.0,111,43.0,68.0,292.10526315789474,0.0,0.0,0.0,0.0,0.0,0.0,0.0,0,0,0,0,0,0,1,GOCHAR,12.0,15,13.513513513513514,0.0,0.0,30.236287181889715,79.11008899055197,1997.9788,1890.0,23.382280349731445,"SubCentre, Pungaon",5.281,41.673,0,2,0.0,30.0,49,1.0,48.1
41326,Jaspur,Karnaprayag,2009,33.65,0.3364999999999999,21.0,76,31.0,45.0,225.8543833580981,0.0,0.0,0.0,0.0,0.0,0.0,0.0,1,0,0,0,0,0,1,KARNAPRAYAG,15.0,5,6.578947368421052,0.0,4.8,30.190074178762707,79.21586043855346,1495.1161,1233.0,22.832061767578125,"SubCentre, Naini",1.274,38.655,0,2,0.0,30.0,39,2.0,47.8
41429,Jasyara,Karnaprayag,2009,127.62,1.2762,117.0,503,230.0,273.0,394.1388497100768,30.21868787276341,0.198807157057654,0.0,0.0,0.0,0.0,0.0,1,0,0,0,0,0,1,KARNAPRAYAG,21.0,56,11.133200795228628,0.0,11.1,30.22741685182368,79.30469625265646,1495.1161,1705.0,32.506717681884766,"SubCentre, Jasyara",0.74,30.804,0,2,0.0,30.0,52,2.0,31.0
41281,Jhirkoti,Karnaprayag,2009,103.95,1.0395,77.0,367,173.0,194.0,353.05435305435304,29.155313351498634,0.0,0.0,0.0,0.0,0.0,0.0,0,0,0,1,1,1,1,GOCHAR,3.0,57,15.53133514986376,0.0,8.8,30.266583141133864,79.16874418604458,1495.1161,924.0,27.96378326416016,"SubCentre, Siran",1.229,35.211,0,2,0.0,30.0,45,2.0,86.7
41321,Jhurkande,Karnaprayag,2009,46.65,0.4664999999999999,47.0,202,92.0,110.0,433.0117899249733,28.71287128712871,0.0,0.0,0.0,0.0,0.0,0.0,1,1,0,0,1,1,1,KARNAPRAYAG,15.0,17,8.415841584158416,0.0,0.0,30.21526576507488,79.21567440449192,1495.1161,2116.0,20.572429656982425,"SubCentre, Naini",1.615,36.386,0,2,0.0,30.0,38,2.0,54.0
41352,Jhurkhandey urf Bhatoli,Karnaprayag,2009,45.39,0.4539,21.0,66,29.0,37.0,145.4064771976206,33.33333333333333,0.0,0.0,0.0,0.0,0.0,0.0,1,0,0,0,0,0,1,KARNAPRAYAG,10.0,2,3.0303030303030303,0.0,0.0,30.231448979695774,79.23454834038178,1495.1161,1476.0,7.971547603607178,"SubCentre, Simli",2.256,33.865,0,2,0.0,30.0,29,1.6,58.2
41362,Kaldu  (Kaleshwar),Karnaprayag,2009,104.86,1.0486,123.0,569,282.0,287.0,542.6282662597749,34.62214411247803,17.57469244288225,0.0,0.0,0.0,0.0,0.0,1,0,0,0,0,0,1,KARNAPRAYAG,10.0,76,13.356766256590513,0.0,5.0,30.28225483355246,79.24508666622899,1495.1161,776.0,10.567782402038574,ECHS PolyClinic,0.371,28.815,0,2,0.0,30.0,34,3.0,63.2
41452,Kalikot,Karnaprayag,2009,32.98,0.3298,2.0,11,7.0,4.0,33.353547604608856,81.81818181818183,0.0,0.0,0.0,0.0,0.0,0.0,1,0,0,0,1,0,1,KARNAPRAYAG,15.0,0,0.0,0.0,0.0,30.21124316193996,79.26626359991116,1495.1161,1279.0,24.06786155700684,"SubCentre, Simli",2.157,34.099,0,2,0.0,30.0,42,1.6,52.1
41402,Kameda,Karnaprayag,2009,86.12,0.8612000000000001,77.0,336,158.0,178.0,390.1532745006967,10.714285714285714,0.0,0.0,0.0,0.0,0.0,0.0,1,0,0,1,1,0,1,KARNAPRAYAG,35.0,39,11.607142857142858,0.0,0.0,30.278298805004635,79.38013305435165,1598.458,1288.0,30.198558807373047,"SubCentre, Thirpak",2.996,22.987,0,2,0.0,30.0,60,1.6,28.9
41274,Kamera,Karnaprayag,2009,74.56,0.7456,60.0,231,112.0,119.0,309.8175965665236,0.0,0.0,0.0,0.0,0.0,0.0,0.0,0,0,0,0,1,1,1,GOCHAR,3.0,27,11.688311688311687,1.7,0.0,30.28732808885682,79.12554527456061,1495.1161,775.0,17.003843307495117,ITBP Hospital,1.885,37.035,0,2,0.0,30.0,35,30.0,80.3
41407,Kanchula,Karnaprayag,2009,48.74,0.4874,1.0,3,2.0,1.0,6.155108740254411,0.0,0.0,0.0,0.0,0.0,0.0,0.0,0,0,0,0,0,0,1,KARNAPRAYAG,30.0,0,0.0,0.0,0.0,30.26868395288052,79.28108080879178,1495.1161,1602.0,35.95991516113281,"SubCentre, Kanda Maikhura",0.922,27.921,0,2,0.0,30.0,58,2.0,21.0
41276,Kanda,Karnaprayag,2009,84.8,0.848,42.0,172,69.0,103.0,202.83018867924528,0.0,0.0,0.0,0.0,0.0,0.0,0.0,0,0,0,0,1,0,1,GOCHAR,8.0,23,13.372093023255813,0.0,0.0,30.27976207070525,79.13505774555767,1495.1161,1009.0,37.29591751098633,ITBP Hospital,1.272,36.787,0,2,0.0,30.0,55,30.0,59.2
41372,Kanda Maikhura,Karnaprayag,2009,296.84,2.9684,146.0,577,267.0,310.0,194.38081121142704,20.27729636048527,0.0,0.0,0.0,0.0,0.0,0.0,1,0,0,1,0,1,1,KARNAPRAYAG,4.0,59,10.22530329289428,0.0,1.4,30.270969554801745,79.26879465392746,1495.1161,1386.0,24.52416610717773,"SubCentre, Kanda Maikhura",0.474,28.384,0,2,0.0,30.0,45,2.0,83.8
41294,Kandai,Karnaprayag,2009,57.82,0.5782,44.0,188,92.0,96.0,325.14700795572463,68.61702127659575,0.0,0.0,0.0,1.0,0.0,1.0,0,0,0,0,0,1,1,GOCHAR,8.0,29,15.425531914893616,0.0,8.3,30.253060664850995,79.12114281877197,1997.9788,1353.0,40.44710540771485,ITBP Hospital,4.437,39.666,0,2,0.0,30.0,70,26.0,59.4
41394,Kandara,Karnaprayag,2009,58.63,0.5863,55.0,202,85.0,117.0,344.53351526522255,1.98019801980198,0.0,0.0,0.0,0.0,0.0,0.0,1,0,0,0,1,0,1,KARNAPRAYAG,25.0,22,10.891089108910892,0.0,0.0,30.29287743915744,79.32565060796362,1495.1161,1269.0,22.0524959564209,"SubCentre, Kandara",1.127,23.414,0,2,0.0,30.0,45,2.0,33.0
41430,Kandara,Karnaprayag,2009,134.87,1.3487,171.0,651,286.0,365.0,482.6870319566991,33.794162826420894,0.0,0.0,0.0,0.0,0.0,0.0,1,0,0,0,0,0,1,KARNAPRAYAG,25.0,89,13.671274961597543,0.0,0.0,30.2267236501228,79.31324365370384,1495.1161,1807.0,31.761484146118164,"SubCentre, Jasyara",0.464,30.533,0,2,0.0,30.0,51,2.0,32.5
41405,Kankhul Malla,Karnaprayag,2009,83.76,0.8376,86.0,371,171.0,200.0,442.93218720152817,11.590296495956872,0.0,0.0,0.0,0.0,0.0,0.0,1,0,0,0,0,0,1,KARNAPRAYAG,12.0,34,9.164420485175205,0.0,0.0,30.25996173734392,79.26282985456389,1495.1161,1795.0,30.598501205444336,"SubCentre, Kankhul Malla",0.525,29.711,0,2,0.0,30.0,50,2.0,50.7
41406,Kankhul Talla,Karnaprayag,2009,159.51,1.5951,93.0,463,220.0,243.0,290.2639332957181,32.18142548596112,0.0,0.0,0.0,1.0,0.0,1.0,1,0,0,0,0,0,1,KARNAPRAYAG,10.0,44,9.503239740820735,0.0,0.0,30.26227203103892,79.27461096824655,1495.1161,1784.0,20.771713256835938,"SubCentre, Kanda Maikhura",0.645,28.858,0,2,0.0,30.0,42,4.0,62.1
41322,Kanoth,Karnaprayag,2009,182.9,1.829,103.0,365,171.0,194.0,199.5626025150356,13.424657534246576,0.0,0.0,0.0,0.0,0.0,0.0,1,1,0,0,1,1,1,KARNAPRAYAG,15.0,46,12.602739726027398,0.0,0.0,30.20866702926775,79.22197934059899,1495.1161,1829.0,30.793407440185547,"SubCentre, Naini",1.269,36.624,0,2,0.0,30.0,46,2.0,60.6
41490,Karnprayag Beat,Karnaprayag,2009,0.0,0.0,6.0,24,13.0,11.0,,0.0,0.0,0.0,0.0,0.0,0.0,0.0,0,0,0,0,0,0,1,KARNAPRAYAG,2.0,0,0.0,0.0,0.0,30.272884026997247,79.11936576753111,1997.9788,1589.0,29.30020523071289,ITBP Hospital,2.942,38.453,0,2,0.0,30.0,56,24.0,75.2
41401,Khadgoli,Karnaprayag,2009,99.74,0.9974,103.0,533,265.0,268.0,534.3894124724284,28.330206378986865,0.0,0.0,0.0,0.0,0.0,0.0,1,0,0,0,1,1,1,KARNAPRAYAG,30.0,98,18.386491557223263,0.0,0.0,30.28593892180978,79.37956378486136,1598.458,1405.0,23.477352142333984,"SubCentre, Thirpak",2.285,22.184,0,2,0.0,30.0,55,1.6,41.3
41457,Khageli,Karnaprayag,2009,38.66,0.3865999999999999,27.0,127,55.0,72.0,328.5049146404553,26.77165354330709,0.0,0.0,0.0,0.0,0.0,0.0,1,0,0,0,0,0,1,KARNAPRAYAG,10.0,14,11.023622047244094,0.0,6.9,30.19794542962615,79.24786662226015,1495.1161,1215.0,34.69601821899414,"SubCentre, Naini",3.453,36.264,0,2,0.0,30.0,52,1.6,58.8
41460,Khageta Laga Top,Karnaprayag,2009,47.62,0.4761999999999999,4.0,25,10.0,15.0,52.49895002099959,100.0,0.0,0.0,0.0,0.0,0.0,0.0,1,0,0,0,0,0,1,KARNAPRAYAG,15.0,6,24.0,0.0,100.0,30.195122362671658,79.22421114430084,1495.1161,1250.0,18.133197784423828,"SubCentre, Naini",1.337,37.743,0,2,0.0,30.0,35,2.0,47.2
41303,Khalyugwar,Karnaprayag,2009,42.89,0.4289,23.0,85,39.0,46.0,198.18139426439728,1.1764705882352942,0.0,0.0,0.0,0.0,0.0,0.0,1,0,0,0,0,0,1,GOCHAR,15.0,12,14.117647058823527,0.0,0.0,30.243187886546053,79.09433371513849,1997.9788,2181.0,24.58837127685547,"SubCentre, Pungaon",6.679,42.365,0,2,0.0,30.0,50,1.0,42.9
41455,Khandura,Karnaprayag,2009,97.43,0.9743,25.0,86,44.0,42.0,88.26850046187006,0.0,0.0,0.0,0.0,0.0,0.0,0.0,1,0,0,0,1,0,1,KARNAPRAYAG,7.0,12,13.953488372093023,0.0,3.8,30.20358028719384,79.25733357383396,1495.1161,1431.0,38.01844787597656,"SubCentre, Simli",2.853,35.264,0,2,0.0,30.0,57,1.6,58.4
41298,Kharsain,Karnaprayag,2009,100.18,1.0018,99.0,442,204.0,238.0,441.2058295068876,34.38914027149321,0.0,0.0,0.0,0.0,0.0,0.0,1,0,0,0,1,0,1,GOCHAR,4.0,39,8.823529411764707,0.0,3.0,30.243712851737225,79.1356875405283,1495.1161,1835.0,36.23003387451172,"SubCentre, Siran",4.753,39.272,0,2,0.0,30.0,52,1.6,72.4
41431,Khatyari,Karnaprayag,2009,46.56,0.4656,48.0,191,79.0,112.0,410.2233676975945,0.0,0.0,0.0,0.0,0.0,0.0,0.0,1,0,0,0,0,0,1,KARNAPRAYAG,26.0,19,9.947643979057592,0.0,0.0,30.220455271632044,79.30958772214788,1495.1161,1718.0,24.52162170410156,"SubCentre, Jasyara",0.322,31.31,0,2,0.0,30.0,44,2.0,27.9
41423,Kimoli Malli,Karnaprayag,2009,50.09,0.5009,33.0,157,72.0,85.0,313.43581553204234,0.0,0.0,0.0,0.0,0.0,0.0,0.0,0,0,0,0,0,0,1,KARNAPRAYAG,21.0,29,18.471337579617835,0.0,0.0,30.239738356423093,79.30241130066042,1495.1161,2095.0,44.51247024536133,"SubCentre, Jasyara",2.002,29.672,0,2,0.0,30.0,68,1.6,17.6
41424,Kimoli Talli,Karnaprayag,2009,70.36,0.7036,82.0,360,159.0,201.0,511.654349061967,20.27777777777778,0.0,0.0,0.0,0.0,0.0,0.0,0,0,0,0,0,0,1,KARNAPRAYAG,18.0,49,13.61111111111111,0.0,0.0,30.23410934516021,79.30318264770304,1495.1161,1795.0,42.57451629638672,"SubCentre, Jasyara",1.41,30.198,0,2,0.0,30.0,65,2.0,35.1
41416,Kola Dungari,Karnaprayag,2009,96.47,0.9647,19.0,58,31.0,27.0,60.12231781901109,0.0,0.0,0.0,0.0,0.0,0.0,0.0,1,0,0,0,0,0,1,KARNAPRAYAG,11.0,4,6.896551724137931,0.0,0.0,30.243572645287063,79.27909769071708,1495.1161,1360.0,38.95500183105469,"SubCentre, Kankhul Malla",1.895,30.38,0,2,0.0,30.0,60,2.0,42.6
41354,Koli Malli,Karnaprayag,2009,50.06,0.5006,45.0,190,88.0,102.0,379.544546544147,7.894736842105263,0.0,0.0,0.0,0.0,0.0,0.0,1,0,0,0,1,1,1,KARNAPRAYAG,15.0,28,14.736842105263156,0.0,0.0,30.22714483823205,79.24308690680519,1495.1161,1356.0,19.153854370117188,"SubCentre, Simli",1.441,33.783,0,2,0.0,30.0,38,2.0,58.9
41356,Koli Talli,Karnaprayag,2009,27.76,0.2776,9.0,31,12.0,19.0,111.671469740634,0.0,0.0,0.0,0.0,0.0,0.0,0.0,1,0,0,0,0,0,1,KARNAPRAYAG,11.0,3,9.67741935483871,0.0,0.0,30.230004001207853,79.25007051131135,1495.1161,987.0,25.342004776000977,"SubCentre, Simli",0.756,33.144,0,2,0.0,30.0,43,2.0,47.3
41474,Kolson,Karnaprayag,2009,165.62,1.6562,69.0,361,171.0,190.0,217.9688443424707,14.127423822714682,0.0,0.0,0.0,0.0,0.0,0.0,1,0,0,0,1,0,1,KARNAPRAYAG,14.0,52,14.40443213296399,0.0,0.0,30.19647794480384,79.30904552133293,1495.1161,898.0,25.572858810424805,"SubCentre, Jasyara",2.975,33.778,0,2,0.0,30.0,43,1.6,55.6
41355,Kolyagad,Karnaprayag,2009,40.78,0.4078,16.0,69,35.0,34.0,169.20058852378617,100.0,0.0,0.0,0.0,0.0,0.0,0.0,1,0,0,0,0,0,1,KARNAPRAYAG,10.0,13,18.84057971014493,0.0,0.0,30.2356323308381,79.25016944613644,1495.1161,882.0,22.04344940185547,"SubCentre, Simli",1.028,32.621,0,2,0.0,30.0,41,2.0,58.2
41456,Koni Laga Khageli,Karnaprayag,2009,67.73,0.6773,10.0,37,21.0,16.0,54.62867267089916,100.0,0.0,0.0,0.0,0.0,1.0,1.0,1,1,0,1,1,1,1,KARNAPRAYAG,14.0,2,5.405405405405405,0.0,7.7,30.20524110691908,79.24785588921026,1495.1161,924.0,28.81939125061035,"SubCentre, Simli",2.837,35.573,0,2,0.0,30.0,45,31.6,62.4
41393,Kothi,Karnaprayag,2009,54.88,0.5488000000000001,14.0,54,25.0,29.0,98.39650145772592,0.0,0.0,0.0,0.0,0.0,0.0,0.0,1,0,0,0,1,0,1,KARNAPRAYAG,25.0,6,11.11111111111111,0.0,0.0,30.295056668224007,79.34070631806456,1495.1161,1421.0,38.90352630615234,"SubCentre, Kandara",1.652,22.544,0,2,0.0,30.0,64,2.0,26.5
41483,Koti,Karnaprayag,2009,294.87,2.9487,126.0,539,249.0,290.0,182.79241699732088,44.34137291280148,0.0,0.0,0.0,0.0,0.0,0.0,1,0,0,0,1,0,1,KARNAPRAYAG,17.0,53,9.833024118738404,0.0,0.0,30.17552759890057,79.3003484465177,1495.1161,1592.0,36.30615615844727,"SubCentre, Jainta",1.313,36.245,0,2,0.0,30.0,54,2.0,41.9
41348,Kukdai,Karnaprayag,2009,115.11,1.1511,58.0,273,131.0,142.0,237.1644513943185,0.0,0.0,0.0,0.0,0.0,0.0,0.0,1,0,0,0,1,1,1,KARNAPRAYAG,18.0,24,8.791208791208792,0.0,0.0,30.23444207680942,79.22749172046876,1495.1161,1365.0,28.865856170654297,D.R Memorial Ortho Physio Care,2.543,34.003,0,2,0.0,30.0,46,2.4,49.2
41337,Kundela,Karnaprayag,2009,29.07,0.2907,8.0,26,11.0,15.0,89.43928448572412,0.0,0.0,0.0,0.0,0.0,0.0,0.0,1,0,0,0,0,0,1,KARNAPRAYAG,3.0,2,7.6923076923076925,0.0,0.0,30.2478675752434,79.21826228513288,1495.1161,989.0,22.128250122070312,D.R Memorial Ortho Physio Care,0.901,33.391,0,2,0.0,30.0,41,3.0,68.3
41435,Kundungra,Karnaprayag,2009,135.15,1.3515,35.0,142,75.0,67.0,105.06844247132814,0.0,0.0,0.0,0.0,0.0,0.0,0.0,1,0,0,0,0,0,1,KARNAPRAYAG,10.0,12,8.450704225352112,0.0,0.0,30.210948494168257,79.28633657375707,1495.1161,1207.0,43.5284423828125,"SubCentre, Jasyara",2.704,33.218,0,2,0.0,30.0,65,1.6,53.9
41432,Kuneth,Karnaprayag,2009,95.08,0.9508,58.0,247,113.0,134.0,259.78123685317627,0.0,0.0,0.0,0.0,0.0,0.0,0.0,1,0,0,0,0,1,1,KARNAPRAYAG,24.0,29,11.740890688259109,0.0,0.0,30.218521427834983,79.30096285103542,1495.1161,1673.0,22.82273292541504,"SubCentre, Jasyara",1.066,31.849,0,2,0.0,30.0,42,2.0,33.5
41459,Kwagar lagga top,Karnaprayag,2009,19.43,0.1943,11.0,55,25.0,30.0,283.06742151312403,0.0,0.0,0.0,0.0,0.0,0.0,0.0,1,0,0,0,0,0,1,KARNAPRAYAG,13.0,5,9.090909090909092,0.0,9.1,30.19592445122562,79.23214833378744,1495.1161,1117.0,15.495184898376465,"SubCentre, Naini",2.008,37.251,0,2,0.0,30.0,34,1.6,47.5
41462,Laloti,Karnaprayag,2009,4.82,0.0482,2.0,10,6.0,4.0,207.4688796680498,0.0,0.0,0.0,0.0,0.0,0.0,0.0,1,0,0,0,0,0,1,KARNAPRAYAG,10.0,2,20.0,0.0,0.0,30.19311190152053,79.24832302339607,1495.1161,1420.0,41.03208160400391,"SubCentre, Naini",3.59,36.703,0,2,0.0,30.0,60,1.6,52.6
41367,Langasu,Karnaprayag,2009,97.83,0.9783,89.0,365,175.0,190.0,373.0961872636206,18.63013698630137,0.0,0.0,0.0,1.0,0.0,1.0,1,1,0,1,1,1,1,KARNAPRAYAG,10.0,48,13.150684931506849,1.2,0.0,30.291967356419576,79.28258864822169,1495.1161,842.0,22.002422332763672,"SubCentre, Langasu",0.643,25.721,0,2,0.0,30.0,44,4.0,76.2
41350,Lwintha,Karnaprayag,2009,14.7,0.147,7.0,27,11.0,16.0,183.67346938775512,0.0,0.0,0.0,0.0,0.0,0.0,0.0,1,0,0,0,0,0,1,KARNAPRAYAG,16.0,2,7.4074074074074066,0.0,0.0,30.22896833120841,79.21570493885194,1495.1161,1725.0,33.75932312011719,D.R Memorial Ortho Physio Care,3.014,35.175,0,2,0.0,30.0,51,2.4,36.8
41301,Majkhola,Karnaprayag,2009,56.3,0.563,60.0,272,139.0,133.0,483.126110124334,0.0,0.0,0.0,0.0,0.0,0.0,0.0,1,0,0,0,0,0,1,GOCHAR,13.0,41,15.073529411764705,0.0,1.7,30.24481534995715,79.10675913462927,1997.9788,1552.0,29.028520584106445,ITBP Hospital,5.98,41.317,0,2,0.0,30.0,54,15.0,49.7
41387,Mangroli,Karnaprayag,2009,81.68,0.8168000000000001,50.0,241,113.0,128.0,295.0538687561214,0.0,17.012448132780083,0.0,0.0,0.0,0.0,0.0,1,0,0,0,1,1,1,NANDPRAYAG,2.0,25,10.37344398340249,0.0,0.0,30.316172270910045,79.3224009872035,1495.1161,933.0,26.882652282714844,Nandprayag Governnment Hospital,1.727,21.342,0,2,0.0,30.0,50,30.0,87.4
41313,Matha Manda  (Matha),Karnaprayag,2009,25.0,0.25,17.0,82,37.0,45.0,328.0,0.0,0.0,0.0,0.0,0.0,0.0,0.0,1,0,0,0,0,0,1,GOCHAR,10.0,12,14.634146341463412,0.0,5.6,30.224575138243047,79.12287484519291,1997.9788,1969.0,45.29286575317383,"SubCentre, Pungaon",3.645,41.611,0,2,0.0,30.0,74,1.6,53.3
41447,Matholi,Karnaprayag,2009,93.48,0.9348,49.0,237,109.0,128.0,253.5301668806161,35.0210970464135,0.0,0.0,0.0,0.0,0.0,0.0,1,1,0,1,1,0,1,KARNAPRAYAG,3.0,35,14.767932489451477,0.0,2.0,30.223257325120663,79.26469852002923,1495.1161,1114.0,23.66253089904785,"SubCentre, Simli",0.933,33.024,0,2,0.0,30.0,42,2.0,80.4
41485,Matiyala,Karnaprayag,2009,158.32,1.5832,45.0,171,74.0,97.0,108.0090955027792,29.239766081871345,0.0,0.0,0.0,0.0,0.0,0.0,1,0,0,0,1,0,1,KARNAPRAYAG,18.0,21,12.280701754385964,0.0,4.3,30.1809451269573,79.29397303281799,1495.1161,1136.0,13.912993431091309,"SubCentre, Jainta",0.921,35.926,0,2,0.0,30.0,33,2.0,43.2
41371,Mauna,Karnaprayag,2009,77.86,0.7786,40.0,215,111.0,104.0,276.13665553557666,14.418604651162791,0.0,0.0,0.0,0.0,0.0,0.0,1,0,0,0,0,0,1,KARNAPRAYAG,4.0,24,11.16279069767442,0.0,0.0,30.27916048380596,79.26136167473308,1495.1161,1117.0,40.56602096557617,"SubCentre, Umatta",0.923,28.086,0,2,0.0,30.0,64,2.0,65.2
41316,Melyagwar,Karnaprayag,2009,39.81,0.3981,3.0,9,4.0,5.0,22.607385079125848,100.0,0.0,0.0,0.0,0.0,0.0,0.0,1,0,0,0,0,0,1,KARNAPRAYAG,25.0,3,33.33333333333333,0.0,0.0,30.21437391934249,79.2008283083565,1495.1161,2024.0,15.505807876586914,"Health Sub Center ,Taluk Karanpryag",1.297,37.332,0,2,0.0,30.0,33,2.0,21.1
41292,Mulyagaon,Karnaprayag,2009,170.7,1.707,30.0,147,58.0,89.0,86.11599297012303,0.0,0.0,0.0,0.0,0.0,0.0,0.0,1,0,0,0,1,0,1,GOCHAR,12.0,21,14.285714285714285,0.0,0.0,30.25605981875136,79.10950271014747,1997.9788,1866.0,23.75881767272949,ITBP Hospital,4.866,40.336,0,2,0.0,30.0,50,24.0,53.5
41471,Nail,Karnaprayag,2009,40.76,0.4075999999999999,22.0,99,41.0,58.0,242.88518155053976,0.0,0.0,0.0,0.0,0.0,0.0,0.0,1,0,0,0,0,0,1,KARNAPRAYAG,9.0,17,17.17171717171717,0.0,0.0,30.193336785736363,79.26933889125884,1495.1161,1175.0,32.41825866699219,"SubCentre, Jainta",2.585,35.702,0,2,0.0,30.0,49,1.6,58.5
41320,Naini,Karnaprayag,2009,108.18,1.0818,62.0,259,127.0,132.0,239.41578850064704,26.25482625482625,0.0,0.0,0.0,1.0,0.0,1.0,1,0,0,0,0,0,1,KARNAPRAYAG,24.0,46,17.760617760617762,0.0,1.6,30.210352599601386,79.20991190895485,1495.1161,2002.0,26.428741455078125,"SubCentre, Naini",1.054,37.154,0,2,0.0,30.0,42,4.0,23.6
41331,Nakot Laga Dimar (Nakot Talla),Karnaprayag,2009,80.07,0.8007,15.0,45,16.0,29.0,56.20082427875609,0.0,0.0,0.0,0.0,0.0,0.0,0.0,1,0,0,0,1,1,1,KARNAPRAYAG,5.0,1,2.2222222222222223,0.0,0.0,30.26290193003891,79.23572680245815,1495.1161,1516.0,16.465396881103516,Semwal Clinic,1.77,31.036,0,2,0.0,30.0,37,3.0,78.5
41332,Nakot Malla,Karnaprayag,2009,53.58,0.5357999999999999,33.0,138,65.0,73.0,257.5587905935051,35.507246376811594,0.0,0.0,0.0,0.0,0.0,0.0,1,0,0,0,1,1,1,KARNAPRAYAG,5.0,16,11.594202898550725,0.0,0.0,30.26256745665833,79.24503874157227,1495.1161,1347.0,25.55778884887696,"SubCentre, Umatta",1.513,30.503,0,2,0.0,30.0,45,2.0,79.4
41300,Nalagaon,Karnaprayag,2009,21.0,0.21,10.0,36,13.0,23.0,171.42857142857144,0.0,0.0,0.0,0.0,0.0,0.0,0.0,1,1,0,0,0,0,1,GOCHAR,12.0,3,8.333333333333332,0.0,0.0,30.246377146977217,79.11587075736117,1997.9788,1503.0,12.722667694091797,ITBP Hospital,5.335,40.529,0,2,0.0,30.0,41,15.0,47.4
41302,Naugaon,Karnaprayag,2009,24.93,0.2493,12.0,50,24.0,26.0,200.56157240272765,0.0,0.0,0.0,0.0,0.0,0.0,0.0,1,0,0,0,0,0,1,GOCHAR,14.0,4,8.0,0.0,0.0,30.248577335617536,79.10111156420314,1997.9788,1991.0,5.658753871917725,ITBP Hospital,6.024,41.483,0,2,0.0,30.0,35,15.0,47.5
41295,Naugara lagga kandai,Karnaprayag,2009,9.0,0.09,2.0,10,6.0,4.0,111.11111111111111,100.0,0.0,0.0,0.0,0.0,0.0,0.0,0,1,0,0,0,0,1,GOCHAR,9.0,0,0.0,0.0,0.0,30.256197820027097,79.1253127588343,1495.1161,1359.0,42.06354141235352,ITBP Hospital,3.934,39.136,0,2,0.0,30.0,60,24.0,52.6
41468,Nauli Gunth,Karnaprayag,2009,150.26,1.5026,27.0,113,58.0,55.0,75.20298149873553,0.0,0.0,0.0,0.0,0.0,0.0,0.0,1,0,0,0,0,0,1,KARNAPRAYAG,15.0,15,13.274336283185844,3.6,0.0,30.20463787361357,79.29111061477619,1495.1161,1091.0,43.114234924316406,"SubCentre, Jasyara",2.79,33.645,0,2,0.0,30.0,64,1.6,43.1
41399,Nauli Malli,Karnaprayag,2009,7.69,0.0769,18.0,89,40.0,49.0,1157.3472041612483,15.730337078651685,0.0,0.0,0.0,0.0,0.0,0.0,1,0,0,0,0,0,1,KARNAPRAYAG,30.0,7,7.865168539325842,0.0,27.8,30.284446699545995,79.34310377087247,1495.1161,1645.0,18.0333194732666,"SubCentre, Kandara",1.267,23.519,0,2,0.0,30.0,42,2.0,26.9
41382,Nauli Talli,Karnaprayag,2009,33.05,0.3304999999999999,12.0,51,25.0,26.0,154.31164901664147,0.0,0.0,0.0,0.0,0.0,0.0,0.0,0,0,0,1,1,1,1,KARNAPRAYAG,7.0,3,5.88235294117647,0.0,0.0,30.30261773034561,79.30338912979192,1495.1161,1065.0,35.92973327636719,"SubCentre, Langasu",2.076,23.602,0,2,0.0,30.0,59,1.6,68.0
41420,Nausari,Karnaprayag,2009,48.64,0.4864,28.0,103,45.0,58.0,211.75986842105263,19.41747572815534,0.0,0.0,0.0,0.0,0.0,0.0,1,0,0,0,1,0,1,KARNAPRAYAG,18.0,11,10.679611650485436,0.0,7.1,30.235900442183045,79.28739382477234,1495.1161,1867.0,34.31422805786133,"SubCentre, Jasyara",2.643,30.721,0,2,0.0,30.0,54,1.6,42.5
41314,Nauti,Karnaprayag,2009,194.85,1.9485,202.0,793,398.0,395.0,406.9797279958943,32.78688524590164,0.0,0.0,0.0,0.0,0.0,0.0,1,1,0,0,1,1,1,KARNAPRAYAG,17.0,105,13.240857503152585,0.0,5.9,30.21994638434697,79.18477944913279,1495.1161,2380.0,55.09814834594727,"Health Sub Center ,Taluk Karanpryag",2.222,37.836,0,2,0.0,30.0,65,1.6,44.4
41368,Niwadi,Karnaprayag,2009,27.83,0.2783,27.0,109,49.0,60.0,391.66367229608335,0.0,0.0,0.0,0.0,0.0,0.0,0.0,1,0,0,0,1,0,1,KARNAPRAYAG,10.0,5,4.587155963302752,0.0,0.0,30.290777461536585,79.28954096847546,1495.1161,910.0,25.776960372924805,"SubCentre, Langasu",0.211,25.438,0,2,0.0,30.0,47,2.0,63.6
41312,Ovyagwar,Karnaprayag,2009,59.1,0.591,36.0,158,70.0,88.0,267.3434856175973,0.0,0.0,0.0,0.0,0.0,0.0,0.0,1,0,0,0,0,0,1,GOCHAR,12.0,12,7.59493670886076,0.0,2.8,30.22453876161636,79.11230450968745,1997.9788,2164.0,27.89774513244629,"SubCentre, Pungaon",4.013,42.367,0,2,0.0,30.0,52,1.6,43.6
41439,Padli,Karnaprayag,2009,88.87,0.8887,33.0,142,63.0,79.0,159.78395409024418,0.0,0.0,0.0,0.0,0.0,0.0,0.0,1,0,0,0,0,0,1,KARNAPRAYAG,15.0,27,19.01408450704225,0.0,0.0,30.21699101219524,79.31689525122795,1495.1161,1582.0,33.03120803833008,"SubCentre, Jasyara",0.914,31.387,0,2,0.0,30.0,52,2.0,48.4
41286,Paduligwar,Karnaprayag,2009,51.52,0.5152,45.0,174,69.0,105.0,337.7329192546584,0.0,0.0,0.0,0.0,0.0,0.0,0.0,1,0,1,0,0,0,1,GOCHAR,8.0,12,6.896551724137931,0.0,0.0,30.262178501155184,79.14241373498537,1495.1161,1294.0,17.51286506652832,ITBP Hospital,2.788,37.444,0,2,0.0,30.0,35,24.0,59.2
41400,Pajyana,Karnaprayag,2009,19.15,0.1914999999999999,15.0,80,36.0,44.0,417.7545691906006,0.0,0.0,0.0,0.0,0.0,0.0,0.0,1,0,0,0,0,0,1,KARNAPRAYAG,30.0,16,20.0,0.0,6.7,30.29202370509523,79.36901600998917,1495.1161,1202.0,49.26294708251953,"SubCentre, Thirpak",1.139,21.836,0,2,0.0,30.0,72,2.0,21.8
41396,Palnav Sunali,Karnaprayag,2009,42.51,0.4251,7.0,35,17.0,18.0,82.33356857210069,100.0,0.0,0.0,0.0,0.0,0.0,0.0,1,0,0,0,0,0,1,KARNAPRAYAG,35.0,6,17.142857142857142,0.0,20.0,30.280206021890493,79.32535980338484,1495.1161,1437.0,41.28913879394531,"SubCentre, Kandara",0.57,24.672,0,2,0.0,30.0,66,2.0,10.8
41422,Partoli,Karnaprayag,2009,23.44,0.2344,26.0,104,50.0,54.0,443.6860068259385,0.0,0.0,0.0,0.0,0.0,0.0,0.0,1,0,0,0,0,0,1,KARNAPRAYAG,19.0,10,9.615384615384617,0.0,0.0,30.244916197519085,79.29978169693457,1495.1161,2286.0,28.09894752502441,"SubCentre, Jasyara",2.631,29.277,0,2,0.0,30.0,48,1.6,32.5
41437,Phala,Karnaprayag,2009,16.78,0.1678,8.0,39,21.0,18.0,232.41954707985693,0.0,0.0,0.0,0.0,0.0,0.0,0.0,1,0,0,0,0,0,1,KARNAPRAYAG,13.0,5,12.82051282051282,14.3,0.0,30.21313881549221,79.30950306089481,1495.1161,1581.0,23.32658576965332,"SubCentre, Jasyara",1.124,32.057,0,2,0.0,30.0,42,2.0,47.4
41415,Phalota,Karnaprayag,2009,29.24,0.2924,23.0,104,46.0,58.0,355.67715458276336,0.0,0.0,0.0,0.0,0.0,0.0,0.0,1,0,0,0,0,1,1,KARNAPRAYAG,13.0,13,12.5,0.0,0.0,30.246569429596512,79.29358907853799,1495.1161,2129.0,34.52899932861328,"SubCentre, Kankhul Malla",2.904,29.398,0,2,0.0,30.0,55,1.6,48.0
41334,Pipalsera,Karnaprayag,2009,6.27,0.0626999999999999,48.0,157,89.0,68.0,2503.9872408293463,3.821656050955414,0.0,0.0,0.0,0.0,0.0,0.0,0,1,0,1,1,1,1,KARNAPRAYAG,7.0,20,12.738853503184714,0.0,0.0,30.252201779431765,79.2370714259177,1495.1161,808.0,37.33408737182617,D.R Memorial Ortho Physio Care,1.828,31.88,0,2,0.0,30.0,57,3.0,69.1
41309,Pokhari,Karnaprayag,2009,24.12,0.2412,20.0,63,25.0,38.0,261.1940298507463,0.0,0.0,1.0,0.0,0.0,0.0,1.0,1,0,0,0,0,0,1,GOCHAR,24.0,7,11.11111111111111,0.0,0.0,30.239269931694896,79.12615679672243,1495.1161,1663.0,9.715786933898926,"SubCentre, Pungaon",5.2,40.286,0,2,0.0,30.0,27,31.0,26.6
41351,Pudiyani,Karnaprayag,2009,156.3,1.5630000000000002,141.0,600,264.0,336.0,383.87715930902107,38.16666666666666,0.0,0.0,0.0,0.0,0.0,0.0,1,1,0,0,1,1,1,KARNAPRAYAG,10.0,90,15.0,0.0,5.6,30.22024599128059,79.22450063810676,1495.1161,1701.0,25.572858810424805,"SubCentre, Naini",2.442,35.438,0,2,0.0,30.0,43,1.6,73.5
41484,Purna,Karnaprayag,2009,40.98,0.4097999999999999,21.0,92,45.0,47.0,224.4997559785261,0.0,0.0,0.0,0.0,0.0,0.0,0.0,1,0,0,0,0,0,1,KARNAPRAYAG,19.0,10,10.869565217391305,0.0,0.0,30.174862902703307,79.28860114733709,1495.1161,1313.0,18.99628639221192,"SubCentre, Jainta",0.2,36.75,0,2,0.0,30.0,37,2.0,37.4
41340,Radkhi,Karnaprayag,2009,55.25,0.5525,16.0,78,35.0,43.0,141.1764705882353,39.74358974358975,0.0,0.0,0.0,0.0,0.0,0.0,1,0,0,0,0,0,1,KARNAPRAYAG,6.0,13,16.666666666666664,0.0,0.0,30.24251964686414,79.23263122564302,1495.1161,1200.0,32.832130432128906,D.R Memorial Ortho Physio Care,2.016,32.99,0,2,0.0,30.0,51,2.4,58.3
41385,Rambori,Karnaprayag,2009,20.31,0.2030999999999999,19.0,97,50.0,47.0,477.5972427375677,0.0,0.0,0.0,0.0,0.0,0.0,0.0,1,0,0,0,0,0,1,NANDPRAYAG,5.0,11,11.34020618556701,0.0,0.0,30.32366793100808,79.31479162387677,1495.1161,1192.0,22.278976440429688,Nandprayag Governnment Hospital,1.071,21.059,0,2,0.0,30.0,46,30.0,69.0
41329,Rangaon,Karnaprayag,2009,27.34,0.2734,3.0,19,10.0,9.0,69.49524506217996,0.0,0.0,0.0,0.0,0.0,0.0,0.0,1,0,0,0,0,0,1,KARNAPRAYAG,12.0,2,10.526315789473683,0.0,0.0,30.2071180618642,79.23204922301498,1495.1161,1485.0,25.24018669128418,"SubCentre, Naini",2.03,36.217,0,2,0.0,30.0,42,1.6,47.2
41442,Rangawn,Karnaprayag,2009,7.05,0.0705,8.0,34,20.0,14.0,482.2695035460993,0.0,0.0,0.0,0.0,0.0,0.0,0.0,1,0,0,0,0,0,1,KARNAPRAYAG,20.0,8,23.52941176470588,0.0,0.0,30.218626884226417,79.33941291937779,1495.1161,1294.0,32.64313125610352,"SubCentre, Sainj",1.737,30.456,0,2,0.0,30.0,52,2.0,36.8
41454,Ratura,Karnaprayag,2009,196.44,1.9644,125.0,433,193.0,240.0,220.42353899409488,36.48960739030024,0.0,0.0,0.0,0.0,0.0,0.0,0,1,0,0,1,1,1,KARNAPRAYAG,7.0,33,7.621247113163972,0.0,0.0,30.20639293367778,79.26848452417816,1495.1161,1199.0,24.50604057312012,"SubCentre, Simli",2.737,34.465,0,2,0.0,30.0,42,1.6,71.8
41421,Ritholi,Karnaprayag,2009,27.4,0.2739999999999999,13.0,46,19.0,27.0,167.88321167883214,0.0,0.0,0.0,0.0,0.0,0.0,0.0,1,0,0,0,0,0,1,KARNAPRAYAG,20.0,1,2.1739130434782608,0.0,0.0,30.238893743789525,79.29480506273035,1495.1161,1887.0,40.73875045776367,"SubCentre, Jasyara",2.316,30.091,0,2,0.0,30.0,63,1.6,32.0
41376,Saij,Karnaprayag,2009,26.22,0.2622,47.0,209,100.0,109.0,797.1014492753624,0.0,0.0,0.0,0.0,0.0,0.0,0.0,1,0,0,1,0,1,1,KARNAPRAYAG,10.0,31,14.832535885167465,0.0,0.0,30.27591099686441,79.30154875832156,1495.1161,1217.0,25.204477310180664,"SubCentre, Langasu",1.936,26.195,0,2,0.0,30.0,47,2.0,69.6
41358,Sainu,Karnaprayag,2009,105.81,1.0581,73.0,325,147.0,178.0,307.1543332388243,17.53846153846154,0.0,0.0,0.0,0.0,0.0,0.0,1,0,0,0,0,1,1,KARNAPRAYAG,12.0,31,9.538461538461538,0.0,0.0,30.219963038981792,79.24717688462295,1495.1161,1080.0,43.32752227783203,"SubCentre, Simli",1.457,34.227,0,2,0.0,30.0,64,2.0,50.2
41297,Sakand,Karnaprayag,2009,12.2,0.122,15.0,68,38.0,30.0,557.3770491803278,0.0,0.0,0.0,0.0,0.0,0.0,0.0,1,0,0,0,1,0,1,GOCHAR,8.0,9,13.23529411764706,0.0,6.7,30.247131074591817,79.14504286386004,1495.1161,2030.0,56.24433517456055,"SubCentre, Siran",3.779,38.349,0,2,0.0,30.0,65,1.6,53.2
41466,Saliyana Malla,Karnaprayag,2009,47.62,0.4761999999999999,34.0,120,52.0,68.0,251.994960100798,43.333333333333336,0.0,0.0,0.0,0.0,0.0,0.0,1,0,0,0,0,0,1,KARNAPRAYAG,18.0,18,15.0,0.0,0.0,30.201248482337576,79.2759303320852,1495.1161,926.0,15.721628189086914,"SubCentre, Jainta",3.037,34.631,0,2,0.0,30.0,35,1.6,37.7
41475,Sauna,Karnaprayag,2009,32.18,0.3218,9.0,49,25.0,24.0,152.26848974518336,0.0,0.0,0.0,0.0,0.0,0.0,0.0,1,0,0,0,0,0,1,KARNAPRAYAG,20.0,6,12.244897959183673,0.0,0.0,30.1899901895538,79.2945785345351,1495.1161,1026.0,19.32328414916992,"SubCentre, Jainta",1.774,34.983,0,2,0.0,30.0,38,2.0,37.0
41384,Sem,Karnaprayag,2009,56.41,0.5640999999999999,24.0,109,41.0,68.0,193.2281510370502,0.0,0.0,0.0,0.0,0.0,0.0,0.0,0,0,0,0,0,0,1,NANDPRAYAG,5.0,16,14.678899082568808,0.0,0.0,30.325560460520755,79.30930827712486,1495.1161,1080.0,28.856788635253903,Nandprayag Governnment Hospital,1.313,21.199,0,2,0.0,30.0,52,30.0,69.1
41463,Sem,Karnaprayag,2009,210.44,2.1044,84.0,373,180.0,193.0,177.2476715453336,28.9544235924933,0.0,0.0,0.0,0.0,0.0,0.0,1,0,0,0,1,1,1,KARNAPRAYAG,13.0,51,13.672922252010723,0.0,0.0,30.187680275400183,79.24338052272459,1495.1161,1376.0,33.799842834472656,"SubCentre, Naini",3.353,37.463,0,2,0.0,30.0,50,1.6,60.7
41443,Sera Pakhudi,Karnaprayag,2009,49.43,0.4943,27.0,102,56.0,46.0,206.35241756018613,0.0,0.0,0.0,0.0,0.0,0.0,0.0,1,0,0,0,0,0,1,KARNAPRAYAG,18.0,11,10.784313725490197,0.0,0.0,30.20892032505601,79.3324267768367,1495.1161,1320.0,45.66671371459961,"SubCentre, Sainj",2.105,31.692,0,2,0.0,30.0,68,1.6,32.5
41288,Sidoli,Karnaprayag,2009,29.4,0.294,17.0,63,35.0,28.0,214.2857142857143,76.19047619047619,0.0,0.0,0.0,1.0,0.0,1.0,1,1,1,0,1,0,1,GOCHAR,10.0,8,12.698412698412698,0.0,0.0,30.26435438522113,79.12062203394258,1997.9788,1892.0,38.81233596801758,ITBP Hospital,3.461,38.927,0,2,0.0,30.0,68,26.0,58.1
41349,Silangi,Karnaprayag,2009,26.48,0.2648,8.0,47,25.0,22.0,177.49244712990938,0.0,0.0,0.0,0.0,0.0,0.0,0.0,1,0,0,0,0,0,1,KARNAPRAYAG,16.0,6,12.76595744680851,0.0,0.0,30.23640261954623,79.21337486522494,1495.1161,1487.0,32.83772277832031,D.R Memorial Ortho Physio Care,2.231,34.671,0,2,0.0,30.0,50,2.4,37.0
41375,Silangi,Karnaprayag,2009,78.15,0.7815000000000001,85.0,314,154.0,160.0,401.79142674344206,11.78343949044586,0.0,0.0,0.0,1.0,0.0,1.0,1,0,0,1,0,1,1,KARNAPRAYAG,18.0,41,13.05732484076433,0.0,0.0,30.27102916067833,79.30062678209993,1495.1161,1495.0,35.46803665161133,"SubCentre, Langasu",2.329,26.706,0,2,0.0,30.0,58,3.6,44.6
41328,Simalt,Karnaprayag,2009,46.08,0.4608,30.0,117,57.0,60.0,253.90625,35.04273504273504,0.0,0.0,0.0,0.0,0.0,0.0,1,0,0,0,0,0,1,KARNAPRAYAG,14.0,21,17.94871794871795,0.0,0.0,30.20378063561716,79.22760071574515,1495.1161,1622.0,24.37374496459961,"SubCentre, Naini",1.518,36.763,0,2,0.0,30.0,41,2.0,48.2
41341,Simli,Karnaprayag,2009,57.65,0.5765,94.0,413,213.0,200.0,716.3920208152645,37.04600484261501,0.0,0.0,0.0,1.0,0.0,1.0,0,0,0,1,1,1,1,KARNAPRAYAG,6.0,44,10.653753026634384,0.0,0.0,30.2478516032505,79.24165821905255,1495.1161,938.0,37.63029861450195,D.R Memorial Ortho Physio Care,2.396,31.995,0,2,0.0,30.0,58,4.4,71.6
41478,Simtoli,Karnaprayag,2009,147.27,1.4727,28.0,161,73.0,88.0,109.32301215454606,24.22360248447205,0.0,0.0,0.0,0.0,0.0,0.0,1,0,0,0,1,0,1,KARNAPRAYAG,20.0,22,13.664596273291924,0.0,0.0,30.176487857144533,79.26671698315384,1495.1161,1758.0,31.335464477539062,"SubCentre, Jainta",1.922,37.48,0,2,0.0,30.0,47,2.0,43.1
41285,Sindrawani Laga Jhirkoti,Karnaprayag,2009,48.05,0.4805,58.0,255,115.0,140.0,530.6971904266389,0.0,0.0,0.0,0.0,0.0,0.0,0.0,0,0,0,1,1,1,1,GOCHAR,7.0,36,14.117647058823527,0.0,0.0,30.263308340329875,79.15408706246201,1495.1161,1294.0,20.383729934692383,"SubCentre, Bamoth",2.479,36.508,0,2,0.0,30.0,38,1.6,75.0
41287,Sindwani Laga Kanda,Karnaprayag,2009,22.77,0.2276999999999999,17.0,54,23.0,31.0,237.15415019762847,0.0,0.0,0.0,0.0,0.0,0.0,0.0,0,0,0,0,0,0,1,GOCHAR,2.0,8,14.814814814814811,0.0,0.0,30.26380849329771,79.13208814138612,1495.1161,1594.0,28.598464965820312,ITBP Hospital,2.883,38.098,0,2,0.0,30.0,44,24.0,75.5
41283,Siran,Karnaprayag,2009,127.51,1.2751,110.0,501,210.0,291.0,392.91035997176687,0.0,0.0,0.0,0.0,0.0,0.0,0.0,0,0,0,0,1,0,1,KARNAPRAYAG,7.0,72,14.37125748502994,0.0,0.9,30.262098526953004,79.17509987455813,1495.1161,1114.0,28.7896785736084,"SubCentre, Siran",0.509,35.097,0,2,0.0,30.0,45,2.0,67.5
41469,Siri,Karnaprayag,2009,94.94,0.9494,60.0,274,116.0,158.0,288.60332841794815,41.24087591240876,0.0,0.0,0.0,0.0,0.0,0.0,1,0,0,0,0,0,1,KARNAPRAYAG,12.0,49,17.88321167883212,0.0,0.0,30.19794675361264,79.29256132089151,1495.1161,1022.0,33.76164245605469,"SubCentre, Jainta",2.551,34.258,0,2,0.0,30.0,52,1.6,49.7
41451,Siroli,Karnaprayag,2009,130.85,1.3085,19.0,83,36.0,47.0,63.43141001146351,30.120481927710845,4.819277108433735,0.0,0.0,0.0,0.0,0.0,1,1,0,1,1,1,1,KARNAPRAYAG,11.0,9,10.843373493975903,0.0,0.0,30.211072009175847,79.25520259026732,1495.1161,1104.0,32.20940399169922,"SubCentre, Simli",2.036,34.653,0,2,0.0,30.0,49,1.6,62.8
41473,Sirpa,Karnaprayag,2009,96.56,0.9656,29.0,179,90.0,89.0,185.37696768848383,0.0,0.0,0.0,0.0,0.0,0.0,0.0,1,0,0,0,0,0,1,KARNAPRAYAG,21.0,22,12.290502793296088,0.0,0.0,30.18746694789377,79.27976820770505,1495.1161,1359.0,36.8587760925293,"SubCentre, Jainta",1.48,35.834,0,2,0.0,30.0,55,2.0,22.8
41363,Sirtoli Bairphala,Karnaprayag,2009,60.71,0.6071,21.0,64,23.0,41.0,105.41920606160436,0.0,0.0,0.0,0.0,0.0,0.0,0.0,1,0,0,0,0,0,1,KARNAPRAYAG,8.0,7,10.9375,0.0,0.0,30.28476064749134,79.2534550124603,1495.1161,973.0,35.88529586791992,ECHS PolyClinic,0.479,28.082,0,2,0.0,30.0,58,3.0,53.1
41383,Sonla,Karnaprayag,2009,85.69,0.8569,82.0,371,191.0,180.0,432.9560042011904,29.649595687331537,16.442048517520217,0.0,0.0,1.0,0.0,1.0,0,0,0,1,1,0,1,NANDPRAYAG,5.0,43,11.590296495956872,0.0,3.7,30.313189899772475,79.30888790636247,1495.1161,1019.0,37.64096832275391,Nandprayag Governnment Hospital,2.361,22.336,0,2,0.0,30.0,62,26.0,76.7
41494,Sonla van beat,Karnaprayag,2009,2044.8,20.448,4.0,4,4.0,0.0,0.1956181533646322,50.0,0.0,0.0,0.0,0.0,0.0,0.0,0,0,0,1,1,1,1,KARNAPRAYAG,18.0,0,0.0,0.0,0.0,30.264490454233265,79.32503648949397,1495.1161,2089.0,37.33408737182617,"SubCentre, Kandara",2.161,26.252,0,2,0.0,30.0,60,1.6,41.5
41278,Srikot,Karnaprayag,2009,43.0,0.43,24.0,118,57.0,61.0,274.4186046511628,46.61016949152542,0.0,0.0,0.0,0.0,0.0,0.0,1,0,0,0,1,1,1,GOCHAR,3.0,13,11.016949152542372,0.0,0.0,30.275058783269987,79.15363927924709,1495.1161,904.0,38.29731750488281,ITBP Hospital,1.57,35.702,0,2,0.0,30.0,57,30.0,74.2
41418,Suktoli,Karnaprayag,2009,67.82,0.6781999999999999,47.0,179,79.0,100.0,263.9339427897376,11.1731843575419,0.0,0.0,0.0,0.0,0.0,0.0,1,0,0,0,1,0,1,KARNAPRAYAG,13.0,20,11.1731843575419,0.0,2.0,30.23574309499584,79.27059740540503,1495.1161,1103.0,27.019954681396484,"SubCentre, Simli",1.419,31.546,0,2,0.0,30.0,45,2.0,53.8
41417,Sumalt,Karnaprayag,2009,44.27,0.4427,19.0,90,40.0,50.0,203.2979444318952,7.777777777777778,0.0,0.0,0.0,0.0,0.0,0.0,1,0,0,0,0,0,1,KARNAPRAYAG,12.0,8,8.88888888888889,0.0,0.0,30.23998540748294,79.27703151300214,1495.1161,1275.0,21.656381607055664,"SubCentre, Kankhul Malla",2.084,30.824,0,2,0.0,30.0,42,1.6,47.9
41438,Sunai,Karnaprayag,2009,25.33,0.2532999999999999,20.0,77,27.0,50.0,303.9873667587841,23.37662337662337,0.0,0.0,0.0,0.0,0.0,0.0,1,0,0,0,0,0,1,KARNAPRAYAG,13.0,7,9.090909090909092,0.0,0.0,30.20748949259116,79.31615916649535,1495.1161,1325.0,23.86432266235352,"SubCentre, Jasyara",1.825,32.39,0,2,0.0,30.0,43,2.0,47.8
41306,Sunak,Karnaprayag,2009,26.04,0.2603999999999999,29.0,126,63.0,63.0,483.87096774193554,0.0,0.0,0.0,0.0,0.0,0.0,0.0,0,0,0,0,0,0,1,GOCHAR,11.0,16,12.698412698412698,0.0,0.0,30.23343942005592,79.10167711804523,1997.9788,1951.0,28.419816970825195,"SubCentre, Pungaon",5.386,42.496,0,2,0.0,30.0,53,1.0,48.3
41397,Sunali,Karnaprayag,2009,80.81,0.8081,105.0,482,220.0,262.0,596.4608340551912,40.04149377593361,0.0,0.0,0.0,0.0,0.0,0.0,1,0,0,0,1,0,1,KARNAPRAYAG,30.0,52,10.78838174273859,0.0,0.9,30.281804469363145,79.3340299046195,1495.1161,1599.0,27.099897384643555,"SubCentre, Kandara",0.432,24.147,0,2,0.0,30.0,49,2.0,35.8
41346,Sundar Gaon,Karnaprayag,2009,133.53,1.3353,41.0,184,88.0,96.0,137.79674979405377,6.521739130434782,0.0,0.0,0.0,0.0,0.0,0.0,1,0,0,0,0,0,1,KARNAPRAYAG,7.0,20,10.869565217391305,0.0,2.4,30.243561051241947,79.2462719239031,1495.1161,798.0,12.163008689880373,"SubCentre, Simli",1.945,32.116,0,2,0.0,30.0,33,2.0,59.3
41369,Swarka,Karnaprayag,2009,48.35,0.4835,10.0,51,22.0,29.0,105.48086866597724,0.0,0.0,0.0,0.0,0.0,0.0,0.0,1,0,0,0,0,0,1,KARNAPRAYAG,12.0,9,17.647058823529413,0.0,0.0,30.283491581736453,79.28663466012745,1495.1161,921.0,11.75268268585205,"SubCentre, Langasu",0.651,26.261,0,2,0.0,30.0,36,2.0,47.5
41453,Swarka,Karnaprayag,2009,44.05,0.4404999999999999,23.0,96,50.0,46.0,217.9341657207719,59.375,0.0,0.0,0.0,0.0,0.0,0.0,1,0,0,0,0,0,1,KARNAPRAYAG,8.0,11,11.458333333333332,0.0,0.0,30.2160004382265,79.27475138250703,1495.1161,852.0,17.779081344604492,"SubCentre, Simli",2.189,33.241,0,2,0.0,30.0,37,1.6,58.5
41436,Syan Kisanpur,Karnaprayag,2009,252.25,2.5225,26.0,114,56.0,58.0,45.19326065411298,61.40350877192983,0.0,0.0,0.0,0.0,0.0,0.0,1,0,0,0,0,0,1,KARNAPRAYAG,14.0,14,12.280701754385964,0.0,0.0,30.20737263184716,79.30261026806487,1495.1161,1676.0,43.1855354309082,"SubCentre, Jasyara",1.922,32.908,0,2,0.0,30.0,65,2.0,43.1
41425,Talai,Karnaprayag,2009,18.85,0.1885,25.0,124,57.0,67.0,657.8249336870026,50.0,0.0,0.0,0.0,0.0,0.0,0.0,1,0,0,0,0,0,1,KARNAPRAYAG,8.0,14,11.29032258064516,0.0,0.0,30.232012544915413,79.29472910491262,1495.1161,1622.0,25.02488899230957,"SubCentre, Jasyara",1.817,30.771,0,2,0.0,30.0,44,2.0,58.7
41345,Tatasu urf majyri,Karnaprayag,2009,46.96,0.4696,89.0,339,170.0,169.0,721.8909710391822,12.094395280235988,1.4749262536873156,0.0,0.0,0.0,0.0,0.0,1,1,0,1,1,1,1,KARNAPRAYAG,12.0,47,13.864306784660767,0.0,0.0,30.24381693897116,79.25867028440626,1495.1161,1018.0,28.339555740356445,"SubCentre, Kankhul Malla",1.471,31.411,0,2,0.0,30.0,47,2.0,65.4
41289,Taul Sain,Karnaprayag,2009,53.0,0.53,11.0,40,23.0,17.0,75.47169811320754,0.0,0.0,0.0,0.0,0.0,0.0,0.0,1,0,0,0,0,0,1,GOCHAR,5.0,6,15.0,0.0,0.0,30.264734823976248,79.11132115455119,1997.9788,1959.0,40.438472747802734,ITBP Hospital,4.096,39.614,0,2,0.0,30.0,70,24.0,63.4
41335,Tauli Daduli,Karnaprayag,2009,61.63,0.6163000000000001,12.0,47,24.0,23.0,76.26156092811941,12.76595744680851,0.0,0.0,0.0,0.0,0.0,0.0,1,0,0,1,1,1,1,KARNAPRAYAG,7.0,6,12.76595744680851,0.0,0.0,30.24901504301947,79.23266527343418,1495.1161,995.0,46.93226623535156,D.R Memorial Ortho Physio Care,1.561,32.419,0,2,0.0,30.0,67,3.0,68.0
41388,Tefna,Karnaprayag,2009,41.75,0.4175,82.0,385,183.0,202.0,922.1556886227544,18.44155844155844,38.701298701298704,0.0,0.0,0.0,0.0,0.0,1,0,0,0,1,1,1,NANDPRAYAG,5.0,39,10.129870129870133,0.0,0.0,30.30756160336464,79.32822875682558,1495.1161,924.0,4.276597499847412,"SubCentre, Kandara",2.686,21.871,0,2,0.0,30.0,32,1.6,81.8
41441,Thagyala Gwar,Karnaprayag,2009,15.25,0.1525,8.0,49,23.0,26.0,321.3114754098361,0.0,0.0,0.0,0.0,0.0,0.0,0.0,1,0,0,0,0,0,1,KARNAPRAYAG,14.0,8,16.3265306122449,0.0,0.0,30.224142123736645,79.33490989823127,1495.1161,1410.0,41.50592041015625,"SubCentre, Jasyara",2.333,30.022,0,2,0.0,30.0,64,1.6,42.5
41467,Thapli,Karnaprayag,2009,87.33,0.8733,39.0,129,60.0,69.0,147.7155616626589,27.906976744186046,0.0,0.0,0.0,0.0,0.0,0.0,1,0,0,1,0,0,1,KARNAPRAYAG,14.0,17,13.178294573643411,0.0,0.0,30.20576709317418,79.27954934500309,1495.1161,925.0,35.60443878173828,"SubCentre, Simli",3.338,34.026,0,2,0.0,30.0,54,1.6,48.3
41392,Thirpak,Karnaprayag,2009,108.92,1.0892,107.0,394,179.0,215.0,361.733382298935,21.573604060913706,16.751269035532996,0.0,0.0,1.0,0.0,1.0,1,0,0,1,1,0,1,KARNAPRAYAG,8.0,51,12.944162436548224,1.0,7.8,30.299928789179653,79.35892507695705,1495.1161,1152.0,26.428741455078125,"SubCentre, Thirpak",0.455,21.348,0,2,0.0,30.0,50,4.0,71.4
41317,Toli,Karnaprayag,2009,33.26,0.3326,51.0,182,88.0,94.0,547.2038484666266,2.747252747252748,0.0,0.0,0.0,0.0,0.0,0.0,1,1,0,0,1,1,1,KARNAPRAYAG,19.0,17,9.34065934065934,0.0,0.0,30.21127486593184,79.19244507493147,1495.1161,2037.0,24.981704711914062,"Health Sub Center ,Taluk Karanpryag",1.018,38.104,0,2,0.0,30.0,41,2.0,43.3
41461,Top,Karnaprayag,2009,185.32,1.8532,142.0,629,295.0,334.0,339.4129074034103,20.03179650238474,0.0,0.0,0.0,0.0,0.0,0.0,1,1,0,1,1,0,1,KARNAPRAYAG,18.0,75,11.92368839427663,0.0,0.0,30.18906509178144,79.2284915711095,1495.1161,1265.0,42.717620849609375,"SubCentre, Naini",2.063,38.081,0,2,0.0,30.0,62,1.6,47.8
41489,Trikot,Karnaprayag,2009,39.09,0.3909,14.0,53,21.0,32.0,135.58454847787158,0.0,0.0,0.0,0.0,0.0,0.0,0.0,1,0,0,0,0,0,1,KARNAPRAYAG,17.0,8,15.09433962264151,0.0,0.0,30.179715024231136,79.31868240034237,1495.1161,1574.0,27.019954681396484,"SubCentre, Jainta",3.11,35.185,0,2,0.0,30.0,44,1.6,37.0
41377,Ulphada,Karnaprayag,2009,107.97,1.0797,13.0,49,23.0,26.0,45.38297675280171,0.0,0.0,0.0,0.0,0.0,0.0,0.0,1,0,0,0,0,0,1,KARNAPRAYAG,13.0,4,8.16326530612245,0.0,0.0,30.281682199950165,79.29246413121498,1495.1161,1001.0,21.62065315246582,"SubCentre, Langasu",0.915,26.116,0,2,0.0,30.0,44,2.0,47.5
41361,Umatta,Karnaprayag,2009,51.21,0.5121,37.0,131,66.0,65.0,255.80941222417496,3.816793893129771,0.0,0.0,0.0,1.0,0.0,1.0,1,0,0,0,0,0,1,KARNAPRAYAG,5.0,13,9.923664122137405,0.0,0.0,30.27109623407377,79.25125074187241,1495.1161,1452.0,42.903846740722656,"SubCentre, Umatta",0.399,29.39,0,2,0.0,30.0,66,4.0,64.3
41380,Umrakot Urf Baidanu,Karnaprayag,2009,158.47,1.5847,115.0,413,192.0,221.0,260.61715151132705,17.433414043583532,17.91767554479419,0.0,0.0,0.0,0.0,0.0,1,1,0,1,1,1,1,KARNAPRAYAG,14.0,58,14.043583535108958,0.0,0.9,30.29555012665976,79.29757876870787,1495.1161,817.0,5.667935848236084,"SubCentre, Langasu",1.131,24.564,0,2,0.0,30.0,32,2.0,66.1
41366,Uttaraun,Karnaprayag,2009,58.79,0.5879,175.0,636,329.0,307.0,1081.816635482225,25.78616352201258,1.10062893081761,0.0,0.0,0.0,0.0,0.0,1,1,0,1,1,1,1,KARNAPRAYAG,10.0,82,12.89308176100629,0.0,0.0,30.291378496153765,79.27471434958481,1495.1161,799.0,8.363865852355957,"SubCentre, Langasu",1.34,26.229,0,2,0.0,30.0,33,2.0,78.9
41264,Airas,Pokhari ,2009,132.83,1.3283,75.0,330,161.0,169.0,248.4378528946774,40.60606060606061,0.0,0.0,0.0,0.0,0.0,0.0,1,0,0,0,0,0,1,KARNAPRAYAG,11.0,34,10.303030303030305,0.0,0.0,30.300766368371505,79.25304246583184,1495.1161,1212.0,38.2680778503418,ECHS Poly Clinic,1.278,26.773,0,2,0.0,30.0,61,3.0,45.3
41255,Ali,Pokhari ,2009,113.93,1.1393,104.0,457,198.0,259.0,401.1234968840516,54.70459518599562,0.0,0.0,0.0,0.0,0.0,0.0,1,0,0,0,0,0,1,KARNAPRAYAG,16.0,67,14.660831509846828,0.0,0.0,30.31623365054796,79.25432656341188,1495.1161,1576.0,28.338159561157227,ECHS Poly Clinic,2.993,25.448,0,2,0.0,30.0,49,2.4,41.1
41196,Alisal,Pokhari ,2009,31.47,0.3147,29.0,125,59.0,66.0,397.20368605020656,44.0,0.0,0.0,0.0,0.0,0.0,0.0,0,0,0,0,0,0,1,NANDPRAYAG,25.0,12,9.6,0.0,3.3,30.35171595760773,79.21962465231739,1495.1161,1390.0,14.146230697631836,CHC Pokhari,2.285,25.537,0,2,0.0,30.0,38,24.0,27.2
41231,Bajilagarano,Pokhari ,2009,50.91,0.5091,6.0,34,16.0,18.0,66.78452170496955,38.23529411764706,0.0,0.0,0.0,0.0,0.0,0.0,0,1,1,0,0,0,1,GOCHAR,4.0,1,2.941176470588235,0.0,0.0,30.31526539337398,79.1988815924469,1495.1161,1475.0,19.88581657409668,"SubCentre, Udamanda",0.784,29.519,0,2,0.0,30.0,41,2.0,68.3
41245,Bamankhal,Pokhari ,2009,28.66,0.2866,43.0,173,113.0,60.0,603.6287508722959,4.624277456647398,0.0,0.0,0.0,0.0,0.0,0.0,1,1,0,0,1,1,1,KARNAPRAYAG,23.0,10,5.780346820809249,0.0,2.9,30.291126629540813,79.19229540163101,1495.1161,1318.0,36.34712219238281,"SubCentre, Bamoth",2.32,31.711,0,2,0.0,30.0,56,1.6,32.7
41164,Bamanthala,Pokhari ,2009,74.56,0.7456,65.0,277,133.0,144.0,371.5128755364807,0.0,0.0,0.0,0.0,0.0,0.0,0.0,1,1,0,0,0,1,1,KARNAPRAYAG,39.0,23,8.303249097472925,1.8,0.0,30.37907046196017,79.16267329972845,1760.8568,2236.0,23.89264869689941,"SubCentre, Mohankhal",0.695,28.962,0,2,0.0,30.0,55,2.0,18.3
41247,Bamoth,Pokhari ,2009,168.69,1.6869,177.0,787,371.0,416.0,466.53624992589954,32.401524777636595,4.955527318932655,0.0,0.0,1.0,0.0,1.0,0,0,0,0,0,0,1,GOCHAR,6.0,128,16.264294790343076,0.0,1.1,30.277871067661103,79.18059447754045,1495.1161,1136.0,42.2330207824707,"SubCentre, Bamoth",0.66,33.527,0,2,0.0,30.0,63,4.0,60.4
41157,Bangthal,Pokhari ,2009,126.42,1.2642,115.0,526,245.0,281.0,416.0734061066287,22.0532319391635,0.0,0.0,0.0,0.0,0.0,0.0,1,1,0,0,0,1,1,KARNAPRAYAG,34.0,73,13.878326996197718,0.0,4.6,30.36531741295153,79.19743780362228,1495.1161,1831.0,29.4364070892334,CHC Pokhari,2.34,26.594,0,2,0.0,30.0,50,24.0,25.8
41223,Bareth,Pokhari ,2009,33.02,0.3302,27.0,127,65.0,62.0,384.6153846153846,51.96850393700787,0.0,0.0,0.0,0.0,0.0,0.0,1,0,0,0,0,1,1,KARNAPRAYAG,32.0,15,11.811023622047244,0.0,0.0,30.32890216413947,79.17136164778431,1495.1161,1010.0,10.08547592163086,"SubCentre, Udamanda",2.433,30.806,0,2,0.0,30.0,32,1.6,21.8
41186,Bhaduda,Pokhari ,2009,73.9,0.7390000000000001,53.0,253,129.0,124.0,342.3545331529093,0.0,0.0,0.0,0.0,0.0,0.0,0.0,0,0,0,0,0,0,1,NANDPRAYAG,34.0,25,9.881422924901186,0.0,0.0,30.3437300903742,79.28125254836121,1495.1161,1252.0,38.05379104614258,"SubCentre, Saikot",3.313,21.463,0,2,0.0,30.0,63,1.6,13.0
41202,Bhatwa Urf Bharatpur,Pokhari ,2009,27.74,0.2774,11.0,43,10.0,33.0,155.0108147080029,0.0,0.0,0.0,0.0,0.0,0.0,0.0,0,0,0,0,0,0,1,NANDPRAYAG,20.0,5,11.627906976744184,0.0,0.0,30.33832802323524,79.2299533855972,1495.1161,1339.0,15.106321334838867,CHC Pokhari,3.19,25.591,0,2,0.0,30.0,39,24.0,36.9
41156,Bhikauna,Pokhari ,2009,140.7,1.4069999999999998,106.0,441,200.0,241.0,313.43283582089555,31.065759637188208,0.0,0.0,0.0,0.0,0.0,0.0,0,1,0,0,0,0,1,KARNAPRAYAG,33.0,66,14.965986394557824,0.0,2.8,30.36439811004191,79.21056128852351,1495.1161,1642.0,27.358274459838867,"SubCentre, Jourasi",2.557,25.541,0,2,0.0,30.0,49,1.6,19.9
41131,Bhulkan,Pokhari ,2009,3.61,0.0361,1.0,4,4.0,0.0,110.803324099723,0.0,0.0,0.0,0.0,0.0,0.0,0.0,1,0,0,0,0,0,1,KARNAPRAYAG,67.0,0,0.0,0.0,0.0,30.4776264295484,79.21349871523344,1760.8568,2937.0,13.71018409729004,"SubCentre, Nauli",4.953,21.876,0,2,0.0,30.0,50,1.6,10.5
41200,Bina Malla,Pokhari ,2009,54.76,0.5476,53.0,250,112.0,138.0,456.53761869978086,13.2,0.0,0.0,0.0,0.0,0.0,0.0,0,0,0,0,0,0,1,KARNAPRAYAG,38.0,28,11.2,0.0,0.0,30.33668466915044,79.2386931213183,1495.1161,1453.0,15.941658973693848,CHC Pokhari,4.049,25.044,0,2,0.0,30.0,40,24.0,18.0
41199,Bina Talla,Pokhari ,2009,62.67,0.6267,44.0,188,88.0,100.0,299.9840434019467,26.595744680851062,0.0,0.0,0.0,0.0,0.0,0.0,0,0,0,0,0,0,1,KARNAPRAYAG,40.0,25,13.297872340425531,0.0,0.0,30.34302947705725,79.23820294382492,1495.1161,1406.0,20.46185111999512,CHC Pokhari,3.915,24.645,0,2,0.0,30.0,44,24.0,17.4
41242,Bingar,Pokhari ,2009,136.02,1.3602,122.0,486,226.0,260.0,357.3003970004411,12.139917695473253,0.0,0.0,0.0,0.0,0.0,0.0,0,0,0,0,0,0,1,KARNAPRAYAG,13.0,46,9.465020576131687,0.0,0.0,30.3061702022771,79.19681787857861,1495.1161,1396.0,38.81233596801758,"SubCentre, Udamanda",1.72,30.303,0,2,0.0,30.0,60,2.0,46.9
41220,Birsansera,Pokhari ,2009,18.69,0.1869,39.0,165,79.0,86.0,882.8250401284108,6.666666666666667,0.0,0.0,0.0,0.0,0.0,0.0,1,0,0,1,0,1,1,KARNAPRAYAG,33.0,24,14.545454545454543,0.0,0.0,30.34016280019589,79.17828202638958,1495.1161,1143.0,36.76820755004883,CHC Pokhari,1.893,29.58,0,2,0.0,30.0,58,30.0,22.1
41209,Chameti Urf Pokhari,Pokhari ,2009,111.4,1.114,356.0,1531,793.0,738.0,1374.3267504488329,34.160679294578706,0.5878510777269758,0.0,0.0,0.0,0.0,0.0,0,1,0,0,0,0,1,KARNAPRAYAG,28.0,205,13.389941214892229,0.0,0.3,30.347999724213285,79.19239105187702,1495.1161,1562.0,31.99588203430176,CHC Pokhari,0.637,27.969,0,2,0.0,30.0,52,30.0,36.0
41191,Chamshil,Pokhari ,2009,115.46,1.1545999999999998,33.0,150,69.0,81.0,129.91512212021482,10.0,0.0,0.0,0.0,0.0,0.0,0.0,0,0,0,0,0,0,1,KARNAPRAYAG,34.0,15,10.0,0.0,0.0,30.35004928163442,79.22802450170563,1495.1161,1409.0,30.40976524353028,CHC Pokhari,3.005,24.973,0,2,0.0,30.0,51,24.0,17.0
41240,Chhandoli,Pokhari ,2009,16.22,0.1621999999999999,13.0,39,19.0,20.0,240.4438964241677,0.0,0.0,0.0,0.0,0.0,0.0,0.0,1,0,0,0,0,0,1,GOCHAR,12.0,2,5.128205128205128,0.0,0.0,30.29634943801296,79.17398573066066,1495.1161,982.0,49.42734909057617,"SubCentre, Bamoth",2.065,32.697,0,2,0.0,30.0,67,1.6,42.4
41178,Chondi,Pokhari ,2009,41.92,0.4192,74.0,277,130.0,147.0,660.7824427480916,10.830324909747292,0.0,0.0,0.0,0.0,0.0,0.0,1,0,0,0,0,1,1,KARNAPRAYAG,41.0,34,12.274368231046932,0.0,23.6,30.339303539821515,79.16202555008371,1495.1161,1529.0,23.17543601989746,CHC Pokhari,3.442,30.973,0,2,0.0,30.0,43,24.0,23.3
41210,Chopara,Pokhari ,2009,58.3,0.583,27.0,131,61.0,70.0,224.6998284734134,0.0,0.0,0.0,0.0,0.0,0.0,0.0,0,0,0,0,0,0,1,KARNAPRAYAG,32.0,12,9.16030534351145,0.0,0.0,30.34118707386484,79.19485318835494,1495.1161,1673.0,35.92097854614258,CHC Pokhari,0.423,28.169,0,2,0.0,30.0,58,30.0,11.8
41230,Dang Dhar,Pokhari ,2009,19.82,0.1982,13.0,54,24.0,30.0,272.452068617558,12.962962962962962,0.0,0.0,0.0,0.0,0.0,0.0,0,0,0,0,0,0,1,GOCHAR,2.0,6,11.11111111111111,0.0,0.0,30.316611010390147,79.17994837772953,1495.1161,1558.0,25.95053482055664,"SubCentre, Udamanda",1.569,30.888,0,2,0.0,30.0,45,2.0,75.5
41212,Devar  Walla,Pokhari ,2009,56.8,0.568,105.0,490,238.0,252.0,862.6760563380283,60.61224489795919,0.0,0.0,0.0,0.0,0.0,0.0,1,1,0,0,1,1,1,KARNAPRAYAG,26.0,82,16.73469387755102,0.0,4.8,30.334490547188818,79.20465128516506,1495.1161,1748.0,36.34712219238281,CHC Pokhari,1.29,27.803,0,2,0.0,30.0,58,30.0,35.9
41211,Devar Palla,Pokhari ,2009,83.64,0.8364,63.0,272,129.0,143.0,325.2032520325203,54.77941176470589,0.0,0.0,0.0,0.0,0.0,0.0,0,1,0,0,0,0,1,KARNAPRAYAG,26.0,42,15.441176470588236,0.0,0.0,30.33611422205042,79.19553018806376,1495.1161,1516.0,18.47596549987793,CHC Pokhari,0.925,28.424,0,2,0.0,30.0,40,30.0,28.7
41205,Devasthan,Pokhari ,2009,106.22,1.0622,59.0,278,135.0,143.0,261.7209565053662,0.3597122302158274,0.0,0.0,0.0,0.0,0.0,0.0,0,1,0,0,1,0,1,KARNAPRAYAG,27.0,32,11.510791366906476,0.0,0.0,30.342816891566184,79.20749231844384,1495.1161,1678.0,5.658753871917725,CHC Pokhari,0.979,27.055,0,2,0.0,30.0,31,30.0,33.8
41189,Dhamak,Pokhari ,2009,41.43,0.4143,16.0,91,35.0,56.0,219.6475983586773,38.46153846153847,0.0,0.0,0.0,0.0,0.0,0.0,0,0,0,0,0,0,1,NANDPRAYAG,42.0,7,7.6923076923076925,0.0,0.0,30.347438762942875,79.24462955162548,1495.1161,1220.0,33.16145324707031,CHC Pokhari,4.543,23.857,0,2,0.0,30.0,56,24.0,16.4
41179,Duka saud,Pokhari ,2009,9.52,0.0951999999999999,1.0,8,4.0,4.0,84.03361344537815,0.0,0.0,0.0,0.0,0.0,0.0,0.0,1,0,0,0,0,1,1,KARNAPRAYAG,44.0,2,25.0,0.0,0.0,30.334526197902207,79.15665783267922,1495.1161,1174.0,31.644695281982425,"SubCentre, Udamanda",3.974,31.685,0,2,0.0,30.0,50,1.6,20.6
41222,Dukasera,Pokhari ,2009,31.42,0.3142,20.0,93,41.0,52.0,295.9898154042011,0.0,0.0,0.0,0.0,0.0,0.0,0.0,1,0,0,0,0,1,1,KARNAPRAYAG,11.0,8,8.60215053763441,0.0,0.0,30.327872320213263,79.1630677494125,1495.1161,1020.0,60.20629119873047,"SubCentre, Udamanda",3.167,31.541,0,2,0.0,30.0,68,1.6,47.9
41150,Dungar,Pokhari ,2009,231.3,2.313,107.0,480,222.0,258.0,207.5226977950713,16.666666666666664,0.0,0.0,0.0,0.0,0.0,0.0,1,0,0,0,0,0,1,KARNAPRAYAG,45.0,65,13.541666666666666,0.0,0.0,30.37813718126275,79.19495590463151,1760.8568,1835.0,19.88581657409668,"SubCentre, Salna",0.974,26.166,0,2,0.0,30.0,53,2.0,20.3
41271,F-2(P-1),Pokhari ,2009,6803.61,68.03609999999999,7.0,7,6.0,1.0,0.1028865558137518,28.57142857142857,0.0,0.0,0.0,0.0,0.0,0.0,1,0,0,1,1,1,1,KARNAPRAYAG,36.0,0,0.0,0.0,0.0,30.41768973873742,79.1807228142174,1760.8568,2482.0,14.18881893157959,"SubCentre, Haapla",2.499,25.931,0,2,0.0,30.0,48,1.6,25.6
41272,F-2(P-2),Pokhari ,2009,3913.06,39.1306,6.0,15,10.0,5.0,0.3833317148216485,0.0,6.666666666666667,0.0,0.0,0.0,0.0,0.0,0,1,0,0,0,1,1,KARNAPRAYAG,31.0,1,6.666666666666667,0.0,0.0,30.32168349359941,79.25052470291503,1495.1161,1869.0,28.21616172790528,ECHS Poly Clinic,3.616,25.287,0,2,0.0,30.0,49,2.4,20.6
41248,Gadona,Pokhari ,2009,45.26,0.4526,35.0,180,79.0,101.0,397.7021652673442,0.0,0.0,0.0,0.0,0.0,0.0,0.0,1,0,0,0,0,1,1,KARNAPRAYAG,22.0,27,15.0,0.0,0.0,30.28197316057293,79.19224363784184,1495.1161,1189.0,33.15359115600586,"SubCentre, Bamoth",1.838,32.39,0,2,0.0,30.0,52,2.0,32.8
41229,Gailung,Pokhari ,2009,47.95,0.4795,18.0,62,33.0,29.0,129.30135557872782,0.0,0.0,0.0,0.0,0.0,0.0,0.0,0,0,0,0,0,0,1,GOCHAR,8.0,10,16.129032258064516,0.0,0.0,30.32092403773256,79.17795811107419,1495.1161,1353.0,23.728302001953125,"SubCentre, Udamanda",1.661,30.769,0,2,0.0,30.0,43,2.0,58.1
41172,Ganiyala,Pokhari ,2009,41.34,0.4134,32.0,145,65.0,80.0,350.7498790517658,0.0,0.0,0.0,0.0,0.0,0.0,0.0,1,0,0,0,0,0,1,KARNAPRAYAG,47.0,25,17.24137931034483,0.0,3.1,30.353925250704823,79.17001693965435,1495.1161,1381.0,28.127178192138672,CHC Pokhari,2.841,29.514,0,2,0.0,30.0,48,24.0,16.9
41259,Girsa,Pokhari ,2009,167.28,1.6728,116.0,543,270.0,273.0,324.60545193687227,30.755064456721914,0.0,0.0,0.0,0.0,0.0,0.0,1,0,0,0,0,0,1,KARNAPRAYAG,10.0,62,11.41804788213628,0.0,0.9,30.30072276313987,79.2859999807854,1495.1161,908.0,16.51234245300293,"SubCentre, Langasu",1.309,24.747,0,2,0.0,30.0,40,2.0,62.9
41160,Godi Giwala,Pokhari ,2009,177.0,1.77,124.0,508,235.0,273.0,287.00564971751413,10.433070866141732,0.0,0.0,0.0,0.0,0.0,0.0,1,0,0,0,0,1,1,KARNAPRAYAG,46.0,50,9.84251968503937,0.0,0.0,30.37510270804003,79.12261640502486,1958.9734,2213.0,35.441246032714844,"SubCentre, Malkoti",1.353,32.705,0,2,0.0,30.0,66,2.0,15.6
41139,Gudam,Pokhari ,2009,206.34,2.0634,116.0,587,306.0,281.0,284.4819230396433,0.0,0.0,0.0,0.0,0.0,0.0,0.0,1,0,0,0,0,0,1,KARNAPRAYAG,54.0,74,12.60647359454855,0.0,0.0,30.41858419331164,79.22066866199164,1760.8568,1852.0,32.31417465209961,"SubCentre, Haapla",1.428,22.22,0,2,0.0,30.0,66,2.0,21.4
41204,Gugli,Pokhari ,2009,90.13,0.9013,53.0,210,93.0,117.0,232.9967824253856,0.0,0.0,0.0,0.0,0.0,0.0,0.0,0,0,0,0,0,0,1,KARNAPRAYAG,33.0,18,8.571428571428571,0.0,9.3,30.33607570950049,79.2183868628402,1495.1161,1627.0,34.09886932373047,CHC Pokhari,2.208,26.63,0,2,0.0,30.0,56,24.0,17.6
41207,Guniyala,Pokhari ,2009,77.13,0.7713,84.0,385,203.0,182.0,499.1572669518994,30.649350649350648,0.0,0.0,0.0,0.0,0.0,0.0,0,1,0,0,1,1,1,KARNAPRAYAG,30.0,39,10.129870129870133,0.0,0.0,30.35255828514274,79.20382394781802,1495.1161,1692.0,21.062400817871094,CHC Pokhari,1.107,26.768,0,2,0.0,30.0,43,30.0,39.9
41173,Harishankar,Pokhari ,2009,66.69,0.6668999999999999,52.0,188,77.0,111.0,281.9013345329135,0.0,0.0,0.0,0.0,0.0,0.0,0.0,1,0,0,0,0,1,1,KARNAPRAYAG,46.0,18,9.574468085106384,0.0,2.0,30.356078227557788,79.16372236228659,1495.1161,1662.0,10.605812072753906,"SubCentre, Mohankhal",2.395,29.94,0,2,0.0,30.0,33,1.6,22.4
41221,Ijjar,Pokhari ,2009,18.26,0.1826,16.0,68,26.0,42.0,372.3986856516977,0.0,0.0,0.0,0.0,0.0,0.0,0.0,0,0,0,0,0,1,1,KARNAPRAYAG,32.0,4,5.88235294117647,0.0,0.0,30.334480360868,79.17736674310812,1495.1161,1234.0,36.83319854736328,CHC Pokhari,2.212,29.987,0,2,0.0,30.0,58,24.0,16.2
41138,Jakhmala,Pokhari ,2009,66.33,0.6633,51.0,247,118.0,129.0,372.380521634253,0.0,0.0,0.0,0.0,0.0,0.0,0.0,1,0,0,0,0,0,1,KARNAPRAYAG,49.0,37,14.979757085020244,0.0,0.0,30.422804322724563,79.20436353756206,1760.8568,1554.0,14.71071720123291,"SubCentre, Haapla",0.941,23.591,0,2,0.0,30.0,50,2.0,18.0
41146,Jaurasi,Pokhari ,2009,99.96,0.9996,140.0,658,313.0,345.0,658.2633053221289,78.57142857142857,0.60790273556231,0.0,0.0,0.0,0.0,0.0,1,1,0,0,0,0,1,KARNAPRAYAG,37.0,127,19.300911854103344,0.0,0.7,30.39269335548812,79.20745691835381,1760.8568,1363.0,28.589252471923828,"SubCentre, Jourasi",0.735,24.409,0,2,0.0,30.0,61,2.0,22.1
41261,Jhiloti,Pokhari ,2009,67.77,0.6777,39.0,183,86.0,97.0,270.03098716246126,9.289617486338798,0.0,0.0,0.0,0.0,0.0,0.0,1,0,0,0,0,0,1,KARNAPRAYAG,13.0,21,11.475409836065571,0.0,0.0,30.30065758581805,79.27031967576418,1495.1161,1085.0,29.419404983520508,ECHS Poly Clinic,1.996,25.689,0,2,0.0,30.0,50,3.0,48.8
41260,Jilasu,Pokhari ,2009,87.36,0.8736,99.0,414,204.0,210.0,473.90109890109886,43.23671497584541,0.0,0.0,0.0,0.0,0.0,0.0,1,0,0,0,0,0,1,KARNAPRAYAG,10.0,57,13.768115942028986,19.6,20.6,30.305601146861218,79.27356198126841,1495.1161,1330.0,44.43132400512695,"SubCentre, Langasu",2.321,25.069,0,2,0.0,30.0,70,1.6,56.6
41174,Kailab,Pokhari ,2009,60.96,0.6096,13.0,47,14.0,33.0,77.09973753280839,36.17021276595745,0.0,0.0,0.0,0.0,0.0,0.0,1,0,0,0,0,1,1,KARNAPRAYAG,45.0,12,25.53191489361702,0.0,0.0,30.356653376552227,79.15610587613615,1495.1161,1804.0,25.274429321289062,"SubCentre, Mohankhal",2.215,30.566,0,2,0.0,30.0,45,1.6,21.0
41132,Kalsir,Pokhari ,2009,201.0,2.01,153.0,745,358.0,387.0,370.6467661691543,34.76510067114094,0.0,0.0,0.0,0.0,0.0,0.0,1,0,0,0,0,0,1,KARNAPRAYAG,54.0,142,19.06040268456376,0.0,0.7,30.441073927721632,79.20708177780391,1760.8568,1794.0,26.02125740051269,"SubCentre, Nauli",1.71,22.882,0,2,0.0,30.0,59,2.0,22.9
41148,Kandai,Pokhari ,2009,42.66,0.4266,66.0,272,143.0,129.0,637.5996249413971,0.0,0.0,0.0,0.0,0.0,0.0,0.0,1,0,0,0,0,1,1,KARNAPRAYAG,44.0,27,9.926470588235292,0.0,3.0,30.385058805669008,79.21410215846424,1760.8568,1298.0,22.49559211730957,"SubCentre, Jourasi",0.97,24.175,0,2,0.0,30.0,56,2.0,23.2
41256,Kandai,Pokhari ,2009,110.76,1.1076,72.0,310,125.0,185.0,279.88443481401225,0.0,0.0,0.0,0.0,1.0,0.0,1.0,1,0,0,0,0,0,1,KARNAPRAYAG,15.0,52,16.7741935483871,0.0,0.0,30.31193281141796,79.25944451837397,1495.1161,1557.0,33.97516250610352,ECHS Poly Clinic,2.564,25.447,0,2,0.0,30.0,56,4.4,50.1
41193,Kandai Bajetha,Pokhari ,2009,35.24,0.3524,24.0,98,44.0,54.0,278.0930760499432,0.0,0.0,0.0,0.0,0.0,0.0,0.0,0,0,0,0,0,0,1,NANDPRAYAG,46.0,9,9.183673469387756,0.0,0.0,30.36359399989211,79.22598914468296,1495.1161,1228.0,41.97998809814453,"SubCentre, Jourasi",3.316,24.312,0,2,0.0,30.0,67,1.6,11.5
41217,Kandai Khola,Pokhari ,2009,55.68,0.5568,48.0,210,108.0,102.0,377.15517241379314,2.857142857142857,0.4761904761904762,0.0,0.0,0.0,0.0,0.0,0,0,0,0,0,0,1,KARNAPRAYAG,25.0,21,10.0,0.0,0.0,30.333229715115955,79.18735542119894,1495.1161,1459.0,31.02236557006836,"SubCentre, Udamanda",1.501,29.256,0,2,0.0,30.0,50,2.0,28.1
41228,Kandalaga Kwidhi,Pokhari ,2009,89.74,0.8974,64.0,293,127.0,166.0,326.49877423668374,20.477815699658706,0.0,0.0,0.0,0.0,0.0,0.0,0,0,0,0,0,0,1,GOCHAR,4.0,51,17.4061433447099,0.0,1.6,30.32279596708903,79.16387225443155,1495.1161,1213.0,46.85105514526367,"SubCentre, Udamanda",3.014,31.778,0,2,0.0,30.0,68,1.6,65.9
41198,Kaphalpani,Pokhari ,2009,46.34,0.4634,20.0,93,49.0,44.0,200.69054812257227,27.956989247311824,0.0,0.0,0.0,0.0,0.0,0.0,0,0,0,0,0,0,1,NANDPRAYAG,24.0,8,8.60215053763441,0.0,5.0,30.344305143236262,79.22968158756106,1495.1161,1558.0,10.589159965515137,CHC Pokhari,3.095,25.214,0,2,0.0,30.0,35,24.0,26.9
41241,Karchhuna Malla,Pokhari ,2009,11.53,0.1153,21.0,90,34.0,56.0,780.5724197745013,0.0,0.0,0.0,0.0,0.0,0.0,0.0,1,0,0,0,0,0,1,GOCHAR,13.0,12,13.333333333333334,0.0,0.0,30.29852581607656,79.18330555170324,1495.1161,951.0,8.347522735595703,"SubCentre, Bamoth",2.483,31.846,0,2,0.0,30.0,30,1.6,47.9
41233,Karchhuna Talla,Pokhari ,2009,16.35,0.1635,24.0,104,45.0,59.0,636.085626911315,0.0,0.0,0.0,0.0,1.0,0.0,1.0,1,0,0,0,0,0,1,GOCHAR,13.0,12,11.538461538461538,0.0,0.0,30.307374559344684,79.18255692067886,1495.1161,1394.0,30.349424362182617,"SubCentre, Udamanda",1.994,31.296,0,2,0.0,30.0,48,4.0,48.0
41155,Khalbajetha,Pokhari ,2009,41.16,0.4115999999999999,69.0,252,120.0,132.0,612.2448979591837,39.68253968253968,0.0,0.0,0.0,0.0,0.0,0.0,1,0,0,1,0,0,1,KARNAPRAYAG,33.0,16,6.349206349206349,0.0,1.4,30.366881061257587,79.21876482282957,1495.1161,1465.0,24.056543350219727,"SubCentre, Jourasi",2.613,24.72,0,2,0.0,30.0,46,1.6,23.0
41154,Khanna,Pokhari ,2009,48.95,0.4895,11.0,40,19.0,21.0,81.71603677221654,0.0,0.0,0.0,0.0,0.0,0.0,0.0,0,0,0,0,0,0,1,KARNAPRAYAG,33.0,5,12.5,0.0,0.0,30.370785665065537,79.21486292394965,1495.1161,1356.0,16.735824584960938,"SubCentre, Jourasi",2.047,24.833,0,2,0.0,30.0,40,1.6,15.9
41168,Khanni,Pokhari ,2009,98.4,0.984,73.0,352,158.0,194.0,357.7235772357723,0.2840909090909091,0.0,0.0,0.0,0.0,0.0,0.0,1,1,0,0,0,1,1,KARNAPRAYAG,44.0,33,9.375,0.0,0.0,30.36323305749435,79.18120298315442,1495.1161,2070.0,42.02040863037109,"SubCentre, Salna",2.562,28.083,0,2,0.0,30.0,66,1.6,14.0
41170,Kharki,Pokhari ,2009,34.41,0.3440999999999999,43.0,183,92.0,91.0,531.8221447253705,11.475409836065571,0.0,0.0,0.0,0.0,0.0,0.0,1,0,0,0,0,1,1,KARNAPRAYAG,32.0,18,9.836065573770492,0.0,2.3,30.353027514085227,79.1874684362765,1495.1161,1785.0,17.003843307495117,CHC Pokhari,1.364,28.093,0,2,0.0,30.0,39,30.0,22.3
41250,Khas Khal,Pokhari ,2009,57.09,0.5709000000000001,61.0,296,158.0,138.0,518.4795936241022,29.39189189189189,0.0,0.0,0.0,0.0,0.0,0.0,1,0,0,0,0,0,1,KARNAPRAYAG,15.0,31,10.472972972972974,0.0,0.0,30.293336034585035,79.2129888373066,1495.1161,1326.0,43.34048461914063,Trauma Centre,3.35,30.069,0,2,0.0,30.0,67,20.0,45.0
41238,Khori Lagga Rana,Pokhari ,2009,34.33,0.3433,5.0,21,13.0,8.0,61.17098747451209,38.095238095238095,0.0,0.0,0.0,0.0,0.0,0.0,0,0,0,0,0,0,1,GOCHAR,2.0,2,9.523809523809524,0.0,0.0,30.317418575953266,79.15214724054215,1495.1161,1028.0,39.80915069580078,ITBP Hospital,3.433,33.049,0,2,0.0,30.0,60,24.0,70.2
41232,Khunagad,Pokhari ,2009,13.32,0.1332,9.0,36,15.0,21.0,270.27027027027026,0.0,0.0,0.0,0.0,0.0,0.0,0.0,1,0,0,0,0,0,1,KARNAPRAYAG,15.0,3,8.333333333333332,0.0,0.0,30.31082331646168,79.19360892346693,1495.1161,1284.0,15.941658973693848,"SubCentre, Udamanda",1.206,30.222,0,2,0.0,30.0,37,2.0,47.4
41171,Kimkholi,Pokhari ,2009,43.46,0.4346,8.0,37,16.0,21.0,85.13575701794754,0.0,0.0,0.0,0.0,0.0,0.0,0.0,1,0,0,0,0,1,1,KARNAPRAYAG,30.0,5,13.513513513513514,0.0,44.4,30.35419860889234,79.17891820291044,1495.1161,1620.0,30.342140197753903,CHC Pokhari,2.091,28.747,0,2,0.0,30.0,50,24.0,31.4
41149,Kimoda,Pokhari ,2009,47.9,0.479,70.0,269,135.0,134.0,561.5866388308978,31.59851301115242,0.0,0.0,0.0,1.0,0.0,1.0,1,1,0,0,0,1,1,KARNAPRAYAG,45.0,33,12.267657992565056,0.0,10.7,30.38446610410509,79.1999897105787,1760.8568,1610.0,18.97113800048828,"SubCentre, Jourasi",0.473,25.433,0,2,0.0,30.0,52,4.0,23.2
41219,Kodhgeed,Pokhari ,2009,7.0,0.07,2.0,7,4.0,3.0,100.0,0.0,0.0,0.0,0.0,0.0,0.0,0.0,0,0,0,1,0,1,1,KARNAPRAYAG,32.0,1,14.285714285714285,0.0,0.0,30.34613750585888,79.18105663653195,1495.1161,1339.0,31.35473251342773,CHC Pokhari,1.585,29.01,0,2,0.0,30.0,51,30.0,25.6
41270,Kolda,Pokhari ,2009,48.88,0.4888,18.0,74,33.0,41.0,151.3911620294599,14.864864864864863,0.0,0.0,0.0,0.0,0.0,0.0,1,0,0,0,0,0,1,KARNAPRAYAG,14.0,5,6.756756756756757,0.0,5.6,30.29215918348425,79.24830440245562,1495.1161,975.0,14.16506004333496,ECHS Poly Clinic,0.649,27.786,0,2,0.0,30.0,37,3.0,47.7
41253,Kujasu,Pokhari ,2009,144.73,1.4472999999999998,116.0,486,205.0,281.0,335.797692254543,8.847736625514404,0.0,0.0,0.0,0.0,0.0,0.0,1,0,0,0,0,0,1,KARNAPRAYAG,15.0,63,12.962962962962962,0.0,0.0,30.30674385399201,79.21292020303406,1495.1161,1397.0,34.939754486083984,"SubCentre, Udamanda",2.366,29.077,0,2,0.0,30.0,56,1.6,51.9
41133,Kujni,Pokhari ,2009,51.14,0.5114,16.0,87,45.0,42.0,170.12123582323036,0.0,0.0,0.0,0.0,0.0,0.0,0.0,1,0,0,0,0,0,1,KARNAPRAYAG,65.0,7,8.045977011494253,0.0,0.0,30.44004011636291,79.22087692015903,1760.8568,2361.0,57.21049880981445,"SubCentre, Nauli",0.717,21.603,0,2,0.0,30.0,83,2.0,6.4
41243,Kumera,Pokhari ,2009,54.5,0.545,54.0,222,88.0,134.0,407.3394495412844,0.0,0.0,0.0,0.0,0.0,0.0,0.0,1,0,0,0,0,0,1,KARNAPRAYAG,12.0,34,15.315315315315312,0.0,0.0,30.302612621800407,79.20295381326838,1495.1161,1526.0,30.34321594238281,"SubCentre, Udamanda",2.235,30.103,0,2,0.0,30.0,49,1.6,49.2
41249,Kunj lagga khaskhal,Pokhari ,2009,64.51,0.6451,10.0,52,26.0,26.0,80.60765772748411,0.0,0.0,0.0,0.0,0.0,0.0,0.0,1,0,0,0,0,0,1,KARNAPRAYAG,15.0,2,3.8461538461538463,0.0,0.0,30.29545470159089,79.20692774673678,1495.1161,1603.0,44.95503234863281,"SubCentre, Udamanda",3.113,30.339,0,2,0.0,30.0,69,1.6,42.5
41239,Kwithi,Pokhari ,2009,85.47,0.8547,75.0,305,137.0,168.0,356.85035685035683,8.19672131147541,0.0,0.0,0.0,0.0,0.0,0.0,1,0,0,0,0,0,1,GOCHAR,7.0,28,9.18032786885246,0.0,1.4,30.305295783116268,79.15423837531549,1495.1161,1169.0,19.684335708618164,ITBP Hospital,2.198,33.631,0,2,0.0,30.0,39,24.0,60.5
41266,Langali,Pokhari ,2009,10.54,0.1054,2.0,12,6.0,6.0,113.85199240986718,0.0,0.0,0.0,0.0,0.0,0.0,0.0,1,0,0,0,0,0,1,KARNAPRAYAG,7.0,0,0.0,0.0,0.0,30.29813805343143,79.23029080721446,1495.1161,1211.0,43.769020080566406,ECHS PolyClinic,2.416,28.501,0,2,0.0,30.0,68,2.4,52.6
41137,Lostu Panthari,Pokhari ,2009,129.68,1.2968000000000002,8.0,37,18.0,19.0,28.53177051202961,0.0,0.0,0.0,0.0,0.0,0.0,0.0,1,0,0,0,0,1,1,KARNAPRAYAG,38.0,6,16.216216216216218,0.0,0.0,30.41933473396241,79.19315049684252,1760.8568,2003.0,23.32733726501465,"SubCentre, Haapla",1.389,24.732,0,2,0.0,30.0,56,2.0,15.9
41153,Mahar,Pokhari ,2009,32.09,0.3209,25.0,114,53.0,61.0,355.2508569647865,0.0,0.0,0.0,0.0,0.0,0.0,0.0,1,0,0,0,0,1,1,KARNAPRAYAG,44.0,12,10.526315789473683,0.0,0.0,30.37660344503916,79.218693969352,1760.8568,1341.0,32.142391204833984,"SubCentre, Jourasi",1.79,24.202,0,2,0.0,30.0,65,2.0,21.6
41177,Majyadi,Pokhari ,2009,110.29,1.1029,46.0,224,93.0,131.0,203.100915767522,0.0,0.0,0.0,0.0,0.0,0.0,0.0,1,0,0,0,0,1,1,KARNAPRAYAG,50.0,28,12.5,0.0,0.0,30.344042652246145,79.16721202548754,1495.1161,1368.0,28.21616172790528,CHC Pokhari,2.9,30.279,0,2,0.0,30.0,47,24.0,22.7
41161,Malkoti,Pokhari ,2009,37.25,0.3725,22.0,100,47.0,53.0,268.4563758389262,0.0,0.0,0.0,0.0,0.0,0.0,0.0,1,0,0,0,0,1,1,KARNAPRAYAG,49.0,19,19.0,0.0,0.0,30.373265431925606,79.12903238405539,1495.1161,2077.0,41.39619064331055,"SubCentre, Malkoti",0.822,32.202,0,2,0.0,30.0,63,2.0,11.5
41141,Masauli,Pokhari ,2009,261.86,2.6186000000000003,193.0,957,444.0,513.0,365.4624608569465,72.10031347962382,0.0,0.0,0.0,0.0,0.0,0.0,1,1,0,0,0,1,1,KARNAPRAYAG,48.0,155,16.19644723092999,0.0,4.4,30.409372491339333,79.22229326909658,1760.8568,1766.0,30.990215301513672,"SubCentre, Haapla",1.618,22.402,0,2,0.0,30.0,64,2.0,30.1
41262,Mast Gaon,Pokhari ,2009,49.42,0.4942,26.0,103,48.0,55.0,208.4176446782679,0.0,0.0,0.0,0.0,0.0,0.0,0.0,1,0,0,0,0,0,1,KARNAPRAYAG,10.0,11,10.679611650485436,0.0,0.0,30.295916481505028,79.27151285824152,1495.1161,1033.0,24.96253776550293,"SubCentre, Langasu",1.791,26.024,0,2,0.0,30.0,46,2.0,58.5
41208,Mayani,Pokhari ,2009,40.96,0.4096,55.0,254,138.0,116.0,620.1171875,0.0,0.0,0.0,0.0,0.0,0.0,0.0,0,1,0,1,0,0,1,KARNAPRAYAG,30.0,43,16.92913385826772,0.0,1.8,30.35604098629094,79.19883955087681,1495.1161,2051.0,38.6650390625,CHC Pokhari,1.316,26.98,0,2,0.0,30.0,62,30.0,23.5
41203,Mayoli Laga Gugli,Pokhari ,2009,49.48,0.4947999999999999,85.0,346,166.0,180.0,699.2724333063865,70.23121387283237,0.0,0.0,0.0,0.0,0.0,0.0,0,0,0,0,1,0,1,KARNAPRAYAG,33.0,43,12.427745664739884,0.0,3.6,30.33137284943708,79.22625537824652,1495.1161,1583.0,41.136348724365234,CHC Pokhari,3.116,26.346,0,2,0.0,30.0,65,24.0,19.0
41224,Mingad Gaon,Pokhari ,2009,38.72,0.3872,49.0,184,75.0,109.0,475.206611570248,34.23913043478261,0.0,0.0,0.0,0.0,0.0,0.0,1,0,0,0,0,0,1,KARNAPRAYAG,32.0,30,16.304347826086957,0.0,0.0,30.3289979689657,79.17857544661327,1495.1161,1248.0,38.03838348388672,"SubCentre, Udamanda",1.8,30.219,0,2,0.0,30.0,59,2.0,12.3
41188,Nagdhar,Pokhari ,2009,12.24,0.1224,28.0,154,58.0,96.0,1258.1699346405228,0.0,0.0,0.0,0.0,0.0,0.0,0.0,0,0,0,0,0,0,1,KARNAPRAYAG,42.0,31,20.12987012987013,0.0,6.7,30.34054759110177,79.24748991741778,1495.1161,1445.0,36.479305267333984,CHC Pokhari,4.822,24.118,0,2,0.0,30.0,60,24.0,12.0
41140,Nail,Pokhari ,2009,160.63,1.6063,117.0,585,293.0,292.0,364.1909979455892,0.0,0.0,0.0,0.0,1.0,0.0,1.0,1,0,0,0,0,0,1,KARNAPRAYAG,54.0,60,10.256410256410255,0.0,5.0,30.42113281349421,79.23191192174352,1760.8568,2045.0,17.3455810546875,"SubCentre, Nauli",1.658,21.105,0,2,0.0,30.0,53,4.0,16.4
41192,Nail khalwadi,Pokhari ,2009,44.76,0.4476,35.0,156,73.0,83.0,348.5254691689008,5.128205128205128,0.0,0.0,0.0,0.0,0.0,0.0,0,0,0,0,0,0,1,NANDPRAYAG,45.0,15,9.615384615384617,0.0,0.0,30.35573831862821,79.22866325549009,1495.1161,1168.0,5.360457420349121,CHC Pokhari,3.257,24.567,0,2,0.0,30.0,31,24.0,17.1
41134,Nauli,Pokhari ,2009,141.52,1.4152,46.0,237,132.0,105.0,167.46749576031655,0.0,0.0,0.0,0.0,0.0,0.0,0.0,1,0,0,0,0,0,1,KARNAPRAYAG,60.0,27,11.39240506329114,0.0,0.0,30.429758773228308,79.22257817928208,1760.8568,2251.0,24.6259765625,"SubCentre, Nauli",0.451,21.701,0,2,0.0,30.0,59,2.0,12.9
41167,Nautha,Pokhari ,2009,76.09,0.7609,39.0,148,73.0,75.0,194.5065054540676,42.567567567567565,0.0,0.0,0.0,0.0,0.0,0.0,1,0,0,0,0,1,1,KARNAPRAYAG,44.0,11,7.432432432432432,0.0,2.5,30.36732383495824,79.17428382052654,1495.1161,2075.0,33.442562103271484,"SubCentre, Mohankhal",2.03,28.476,0,2,0.0,30.0,54,1.6,17.0
41195,Pab Laga Vishal,Pokhari ,2009,89.14,0.8914,54.0,201,99.0,102.0,225.48799641014136,45.27363184079602,0.0,0.0,0.0,0.0,0.0,0.0,0,0,0,0,0,0,1,KARNAPRAYAG,30.0,16,7.960199004975125,0.0,1.9,30.356634056817548,79.2109644996161,1495.1161,1519.0,47.70187377929688,CHC Pokhari,1.891,25.946,0,2,0.0,30.0,71,30.0,23.0
41194,Paduli,Pokhari ,2009,12.11,0.1211,15.0,60,27.0,33.0,495.45829892650704,0.0,0.0,0.0,0.0,0.0,0.0,0.0,0,0,0,0,0,0,1,NANDPRAYAG,45.0,4,6.666666666666667,0.0,25.0,30.3579001792369,79.22095336061426,1495.1161,1385.0,37.848915100097656,CHC Pokhari,2.719,25.057,0,2,0.0,30.0,61,24.0,11.1
41180,Paidula,Pokhari ,2009,11.61,0.1161,8.0,43,20.0,23.0,370.3703703703704,0.0,0.0,0.0,0.0,0.0,0.0,0.0,1,0,0,0,0,1,1,KARNAPRAYAG,38.0,11,25.58139534883721,0.0,0.0,30.334200433585824,79.1672592871473,1495.1161,1326.0,32.548439025878906,"SubCentre, Udamanda",3.031,30.829,0,2,0.0,30.0,52,1.6,20.9
41254,Paini,Pokhari ,2009,62.5,0.625,54.0,215,91.0,124.0,344.0,2.7906976744186047,0.0,0.0,0.0,0.0,0.0,0.0,1,0,0,0,0,0,1,KARNAPRAYAG,13.0,28,13.023255813953488,0.0,1.9,30.308732924396523,79.22444654341763,1495.1161,1376.0,30.29808616638184,"SubCentre, Udamanda",3.146,28.102,0,2,0.0,30.0,50,1.6,49.1
41268,Panae,Pokhari ,2009,35.0,0.35,27.0,112,50.0,62.0,320.0,0.0,0.0,0.0,0.0,0.0,0.0,0.0,1,0,0,0,0,0,1,KARNAPRAYAG,6.0,15,13.392857142857142,0.0,0.0,30.27896554618678,79.2248265987613,1495.1161,1121.0,39.65939331054688,Trauma Centre,1.977,30.391,0,2,0.0,30.0,61,25.0,53.6
41145,Parwatipur,Pokhari ,2009,24.36,0.2435999999999999,2.0,10,5.0,5.0,41.05090311986864,0.0,0.0,0.0,0.0,0.0,0.0,0.0,1,0,0,0,0,0,1,KARNAPRAYAG,55.0,1,10.0,0.0,0.0,30.38300846743501,79.17985371681925,1760.8568,2093.0,18.11841583251953,"SubCentre, Salna",0.917,27.27,0,2,0.0,30.0,51,2.0,10.6
41135,Pati,Pokhari ,2009,14.0,0.14,43.0,183,89.0,94.0,1307.142857142857,0.0,0.0,0.0,0.0,0.0,0.0,0.0,1,0,0,0,0,0,1,KARNAPRAYAG,50.0,21,11.475409836065571,0.0,0.0,30.43175820545824,79.21065138588192,1760.8568,1789.0,21.29987335205078,"SubCentre, Nauli",1.188,22.76,0,2,0.0,30.0,55,2.0,17.3
41147,Patroli,Pokhari ,2009,9.41,0.0941,3.0,4,3.0,1.0,42.507970244420825,50.0,0.0,0.0,0.0,0.0,0.0,0.0,1,0,0,0,0,0,1,KARNAPRAYAG,40.0,0,0.0,0.0,33.3,30.39254969087451,79.23262546447664,1760.8568,2017.0,60.76144027709961,"SubCentre, Jourasi",2.805,22.211,0,2,0.0,30.0,83,1.6,5.5
41158,Pithatoli,Pokhari ,2009,133.56,1.3356,1.0,5,3.0,2.0,3.7436358191075167,0.0,0.0,0.0,0.0,0.0,0.0,0.0,1,0,0,0,0,1,1,KARNAPRAYAG,40.0,0,0.0,0.0,0.0,30.369658621230776,79.18717492886074,1495.1161,2085.0,23.346240997314453,"SubCentre, Salna",1.744,27.249,0,2,0.0,30.0,45,2.0,15.6
41159,Pogatha,Pokhari ,2009,111.03,1.1103,197.0,771,351.0,420.0,694.4069170494461,16.861219195849547,0.0,0.0,0.0,0.0,0.0,0.0,1,1,0,1,0,1,1,KARNAPRAYAG,43.0,111,14.396887159533073,0.0,0.0,30.377895514255524,79.11591101342714,1958.9734,1994.0,17.94900894165039,"SubCentre, Malkoti",2.043,33.203,0,2,0.0,30.0,49,1.6,33.2
41152,Raduva,Pokhari ,2009,144.02,1.4402,149.0,646,324.0,322.0,448.5488126649076,32.6625386996904,0.0,0.0,0.0,0.0,0.0,0.0,1,1,0,0,0,1,1,KARNAPRAYAG,35.0,89,13.777089783281737,0.0,2.7,30.380300514503634,79.21505340079645,1760.8568,1370.0,15.941658973693848,"SubCentre, Jourasi",1.264,24.325,0,2,0.0,30.0,50,2.0,27.0
41234,Rano,Pokhari ,2009,69.41,0.6940999999999999,58.0,264,107.0,157.0,380.3486529318543,0.0,0.0,0.0,0.0,0.0,0.0,0.0,1,0,0,0,0,0,1,GOCHAR,2.0,35,13.257575757575758,0.0,3.5,30.307769406775137,79.17276740384978,1495.1161,1451.0,32.58747863769531,"SubCentre, Udamanda",2.648,32.023,0,2,0.0,30.0,51,1.6,77.6
41175,Rauta,Pokhari ,2009,182.23,1.8223,176.0,777,366.0,411.0,426.3842396970862,28.31402831402832,0.0,0.0,0.0,1.0,0.0,1.0,1,0,0,0,0,1,1,KARNAPRAYAG,40.0,86,11.068211068211069,0.0,0.0,30.35492294074841,79.14377639661492,1495.1161,1821.0,42.8798828125,"SubCentre, Malkoti",1.677,31.715,0,2,0.0,30.0,65,4.0,23.3
41263,Rikhwari,Pokhari ,2009,20.44,0.2044,2.0,9,6.0,3.0,44.03131115459882,0.0,0.0,0.0,0.0,0.0,0.0,0.0,1,0,0,0,0,0,1,KARNAPRAYAG,14.0,0,0.0,0.0,0.0,30.297515560610123,79.2618139330094,1495.1161,1062.0,30.64905166625977,ECHS Poly Clinic,1.168,26.483,0,2,0.0,30.0,51,3.0,47.1
41235,Rothla Laga Rano,Pokhari ,2009,45.27,0.4527,8.0,37,17.0,20.0,81.73183123481333,0.0,0.0,0.0,0.0,0.0,0.0,0.0,0,0,0,0,0,0,1,GOCHAR,4.0,6,16.216216216216218,0.0,0.0,30.311808555336547,79.1688365788645,1495.1161,1568.0,36.87408447265625,"SubCentre, Udamanda",2.758,32.067,0,2,0.0,30.0,57,1.6,63.4
41251,Saimi gwad,Pokhari ,2009,125.44,1.2544,255.0,953,502.0,451.0,759.7257653061225,12.381951731374606,0.4197271773347324,0.0,0.0,0.0,0.0,0.0,1,1,0,0,1,1,1,KARNAPRAYAG,15.0,118,12.381951731374606,0.0,0.0,30.285389465139342,79.20357912211968,1495.1161,1400.0,34.363555908203125,Trauma Centre,2.7,31.332,0,2,0.0,30.0,54,20.0,66.5
41142,Salna,Pokhari ,2009,252.7,2.527,216.0,930,417.0,513.0,368.02532647408,50.53763440860215,0.1075268817204301,0.0,0.0,1.0,0.0,1.0,1,1,0,0,0,0,1,KARNAPRAYAG,39.0,124,13.333333333333334,0.5,0.0,30.40629547100878,79.20348736311206,1760.8568,1546.0,30.461549758911133,"SubCentre, Haapla",0.963,24.218,0,2,0.0,30.0,62,4.0,24.8
41185,Sangud,Pokhari ,2009,53.56,0.5356000000000001,47.0,182,83.0,99.0,339.8058252427184,0.5494505494505495,0.0,0.0,0.0,0.0,0.0,0.0,0,0,0,0,0,0,1,NANDPRAYAG,36.0,15,8.241758241758241,0.0,0.0,30.34221840362444,79.26370009113141,1495.1161,1084.0,33.710811614990234,"SubCentre, Sonla",4.6,22.813,0,2,0.0,30.0,57,1.6,17.3
41182,Sankari,Pokhari ,2009,42.76,0.4276,100.0,423,199.0,224.0,989.242282507016,60.99290780141844,0.0,0.0,0.0,0.0,0.0,0.0,0,0,0,0,0,0,1,NANDPRAYAG,43.0,54,12.76595744680851,0.0,3.9,30.36030725065488,79.23567894201432,1495.1161,1235.0,29.793344497680664,CHC Pokhari,4.08,23.725,0,2,0.0,30.0,51,24.0,19.7
41215,Sankni,Pokhari ,2009,186.96,1.8696,7.0,34,13.0,21.0,18.1857081728712,0.0,0.0,0.0,0.0,0.0,1.0,1.0,0,0,0,0,0,0,1,KARNAPRAYAG,28.0,9,26.47058823529412,0.0,0.0,30.32209566253977,79.2026225251169,1495.1161,1657.0,34.05303955078125,"SubCentre, Udamanda",0.711,28.772,0,2,0.0,30.0,55,32.0,26.3
41244,Sarmola,Pokhari ,2009,140.61,1.4061,87.0,378,164.0,214.0,268.8286750586729,7.4074074074074066,0.0,0.0,0.0,0.0,0.0,0.0,0,1,0,0,1,1,1,KARNAPRAYAG,14.0,63,16.666666666666664,0.0,2.2,30.29719590867641,79.19810110927844,1495.1161,1401.0,28.90334129333496,"SubCentre, Udamanda",2.725,30.848,0,2,0.0,30.0,47,1.6,60.8
41265,Sarna,Pokhari ,2009,133.54,1.3354,84.0,402,194.0,208.0,301.0333982327393,2.985074626865672,0.0,0.0,0.0,1.0,0.0,1.0,1,0,0,0,0,0,1,KARNAPRAYAG,13.0,60,14.925373134328357,0.0,0.0,30.29915359070961,79.24139815950758,1495.1161,1202.0,33.775882720947266,ECHS Poly Clinic,1.646,27.671,0,2,0.0,30.0,55,5.0,51.0
41197,Sarnachai,Pokhari ,2009,88.52,0.8852,63.0,248,109.0,139.0,280.16267510167194,0.8064516129032258,0.0,0.0,0.0,0.0,0.0,0.0,0,0,0,0,0,0,1,KARNAPRAYAG,33.0,33,13.306451612903224,0.0,0.0,30.34405880033936,79.21991804746287,1495.1161,1676.0,18.409177780151367,CHC Pokhari,2.158,25.993,0,2,0.0,30.0,41,24.0,18.0
41166,Satiyana,Pokhari ,2009,66.86,0.6686,33.0,141,63.0,78.0,210.88842357164225,0.0,0.0,0.0,0.0,0.0,0.0,0.0,1,0,0,0,0,1,1,KARNAPRAYAG,43.0,15,10.638297872340424,0.0,9.1,30.36996175072896,79.16061655748881,1495.1161,1764.0,16.729568481445312,"SubCentre, Mohankhal",0.856,29.544,0,2,0.0,30.0,38,2.0,21.9
41187,Satud,Pokhari ,2009,47.14,0.4714,24.0,108,49.0,59.0,229.1047942299533,0.0,0.0,0.0,0.0,0.0,0.0,0.0,0,0,0,0,0,0,1,KARNAPRAYAG,40.0,16,14.814814814814811,0.0,0.0,30.33221649642051,79.2476301791272,1495.1161,1607.0,26.75181198120117,ECHS Poly Clinic,4.812,24.706,0,2,0.0,30.0,48,2.4,16.6
41201,Sauda mangara,Pokhari ,2009,55.74,0.5574,71.0,308,141.0,167.0,552.5654825977754,26.2987012987013,0.0,0.0,0.0,0.0,0.0,0.0,0,0,0,0,0,0,1,KARNAPRAYAG,42.0,51,16.558441558441558,0.0,2.8,30.33214220022231,79.23601377569622,1495.1161,1565.0,23.66253089904785,CHC Pokhari,3.941,25.562,0,2,0.0,30.0,46,24.0,18.6
41267,Selud,Pokhari ,2009,22.45,0.2245,8.0,37,23.0,14.0,164.81069042316258,0.0,0.0,0.0,0.0,0.0,0.0,0.0,1,0,0,0,0,0,1,KARNAPRAYAG,8.0,0,0.0,0.0,0.0,30.291941558773537,79.22080088908896,1495.1161,1191.0,17.144954681396484,ECHS PolyClinic,2.847,29.634,0,2,0.0,30.0,39,2.4,57.9
41183,Sem,Pokhari ,2009,26.64,0.2664,47.0,156,78.0,78.0,585.5855855855855,0.0,0.0,0.0,0.0,0.0,0.0,0.0,0,0,0,0,0,0,1,NANDPRAYAG,43.0,15,9.615384615384617,0.0,0.0,30.35609556567469,79.24392346874691,1495.1161,1123.0,11.14664363861084,CHC Pokhari,4.651,23.338,0,2,0.0,30.0,37,24.0,17.1
41257,Semdugra,Pokhari ,2009,30.08,0.3007999999999999,12.0,59,22.0,37.0,196.1436170212766,0.0,0.0,0.0,0.0,0.0,0.0,0.0,1,0,0,0,0,0,1,KARNAPRAYAG,40.0,4,6.779661016949152,0.0,0.0,30.3097664365026,79.27040618649525,1495.1161,1443.0,38.373313903808594,ECHS Poly Clinic,2.755,24.916,0,2,0.0,30.0,62,2.4,11.1
41162,Sera,Pokhari ,2009,48.75,0.4875,28.0,129,54.0,75.0,264.61538461538464,0.0,0.0,0.0,0.0,0.0,0.0,0.0,1,0,0,0,0,1,1,KARNAPRAYAG,46.0,15,11.627906976744184,0.0,0.0,30.36573773393816,79.13600956536261,1495.1161,1921.0,52.6591796875,"SubCentre, Malkoti",0.333,31.898,0,2,0.0,30.0,68,2.0,16.8
41136,Shrigadh,Pokhari ,2009,60.92,0.6092,80.0,378,167.0,211.0,620.4858831254104,2.1164021164021163,0.0,0.0,0.0,0.0,0.0,0.0,1,0,0,0,0,1,1,KARNAPRAYAG,52.0,57,15.07936507936508,0.0,0.0,30.43346188140008,79.19830818089156,1760.8568,1860.0,9.62961483001709,"SubCentre, Haapla",2.246,23.875,0,2,0.0,30.0,46,1.6,24.3
41225,Simkholi,Pokhari ,2009,28.6,0.286,26.0,88,41.0,47.0,307.6923076923077,20.454545454545457,0.0,0.0,0.0,0.0,0.0,0.0,1,0,0,0,0,1,1,KARNAPRAYAG,32.0,7,7.954545454545454,0.0,0.0,30.326330222021216,79.18467769376902,1495.1161,1382.0,36.63554382324219,"SubCentre, Udamanda",1.144,29.897,0,2,0.0,30.0,58,2.0,16.4
41176,Simlasu,Pokhari ,2009,72.36,0.7236,44.0,207,100.0,107.0,286.0696517412935,6.763285024154589,0.0,0.0,0.0,1.0,0.0,1.0,1,0,0,0,0,1,1,KARNAPRAYAG,41.0,15,7.246376811594203,0.0,3.7,30.341052872197203,79.1489609093625,1495.1161,1163.0,10.30286693572998,"SubCentre, Malkoti",3.24,31.973,0,2,0.0,30.0,32,3.6,22.6
41226,Sinau Palla,Pokhari ,2009,36.74,0.3674,49.0,188,92.0,96.0,511.7038649972782,17.02127659574468,0.0,0.0,0.0,0.0,0.0,0.0,1,0,0,0,0,0,1,KARNAPRAYAG,30.0,17,9.042553191489365,0.0,8.0,30.32580852110881,79.19109731216871,1495.1161,1561.0,25.500732421875,"SubCentre, Udamanda",0.617,29.423,0,2,0.0,30.0,45,2.0,27.9
41216,Sinau Talla Malla,Pokhari ,2009,37.0,0.37,115.0,478,227.0,251.0,1291.891891891892,24.89539748953975,0.0,0.0,0.0,0.0,0.0,0.0,0,0,0,0,0,0,1,KARNAPRAYAG,24.0,69,14.435146443514643,0.0,0.0,30.327567951434435,79.19678406769235,1495.1161,1885.0,14.5775146484375,"SubCentre, Udamanda",0.683,28.865,0,2,0.0,30.0,37,2.0,30.8
41269,Siwae,Pokhari ,2009,162.78,1.6278,157.0,687,318.0,369.0,422.0420199041652,23.72634643377001,0.0,0.0,0.0,0.0,0.0,0.0,1,0,0,0,0,0,1,KARNAPRAYAG,6.0,97,14.119359534206696,0.0,3.7,30.28834373400361,79.23982986566976,1495.1161,971.0,36.92275238037109,ECHS PolyClinic,1.019,28.647,0,2,0.0,30.0,59,3.0,59.4
41246,Sugi,Pokhari ,2009,51.42,0.5142,53.0,261,136.0,125.0,507.5845974329055,37.547892720306514,0.0,0.0,0.0,0.0,0.0,0.0,1,0,0,0,0,0,1,GOCHAR,8.0,28,10.727969348659004,0.0,0.0,30.28911816805304,79.17844190586368,1495.1161,928.0,34.41127014160156,"SubCentre, Bamoth",1.339,32.869,0,2,0.0,30.0,53,2.0,60.1
41163,Tali Kansari,Pokhari ,2009,77.03,0.7703,82.0,358,170.0,188.0,464.7539919511879,45.53072625698324,0.0,0.0,0.0,0.0,0.0,0.0,1,0,0,0,0,1,1,KARNAPRAYAG,39.0,46,12.849162011173185,0.0,0.0,30.36941067007664,79.1495250883464,1495.1161,1839.0,20.28043937683105,"SubCentre, Mohankhal",1.012,30.544,0,2,0.0,30.0,41,2.0,24.1
41218,Tamundi,Pokhari ,2009,68.99,0.6899,65.0,256,117.0,139.0,371.0682707638789,0.0,0.0,0.0,0.0,0.0,0.0,0.0,0,0,0,0,0,0,1,KARNAPRAYAG,29.0,32,12.5,0.0,11.5,30.339452277562668,79.18565365690004,1495.1161,1478.0,20.819101333618164,CHC Pokhari,1.251,29.019,0,2,0.0,30.0,42,30.0,28.6
41165,Thalabair,Pokhari ,2009,117.15,1.1715,105.0,524,248.0,276.0,447.28979940247547,8.778625954198473,0.0,0.0,0.0,0.0,0.0,0.0,1,0,0,1,0,1,1,KARNAPRAYAG,44.0,53,10.114503816793894,0.0,1.0,30.37447450869361,79.16929270476516,1495.1161,2209.0,29.967300415039062,"SubCentre, Mohankhal",1.293,28.578,0,2,0.0,30.0,49,2.0,25.7
41237,Toli laaga Gailung,Pokhari ,2009,42.54,0.4254,20.0,68,26.0,42.0,159.84955336154206,0.0,0.0,0.0,0.0,0.0,0.0,0.0,0,0,0,0,0,0,1,GOCHAR,8.0,8,11.76470588235294,0.0,5.0,30.318943935662404,79.16085865342886,1495.1161,1226.0,27.12811279296875,"SubCentre, Udamanda",3.313,32.255,0,2,0.0,30.0,45,1.6,58.2
41236,Tolilagarano,Pokhari ,2009,34.74,0.3474,42.0,183,81.0,102.0,526.7702936096717,52.459016393442624,0.0,0.0,0.0,0.0,0.0,0.0,0,0,0,0,0,0,1,GOCHAR,3.0,24,13.114754098360656,0.0,0.0,30.313294006584893,79.15992802568996,1495.1161,1262.0,41.56621170043945,ITBP Hospital,3.235,32.677,0,2,0.0,30.0,63,24.0,64.8
41184,Trishula,Pokhari ,2009,52.94,0.5294,44.0,203,100.0,103.0,383.4529656214583,14.285714285714285,0.0,0.0,0.0,1.0,0.0,1.0,0,0,0,0,0,0,1,NANDPRAYAG,40.0,23,11.330049261083744,0.0,0.0,30.347687461411308,79.2544362352341,1495.1161,1051.0,15.387104034423828,"SubCentre, Sonla",4.709,23.1,0,2,0.0,30.0,40,3.6,17.5
41143,Tunji,Pokhari ,2009,177.62,1.7762,113.0,546,242.0,304.0,307.39781556131067,24.35897435897436,0.0,0.0,0.0,0.0,0.0,0.0,1,0,0,0,0,1,1,KARNAPRAYAG,35.0,66,12.087912087912088,0.0,2.6,30.411042939906544,79.1935840230769,1760.8568,1832.0,56.65305709838867,"SubCentre, Haapla",1.301,24.953,0,2,0.0,30.0,81,2.0,21.0
41213,Udaipur,Pokhari ,2009,20.56,0.2055999999999999,7.0,21,8.0,13.0,102.14007782101169,0.0,0.0,0.0,0.0,0.0,1.0,1.0,0,0,0,0,0,0,1,KARNAPRAYAG,28.0,4,19.047619047619047,0.0,0.0,30.329007329312223,79.20387341683268,1495.1161,1903.0,14.146230697631836,"SubCentre, Udamanda",1.17,28.218,0,2,0.0,30.0,37,32.0,26.2
41258,Uttaraun,Pokhari ,2009,172.87,1.7287,148.0,641,284.0,357.0,370.7988662000347,44.77379095163806,6.240249609984399,0.0,0.0,0.0,0.0,0.0,1,0,0,0,0,0,1,KARNAPRAYAG,15.0,89,13.884555382215288,0.0,0.0,30.314076705641337,79.29120922610485,1495.1161,1223.0,29.2857666015625,"SubCentre, Langasu",2.786,23.269,0,2,0.0,30.0,51,1.6,53.4
41169,Valli,Pokhari ,2009,99.93,0.9993,119.0,577,263.0,314.0,577.4041829280496,42.114384748700175,0.0,0.0,0.0,0.0,0.0,0.0,0,1,0,0,0,1,1,KARNAPRAYAG,35.0,87,15.077989601386482,0.0,0.0,30.359256150955986,79.18693700291435,1495.1161,2111.0,40.27511978149414,CHC Pokhari,1.947,27.802,0,2,0.0,30.0,64,30.0,16.3
41206,Vishal,Pokhari ,2009,197.75,1.9775,230.0,849,409.0,440.0,429.3299620733249,21.908127208480565,0.5889281507656066,0.0,0.0,0.0,0.0,0.0,0,1,0,0,0,0,1,KARNAPRAYAG,30.0,116,13.663133097762072,0.0,3.6,30.34860715238529,79.20932536280513,1495.1161,1737.0,23.346240997314453,CHC Pokhari,1.239,26.554,0,2,0.0,30.0,45,30.0,34.5
41684, Ratgaon Chak,Tharali  ,2009,274.82,2.7482,245.0,1256,599.0,657.0,457.026417291318,33.28025477707006,0.0,0.0,0.0,0.0,0.0,0.0,0,0,0,0,0,0,1,KARNAPRAYAG,65.0,191,15.20700636942675,0.4,16.9,30.129644938325296,79.54794576072818,1598.458,2025.0,18.830974578857425,"SubCentre, Dungri",3.95,40.027,0,2,0.0,30.0,42,1.6,20.5
41569,Aali,Tharali  ,2009,11.06,0.1106,15.0,68,35.0,33.0,614.8282097649186,44.11764705882353,0.0,0.0,0.0,0.0,0.0,0.0,1,0,0,0,0,0,1,KARNAPRAYAG,31.0,9,13.23529411764706,0.0,0.0,30.139437609197493,79.38469383440655,1598.458,1259.0,1.4190160036087036,"SubCentre, Narainbagar",0.948,38.006,0,2,0.0,30.0,32,2.0,16.2
41618,Adra,Tharali  ,2009,61.74,0.6174000000000001,73.0,341,167.0,174.0,552.3161645610625,29.32551319648094,0.0,0.0,0.0,0.0,0.0,0.0,1,0,0,1,0,1,1,KARNAPRAYAG,45.0,61,17.888563049853374,1.3,6.7,30.08434131953058,79.46877131973022,1199.082,1225.0,20.53091621398925,"SubCentre, Kulsari",0.796,43.798,0,2,0.0,30.0,24,2.0,28.9
41625,Agar Chimni,Tharali  ,2009,62.77,0.6277,27.0,127,54.0,73.0,202.3259518878445,12.598425196850393,0.0,0.0,0.0,0.0,0.0,0.0,1,0,0,0,0,1,1,KARNAPRAYAG,45.0,19,14.960629921259844,0.0,0.0,30.091080495869345,79.41838025564866,1199.082,1778.0,34.234413146972656,"SubCentre, Alkot",3.467,43.03,0,2,0.0,30.0,37,1.6,21.8
41647,Alkot,Tharali  ,2009,136.5,1.365,70.0,308,125.0,183.0,225.64102564102564,31.818181818181817,0.0,0.0,0.0,0.0,0.0,0.0,1,0,0,0,0,1,1,KARNAPRAYAG,40.0,49,15.909090909090908,0.0,1.5,30.06754439444958,79.44746514055136,1199.082,1695.0,25.539947509765625,"SubCentre, Alkot",0.557,45.585,0,2,0.0,30.0,27,2.0,23.6
41627,Angoth,Tharali  ,2009,13.48,0.1348,24.0,102,52.0,50.0,756.6765578635014,0.0,0.0,0.0,0.0,0.0,0.0,0.0,0,0,0,0,0,0,1,KARNAPRAYAG,43.0,18,17.647058823529413,0.0,0.0,30.09946427105533,79.4016058062036,1199.082,1409.0,15.756637573242188,"SubCentre, Narainbagar",3.788,42.217,0,2,0.0,30.0,21,1.6,16.5
41662,Angtoli,Tharali  ,2009,142.55,1.4255000000000002,27.0,149,81.0,68.0,104.52472816555591,7.38255033557047,0.0,0.0,0.0,0.0,0.0,0.0,0,0,0,0,0,0,1,KARNAPRAYAG,40.0,15,10.06711409395973,0.0,0.0,30.13767275974769,79.42175341933954,1598.458,1484.0,41.81723785400391,Parkhal Hospital,1.997,37.855,0,2,0.0,30.0,68,30.0,12.0
41551,Arkhanda,Tharali  ,2009,48.71,0.4871,29.0,122,53.0,69.0,250.4619174707452,30.327868852459016,0.0,0.0,0.0,0.0,0.0,0.0,0,0,0,0,0,0,1,KARNAPRAYAG,46.0,23,18.852459016393443,0.0,0.0,30.175976261580995,79.38777480060433,1598.458,1491.0,24.021404266357425,"SubCentre, Chopata",1.161,33.956,0,2,0.0,30.0,50,2.0,16.7
41563,Ased,Tharali  ,2009,113.86,1.1386,109.0,464,205.0,259.0,407.5180045670121,47.8448275862069,1.5086206896551724,0.0,0.0,1.0,0.0,1.0,1,0,0,0,0,0,1,KARNAPRAYAG,40.0,50,10.775862068965516,0.9,3.5,30.14967220923157,79.40789662425163,1598.458,1484.0,21.62065315246582,Parkhal Hospital,1.179,36.62,0,2,0.0,30.0,46,32.0,20.1
41719,Ashothi,Tharali  ,2009,12.0,0.12,9.0,38,17.0,21.0,316.6666666666667,18.421052631578945,0.0,0.0,0.0,0.0,0.0,0.0,1,0,0,0,1,0,1,KARNAPRAYAG,46.0,1,2.631578947368421,0.0,25.0,30.06538142190092,79.50255686750972,1199.082,1443.0,23.714468002319336,Berkandai Tharali Hospital,0.791,46.195,0,2,0.0,30.0,25,30.0,20.9
41753,Atthu,Tharali  ,2009,140.39,1.4039,33.0,171,84.0,87.0,121.80354726120096,0.0,0.0,0.0,0.0,0.0,0.0,0.0,1,0,0,0,0,1,1,KARNAPRAYAG,65.0,22,12.865497076023392,0.0,0.0,30.06298647641107,79.56612177450485,1199.082,1872.0,35.23564529418945,"SubCentre, Lolti",5.54,47.618,0,2,0.0,30.0,37,1.0,17.2
41619,Badiyun Sar,Tharali  ,2009,5.74,0.0574,7.0,38,12.0,26.0,662.0209059233449,0.0,0.0,0.0,0.0,0.0,0.0,0.0,1,0,0,0,0,1,1,KARNAPRAYAG,40.0,7,18.421052631578945,0.0,0.0,30.07878945851628,79.46839331565242,1199.082,1495.0,44.4705810546875,"SubCentre, Kulsari",0.976,44.41,0,2,0.0,30.0,50,2.0,15.9
41778,Bahattara,Tharali  ,2009,175.45,1.7545,111.0,529,253.0,276.0,301.51040182388147,21.73913043478261,0.1890359168241966,0.0,0.0,0.0,0.0,0.0,1,0,0,0,0,1,1,KARNAPRAYAG,90.0,95,17.958412098298677,0.0,0.0,30.14404078323754,79.7112513082519,3826.2017,2302.0,34.234413146972656,"SubCentre, Ghes",2.98,45.067,0,2,0.0,30.0,59,1.6,20.8
41723,Bainoli Malli,Tharali  ,2009,84.9,0.8490000000000001,88.0,401,195.0,206.0,472.3203769140165,15.46134663341646,0.0,0.0,0.0,0.0,0.0,0.0,1,0,0,1,1,1,1,KARNAPRAYAG,43.0,41,10.224438902743142,0.0,1.2,30.058089572009976,79.51028436419791,1199.082,1313.0,35.58419418334961,"SubCentre, Lolti",0.957,47.095,0,2,0.0,30.0,37,2.0,29.5
41586,Bainoli Talli,Tharali  ,2009,58.91,0.5891,109.0,481,209.0,272.0,816.4997453742999,3.3264033264033266,0.0,0.0,0.0,0.0,0.0,0.0,0,0,0,0,0,0,1,KARNAPRAYAG,40.0,65,13.513513513513514,0.0,0.0,30.1176731052192,79.41189775701928,1199.082,1188.0,41.00814056396485,Parkhal Hospital,2.76,40.126,0,2,0.0,30.0,48,24.0,15.3
41741,Baisara,Tharali  ,2009,37.61,0.3761,11.0,59,26.0,33.0,156.87317202871577,0.0,0.0,0.0,0.0,0.0,0.0,0.0,1,0,0,0,0,1,0,KARNAPRAYAG,76.0,11,18.64406779661017,33.3,8.3,30.08534616731751,79.54592125803804,1199.082,2297.0,22.04344940185547,Berkandai Tharali Hospital,4.33,44.748,0,2,0.0,30.0,24,24.0,11.1
41798,Bajai,Tharali  ,2009,7.3,0.073,14.0,44,19.0,25.0,602.7397260273973,0.0,0.0,0.0,0.0,0.0,0.0,0.0,0,0,0,0,0,0,0,KARNAPRAYAG,76.0,1,2.272727272727273,0.0,14.3,30.02569697369616,79.64643932766661,4163.0312,1562.0,21.062400817871094,"SubCentre, Ghes",11.591,53.949,0,2,0.0,30.0,44,0.5,10.9
41646,Bajwar,Tharali  ,2009,64.45,0.6445000000000001,30.0,92,41.0,51.0,142.74631497284716,0.0,0.0,0.0,0.0,0.0,0.0,0.0,1,0,0,0,0,1,1,KARNAPRAYAG,40.0,16,17.391304347826086,0.0,0.0,30.07286538761702,79.45341154455076,1199.082,1455.0,27.840526580810547,"SubCentre, Alkot",1.288,45.006,0,2,0.0,30.0,29,2.0,21.4
41716,Bajwar,Tharali  ,2009,95.6,0.956,116.0,558,235.0,323.0,583.6820083682009,2.867383512544803,0.0,0.0,0.0,0.0,0.0,0.0,1,0,0,0,0,0,1,KARNAPRAYAG,51.0,74,13.261648745519713,0.0,0.0,30.06546227959435,79.48645967784381,1199.082,1722.0,35.76042175292969,"Dinesh Joshi Medikose, Tharali",1.637,46.015,0,2,0.0,30.0,38,3.0,16.1
41776,Balan,Tharali  ,2009,403.18,4.0318000000000005,137.0,732,348.0,384.0,181.55662483258087,38.114754098360656,0.0,0.0,0.0,0.0,0.0,0.0,1,0,0,0,1,1,1,KARNAPRAYAG,91.0,134,18.30601092896175,9.0,11.3,30.144418194730697,79.67521083618064,3826.2017,2645.0,64.3983383178711,"SubCentre, Ghes",3.308,43.277,0,2,0.0,30.0,75,1.6,22.8
41744,Baman Bera,Tharali  ,2009,49.71,0.4971,48.0,180,78.0,102.0,362.10018105009055,4.444444444444445,0.0,0.0,0.0,0.0,0.0,0.0,1,0,0,1,1,1,1,KARNAPRAYAG,66.0,25,13.88888888888889,0.0,2.0,30.08181371267638,79.58021335093761,1199.082,1843.0,18.087696075439453,"SubCentre, Mundoli",6.394,45.976,0,2,0.0,30.0,21,1.0,32.3
41600,Baman Gaon,Tharali  ,2009,20.02,0.2002,22.0,88,42.0,46.0,439.5604395604396,0.0,0.0,0.0,0.0,0.0,0.0,0.0,1,0,0,0,0,1,1,KARNAPRAYAG,40.0,10,11.363636363636363,0.0,22.7,30.10821727984169,79.43405098384319,1199.082,1175.0,38.50979232788086,"SubCentre, Kulsari",3.681,41.079,0,2,0.0,30.0,44,1.6,16.4
41527,Bamiyala,Tharali  ,2009,323.42,3.2342,72.0,382,176.0,206.0,118.11267083049904,3.664921465968586,0.0,0.0,0.0,0.0,0.0,0.0,1,0,0,0,0,0,1,KARNAPRAYAG,32.0,63,16.49214659685864,0.0,0.0,30.159590008116407,79.31989730908427,1495.1161,1501.0,36.04639053344727,"SubCentre, Jainta",3.654,37.258,0,2,0.0,30.0,53,1.6,14.3
41663,Banela,Tharali  ,2009,89.87,0.8987,41.0,193,87.0,106.0,214.7546455991988,18.65284974093264,0.0,0.0,0.0,0.0,0.0,0.0,0,1,0,0,0,0,1,KARNAPRAYAG,35.0,20,10.362694300518134,0.0,0.0,30.13125431001204,79.41050785173121,1598.458,1335.0,19.575305938720703,Parkhal Hospital,1.378,38.634,0,2,0.0,30.0,44,30.0,17.4
41783,Bank,Tharali  ,2009,339.34,3.3934,120.0,664,307.0,357.0,195.67395532504275,26.957831325301207,0.0,0.0,0.0,0.0,0.0,0.0,1,1,0,1,0,0,1,KARNAPRAYAG,83.0,103,15.512048192771086,2.5,0.0,30.12403047945307,79.63862208515903,4163.0312,1851.0,23.382280349731445,"SubCentre, Mundoli",2.393,43.648,0,2,0.0,30.0,50,1.6,27.1
41633,Basina,Tharali  ,2009,73.14,0.7314,25.0,121,60.0,61.0,165.43614984960348,40.49586776859504,0.0,0.0,0.0,0.0,0.0,0.0,1,0,0,0,0,1,1,KARNAPRAYAG,40.0,17,14.049586776859504,0.0,0.0,30.07914053963685,79.40003544785706,1199.082,2169.0,27.81831359863281,"SubCentre, Alkot",4.218,44.474,0,2,0.0,30.0,29,1.6,16.7
41559,Bed Gaon,Tharali  ,2009,89.96,0.8996,33.0,159,73.0,86.0,176.74522009782126,38.9937106918239,0.0,0.0,0.0,0.0,0.0,0.0,1,0,0,0,0,0,1,KARNAPRAYAG,36.0,28,17.61006289308176,5.7,14.3,30.15765256559406,79.38962767084473,1598.458,1394.0,38.46039962768555,"SubCentre, Dungri",1.287,35.94,0,2,0.0,30.0,65,2.0,12.1
41570,Bedula,Tharali  ,2009,71.04,0.7104,35.0,190,87.0,103.0,267.4549549549549,12.105263157894736,0.0,0.0,0.0,0.0,0.0,0.0,1,0,0,0,0,0,1,KARNAPRAYAG,33.0,28,14.736842105263156,0.0,2.9,30.141925830435977,79.37187619557925,1495.1161,1080.0,23.86432266235352,PHC Narayanbagar,0.578,37.931,0,2,0.0,30.0,40,6.0,17.4
41596,Beena Gaon,Tharali  ,2009,26.37,0.2637,58.0,160,80.0,80.0,606.7500948047024,3.75,0.0,0.0,0.0,0.0,0.0,0.0,1,0,0,1,0,1,1,KARNAPRAYAG,40.0,15,9.375,0.0,1.7,30.11286066894887,79.43153297222703,1199.082,1166.0,31.003835678100582,"SubCentre, Kulsari",4.225,40.57,0,2,0.0,30.0,34,1.6,27.1
41742,Beradhar,Tharali  ,2009,155.34,1.5534,152.0,713,337.0,376.0,458.9931762585296,39.130434782608695,0.0,0.0,0.0,0.0,0.0,0.0,1,0,0,0,0,1,1,KARNAPRAYAG,76.0,127,17.812061711079945,0.0,1.3,30.076344572309075,79.54885355208734,1199.082,2251.0,38.22673416137695,Berkandai Tharali Hospital,4.389,45.784,0,2,0.0,30.0,41,24.0,17.6
41507,Bethara,Tharali  ,2009,110.41,1.1041,47.0,193,83.0,110.0,174.803006974006,0.0,0.0,0.0,0.0,0.0,0.0,0.0,0,0,0,0,0,0,1,KARNAPRAYAG,66.0,29,15.025906735751295,0.0,2.0,30.20073949546934,79.36464264222852,1495.1161,2006.0,29.13850784301757,"SubCentre, Sainj",1.413,31.689,0,2,0.0,30.0,47,2.0,12.4
41538,Bhagoti,Tharali  ,2009,104.79,1.0479,80.0,330,154.0,176.0,314.9155453764672,10.0,0.0,0.0,0.0,0.0,0.0,0.0,1,0,0,0,0,0,1,KARNAPRAYAG,38.0,40,12.12121212121212,0.0,1.2,30.152585096089435,79.37203638268315,1495.1161,1000.0,48.326202392578125,PHC Narayanbagar,0.689,36.765,0,2,0.0,30.0,65,6.0,13.8
41516,Bhangota,Tharali  ,2009,221.46,2.2146,51.0,209,90.0,119.0,94.37370179716429,0.0,0.0,0.0,0.0,0.0,0.0,0.0,0,0,0,0,0,0,1,KARNAPRAYAG,48.0,19,9.090909090909092,0.0,7.5,30.18509049349889,79.38525179737655,1598.458,1567.0,39.13724899291992,"SubCentre, Chopata",0.72,32.997,0,2,0.0,30.0,67,2.0,12.6
41495,Bhatiyana,Tharali  ,2009,65.47,0.6547,102.0,465,220.0,245.0,710.2489689934322,59.354838709677416,0.0,0.0,0.0,0.0,0.0,0.0,0,0,0,0,0,0,1,KARNAPRAYAG,80.0,74,15.913978494623656,0.0,15.9,30.23556338762496,79.34524983290592,1495.1161,1692.0,19.24176406860352,"SubCentre, Sainj",2.996,28.497,0,2,0.0,30.0,41,1.6,20.1
41639,Bhatiyana,Tharali  ,2009,25.81,0.2581,49.0,204,86.0,118.0,790.3913211933359,0.0,0.0,0.0,0.0,0.0,0.0,0.0,1,0,0,0,0,1,1,KARNAPRAYAG,40.0,21,10.294117647058822,0.0,0.0,30.077561932565818,79.44470444374083,1199.082,1757.0,27.73114967346192,"SubCentre, Alkot",1.178,44.472,0,2,0.0,30.0,29,2.0,22.5
41626,Bhela ,Tharali  ,2009,54.0,0.54,51.0,195,94.0,101.0,361.1111111111111,0.0,0.0,0.0,0.0,0.0,0.0,0.0,0,0,0,0,0,0,1,KARNAPRAYAG,43.0,31,15.897435897435896,0.0,0.0,30.09244961401243,79.40686015944775,1199.082,1775.0,25.894296646118164,"SubCentre, Alkot",4.365,42.95,0,2,0.0,30.0,28,1.6,17.4
41709,Bhenta,Tharali  ,2009,39.5,0.395,163.0,671,396.0,275.0,1698.73417721519,12.369597615499254,0.1490312965722801,0.0,0.0,0.0,0.0,0.0,1,1,0,1,0,1,1,KARNAPRAYAG,45.0,81,12.071535022354697,0.0,1.8,30.06173675859375,79.48136199728363,1199.082,1926.0,11.492511749267578,"Dinesh Joshi Medikose, Tharali",2.276,46.383,0,2,0.0,30.0,15,2.4,32.2
41594,Bhidtoly,Tharali  ,2009,77.75,0.7775,8.0,43,23.0,20.0,55.30546623794213,41.86046511627907,0.0,0.0,0.0,0.0,0.0,0.0,1,0,0,1,0,1,1,KARNAPRAYAG,40.0,2,4.651162790697675,0.0,0.0,30.11754392921541,79.42066364383943,1199.082,1168.0,33.958648681640625,Parkhal Hospital,3.182,40.089,0,2,0.0,30.0,39,24.0,25.9
41496,Bhulkwani Gwad,Tharali  ,2009,54.08,0.5408,30.0,142,67.0,75.0,262.57396449704146,2.8169014084507045,0.0,0.0,0.0,0.0,0.0,0.0,0,0,0,0,0,0,1,KARNAPRAYAG,82.0,22,15.492957746478872,0.0,0.0,30.246670839833342,79.3537683020058,1495.1161,1896.0,36.0610580444336,"SubCentre, Sainj",4.102,27.07,0,2,0.0,30.0,58,1.6,11.9
41604,Bhyadi,Tharali  ,2009,40.57,0.4057,35.0,147,70.0,77.0,362.3367019965492,0.0,0.0,0.0,0.0,0.0,0.0,0.0,1,0,0,0,0,1,1,KARNAPRAYAG,40.0,18,12.244897959183673,0.0,0.0,30.10073792466211,79.43323805251279,1199.082,1092.0,11.20921802520752,"SubCentre, Kulsari",3.197,41.91,0,2,0.0,30.0,17,1.6,22.0
41582,Binayak,Tharali  ,2009,20.66,0.2066,57.0,265,111.0,154.0,1282.6718296224587,23.0188679245283,0.0,0.0,0.0,0.0,0.0,0.0,1,0,0,0,0,0,1,KARNAPRAYAG,35.0,37,13.962264150943396,0.0,15.3,30.11933065224868,79.40358737458816,1199.082,1039.0,7.734390735626221,"SubCentre, Narainbagar",2.041,40.007,0,2,0.0,30.0,16,1.6,18.1
41580,Binwal Gaon,Tharali  ,2009,12.94,0.1294,18.0,55,23.0,32.0,425.0386398763524,0.0,0.0,0.0,0.0,0.0,0.0,0.0,1,0,0,0,0,0,1,KARNAPRAYAG,35.0,11,20.0,0.0,9.1,30.125740955967416,79.3966499247141,1598.458,1123.0,39.57608413696289,"SubCentre, Narainbagar",1.076,39.367,0,2,0.0,30.0,64,2.0,11.1
41529,Budera,Tharali  ,2009,80.74,0.8073999999999999,52.0,246,115.0,131.0,304.6816943274709,17.88617886178862,0.0,0.0,0.0,0.0,0.0,0.0,1,0,0,0,0,0,1,KARNAPRAYAG,42.0,34,13.821138211382117,0.0,0.0,30.14784022946843,79.31361859098911,1495.1161,1888.0,20.984575271606445,"SubCentre, Jainta",4.026,38.685,0,2,0.0,30.0,37,1.6,18.0
41733,Budjola,Tharali  ,2009,31.93,0.3193,27.0,139,63.0,76.0,435.3272784215472,41.00719424460432,0.0,0.0,0.0,0.0,0.0,0.0,0,0,0,0,0,0,1,KARNAPRAYAG,60.0,32,23.021582733812952,0.0,0.0,30.032264289992,79.53519113363268,1199.082,1638.0,13.912993431091309,"SubCentre, Lolti",3.036,50.304,0,2,0.0,30.0,16,1.6,16.9
41544,Bunga,Tharali  ,2009,130.45,1.3045,99.0,481,211.0,270.0,368.7236489076274,46.77754677754678,0.0,0.0,0.0,0.0,0.0,0.0,1,0,0,0,0,0,1,KARNAPRAYAG,42.0,80,16.632016632016633,0.0,3.0,30.122416912932405,79.34218671390154,711.58325,1795.0,25.240367889404297,PHC Narayanbagar,4.1,40.635,0,2,0.0,30.0,25,4.8,20.3
41687,Bunga,Tharali  ,2009,190.1,1.901,130.0,669,320.0,349.0,351.92004208311414,14.947683109118088,0.0,0.0,0.0,0.0,1.0,1.0,0,0,0,0,0,0,1,KARNAPRAYAG,57.0,85,12.705530642750372,0.0,2.2,30.12249819158633,79.51750296494791,1199.082,1563.0,14.505157470703123,"SubCentre, Dungri",1.035,40.159,0,2,0.0,30.0,21,32.0,22.2
41679,Bunga Chak Goptiyara,Tharali  ,2009,208.15,2.0815,35.0,203,87.0,116.0,97.52582272399712,0.0,0.0,0.0,0.0,0.0,0.0,0.0,0,0,0,0,0,0,1,KARNAPRAYAG,59.0,33,16.25615763546798,0.0,20.0,30.134781328633192,79.5151000598388,1598.458,1862.0,41.04950714111328,"SubCentre, Dungri",1.31,38.779,0,2,0.0,30.0,67,2.0,12.5
41682,Bursol,Tharali  ,2009,220.11,2.2011000000000003,86.0,385,177.0,208.0,174.91254372813592,7.792207792207792,0.0,0.0,0.0,0.0,1.0,1.0,0,0,0,0,0,0,1,KARNAPRAYAG,61.0,39,10.129870129870133,0.0,4.5,30.124011465351405,79.53057242488364,1199.082,1993.0,22.350040435791016,"SubCentre, Dungri",2.252,40.243,0,2,0.0,30.0,27,31.6,19.4
41548,Buwarkot,Tharali  ,2009,36.24,0.3624,21.0,109,57.0,52.0,300.77262693156734,24.770642201834864,0.0,0.0,0.0,0.0,0.0,0.0,0,0,0,0,0,0,1,KARNAPRAYAG,43.0,11,10.091743119266056,0.0,0.0,30.091909136427887,79.37547234207348,1199.082,1724.0,22.48512458801269,"SubCentre, Narainbagar",4.524,43.347,0,2,0.0,30.0,26,1.6,16.6
41554,Chaliya Pani,Tharali  ,2009,28.32,0.2832,31.0,137,51.0,86.0,483.7570621468926,5.109489051094891,0.0,0.0,0.0,0.0,0.0,0.0,0,0,0,0,0,0,1,KARNAPRAYAG,46.0,18,13.138686131386862,0.0,0.0,30.166525341745924,79.37434168096534,1495.1161,1419.0,31.667299270629883,"Governnment Hospital, Tuneda",1.62,35.206,0,2,0.0,30.0,48,30.0,16.9
41800,Chaud,Tharali  ,2009,82.11,0.8210999999999999,146.0,649,287.0,362.0,790.4031177688468,0.0,0.0,0.0,0.0,0.0,0.0,0.0,0,0,0,0,0,0,1,KARNAPRAYAG,71.0,88,13.559322033898304,0.0,0.0,30.02464900973415,79.68015524963471,4163.0312,1574.0,41.62196350097656,"SubCentre, Ghes",10.79,55.322,0,2,0.0,30.0,67,0.5,17.0
41708,Chaunda,Tharali  ,2009,72.1,0.721,84.0,433,180.0,253.0,600.5547850208045,27.48267898383372,0.0,0.0,0.0,0.0,0.0,0.0,0,0,0,0,0,0,1,KARNAPRAYAG,47.0,72,16.628175519630485,0.0,0.0,30.06946646054829,79.48257227283052,1199.082,1591.0,15.106321334838867,"Dinesh Joshi Medikose, Tharali",1.8,45.539,0,2,0.0,30.0,18,3.0,19.8
41700,Chepadon,Tharali  ,2009,52.5,0.525,127.0,556,261.0,295.0,1059.047619047619,12.410071942446043,0.1798561151079137,0.0,0.0,0.0,0.0,0.0,0,1,0,1,0,0,1,KARNAPRAYAG,52.0,82,14.748201438848922,0.0,1.6,30.04331143480682,79.54529566012766,1199.082,1283.0,19.88581657409668,"SubCentre, Lolti",3.399,49.288,0,2,0.0,30.0,21,1.6,26.1
41602,Chhapali,Tharali  ,2009,5.41,0.0541,15.0,54,22.0,32.0,998.15157116451,0.0,0.0,0.0,0.0,0.0,0.0,0.0,1,0,0,0,0,1,1,KARNAPRAYAG,45.0,5,9.25925925925926,0.0,0.0,30.10221011415479,79.43604292799927,1199.082,1210.0,29.602584838867188,"SubCentre, Kulsari",3.083,41.742,0,2,0.0,30.0,32,1.6,21.0
41532,Chhekuda,Tharali  ,2009,91.14,0.9114,61.0,267,115.0,152.0,292.95589203423305,32.58426966292135,0.0,0.0,0.0,0.0,0.0,0.0,1,0,0,0,0,0,1,KARNAPRAYAG,37.0,33,12.359550561797752,0.0,0.0,30.14898344575393,79.34259749723331,1495.1161,1706.0,32.28184127807617,PHC Narayanbagar,3.056,37.769,0,2,0.0,30.0,48,4.8,18.2
41736,Chidanga Khalsa,Tharali  ,2009,40.43,0.4043,52.0,201,97.0,104.0,497.1555775414296,11.442786069651742,0.0,0.0,0.0,0.0,0.0,0.0,0,0,0,0,0,0,1,KARNAPRAYAG,59.0,30,14.925373134328357,0.0,1.4,30.02964394476886,79.55675121068684,1199.082,1321.0,31.38104248046875,"SubCentre, Lolti",4.951,51.0,0,2,0.0,30.0,30,1.6,17.5
41737,Chidanga State,Tharali  ,2009,55.8,0.5579999999999999,80.0,304,147.0,157.0,544.8028673835126,64.14473684210526,0.0,0.0,0.0,0.0,0.0,0.0,0,0,0,0,0,0,1,KARNAPRAYAG,62.0,36,11.842105263157894,1.1,1.1,30.02368450786848,79.56612185145755,1199.082,1431.0,21.36457061767578,"SubCentre, Lolti",6.057,51.846,0,2,0.0,30.0,21,1.0,18.5
41668,Chidinga Talla,Tharali  ,2009,54.54,0.5454,40.0,184,81.0,103.0,337.3670700403373,22.28260869565217,0.0,0.0,0.0,1.0,0.0,1.0,1,0,0,0,0,1,1,KARNAPRAYAG,40.0,23,12.5,0.0,0.0,30.12644461765922,79.43197714289505,1598.458,1761.0,41.80513381958008,Parkhal Hospital,3.352,39.063,0,2,0.0,30.0,68,26.0,17.3
41502,Chirkhun,Tharali  ,2009,77.87,0.7787000000000001,75.0,322,122.0,200.0,413.5096956465904,0.0,0.0,0.0,0.0,0.0,0.0,0.0,0,0,0,0,0,0,1,KARNAPRAYAG,68.0,43,13.354037267080743,0.0,0.0,30.218525020813644,79.35092768820516,1495.1161,1463.0,15.076654434204102,"SubCentre, Sainj",1.025,30.128,0,2,0.0,30.0,37,2.0,18.7
41573,Chirona Laga Bedula,Tharali  ,2009,27.05,0.2705,12.0,46,23.0,23.0,170.0554528650647,0.0,0.0,0.0,0.0,0.0,0.0,0.0,1,0,0,0,0,0,1,KARNAPRAYAG,40.0,5,10.869565217391305,0.0,0.0,30.13092394934413,79.36606247585479,1495.1161,1263.0,29.67215347290039,PHC Narayanbagar,1.923,39.231,0,2,0.0,30.0,44,6.0,16.0
41518,Chopata,Tharali  ,2009,115.87,1.1587,122.0,547,296.0,251.0,472.0807801846897,21.75502742230348,0.0,0.0,0.0,0.0,1.0,1.0,0,0,0,0,0,0,1,KARNAPRAYAG,51.0,50,9.140767824497258,0.0,0.0,30.18151709045689,79.3722956875933,1495.1161,1414.0,20.795534133911133,"Governnment Hospital, Tuneda",0.059,33.611,0,2,0.0,30.0,40,60.0,21.0
41806,Choting,Tharali  ,2009,146.78,1.4678,36.0,160,73.0,87.0,109.00667665894537,36.25,0.0,0.0,0.0,0.0,0.0,0.0,0,0,0,0,0,0,1,KARNAPRAYAG,90.0,24,15.0,0.0,2.9,30.04902205308321,79.77302264733977,4163.0312,1582.0,39.69167709350586,"SubCentre, Harmal",1.959,57.153,0,2,0.0,30.0,64,2.0,12.1
41598,Dangtoli,Tharali  ,2009,60.07,0.6007,61.0,287,130.0,157.0,477.7759280839021,0.0,0.0,0.0,0.0,0.0,0.0,0.0,1,0,0,0,0,1,1,KARNAPRAYAG,40.0,35,12.195121951219512,0.0,6.8,30.10920696760808,79.42023804453389,1199.082,1489.0,18.59851455688477,Parkhal Hospital,3.952,41.014,0,2,0.0,30.0,24,24.0,23.4
41677,Darmola Chak Dungri,Tharali  ,2009,29.72,0.2971999999999999,43.0,247,123.0,124.0,831.0901749663527,96.76113360323887,0.0,0.0,0.0,0.0,0.0,0.0,0,0,0,0,0,0,1,KARNAPRAYAG,55.0,42,17.00404858299595,0.0,0.0,30.13604712531409,79.5034001485468,1598.458,1841.0,18.59851455688477,"SubCentre, Dungri",1.262,38.451,0,2,0.0,30.0,43,2.0,18.0
41564,Daul,Tharali  ,2009,6.42,0.0642,9.0,35,17.0,18.0,545.171339563863,0.0,0.0,0.0,0.0,0.0,0.0,0.0,1,0,0,0,0,0,1,KARNAPRAYAG,36.0,1,2.857142857142857,0.0,0.0,30.14917074378032,79.39905827858124,1598.458,1762.0,25.14706420898437,Parkhal Hospital,0.962,36.76,0,2,0.0,30.0,49,30.0,15.8
41530,Deliali Laga Chhekuda,Tharali  ,2009,87.68,0.8768,46.0,199,79.0,120.0,226.9616788321168,42.21105527638191,0.0,0.0,0.0,0.0,0.0,0.0,1,0,0,0,0,0,1,KARNAPRAYAG,39.0,23,11.55778894472362,0.0,0.0,30.146284854763124,79.32568484143829,1495.1161,1730.0,36.16128921508789,PHC Narayanbagar,4.672,38.497,0,2,0.0,30.0,53,4.8,12.5
41721,Deorada,Tharali  ,2009,221.8,2.218,324.0,1597,829.0,768.0,720.0180342651037,23.231058234189103,0.0,0.0,0.0,0.0,0.0,0.0,0,1,0,1,1,0,1,KARNAPRAYAG,45.0,185,11.58422041327489,0.3,0.0,30.054834333992464,79.50037829897768,1199.082,1569.0,18.44111442565918,"SubCentre, Lolti",1.159,47.329,0,2,0.0,30.0,21,2.0,35.5
41762,Deosari,Tharali  ,2009,59.9,0.599,122.0,527,270.0,257.0,879.7996661101837,19.734345351043643,0.0,0.0,0.0,0.0,0.0,0.0,0,0,0,0,0,0,1,KARNAPRAYAG,64.0,65,12.333965844402275,0.0,0.0,30.04372931398105,79.58381520007721,1199.082,1469.0,22.228614807128903,"SubCentre, Lolti",7.065,50.125,0,2,0.0,30.0,23,1.0,20.8
41710,Deval,Tharali  ,2009,16.0,0.16,27.0,105,43.0,62.0,656.25,11.428571428571429,0.0,0.0,1.0,0.0,0.0,1.0,1,0,0,0,0,0,1,KARNAPRAYAG,52.0,10,9.523809523809524,0.0,9.7,30.06666370573272,79.47437648638501,1199.082,1849.0,17.708772659301758,"SubCentre, Kulsari",2.373,45.788,0,2,0.0,30.0,20,7.6,16.6
41768,Devasthali Banudi,Tharali  ,2009,188.29,1.8829,74.0,345,175.0,170.0,183.2279993626852,20.57971014492753,0.5797101449275363,0.0,0.0,0.0,0.0,0.0,1,1,0,0,1,0,1,KARNAPRAYAG,79.0,50,14.492753623188406,1.4,4.2,30.09342480847181,79.55343221420999,1199.082,2517.0,17.1218204498291,Berkandai Tharali Hospital,5.344,44.047,0,2,0.0,30.0,21,15.0,18.9
41605,Devpuri,Tharali  ,2009,113.62,1.1362,45.0,179,90.0,89.0,157.54268614680512,0.0,0.0,0.0,0.0,0.0,0.0,0.0,1,0,0,0,0,1,1,KARNAPRAYAG,40.0,24,13.40782122905028,0.0,13.3,30.10287075735456,79.42723415845734,1199.082,1276.0,23.714468002319336,"SubCentre, Kulsari",3.809,41.688,0,2,0.0,30.0,27,1.6,22.3
41672,Dewal Gwar,Tharali  ,2009,96.1,0.961,84.0,366,162.0,204.0,380.853277835588,25.683060109289617,0.0,0.0,0.0,0.0,0.0,0.0,0,0,0,0,0,0,1,KARNAPRAYAG,42.0,41,11.202185792349727,0.0,24.7,30.09201601937599,79.47763823901562,1199.082,1267.0,35.76042175292969,"SubCentre, Kulsari",1.858,43.009,0,2,0.0,30.0,39,2.0,14.2
41644,Dhalu,Tharali  ,2009,82.8,0.828,22.0,91,40.0,51.0,109.90338164251207,0.0,0.0,0.0,0.0,0.0,0.0,0.0,1,0,0,0,0,1,1,KARNAPRAYAG,40.0,9,9.89010989010989,0.0,0.0,30.06946504196093,79.46425914340757,1199.082,1978.0,25.791051864624023,"SubCentre, Kulsari",1.689,45.421,0,2,0.0,30.0,27,2.0,21.4
41764,Dhara Talla,Tharali  ,2009,32.64,0.3264,28.0,120,54.0,66.0,367.6470588235294,19.166666666666668,0.0,0.0,0.0,0.0,0.0,0.0,1,0,0,0,0,0,1,KARNAPRAYAG,64.0,17,14.166666666666666,0.0,0.0,30.038991028386896,79.56289009781362,1199.082,1490.0,31.124971389770508,"SubCentre, Lolti",5.156,50.124,0,2,0.0,30.0,30,1.0,16.7
41759,Dharamalla,Tharali  ,2009,33.56,0.3356,36.0,149,70.0,79.0,443.9809296781883,18.79194630872483,0.0,0.0,0.0,0.0,0.0,0.0,1,0,0,0,0,0,1,KARNAPRAYAG,67.0,22,14.76510067114094,0.0,0.0,30.0455702836034,79.5570241356395,1199.082,1710.0,31.94076919555664,"SubCentre, Lolti",4.479,49.284,0,2,0.0,30.0,32,1.6,17.0
41787,Dharkot Laga Suiyya,Tharali  ,2009,27.1,0.271,64.0,308,142.0,166.0,1136.5313653136532,23.7012987012987,0.0,0.0,0.0,0.0,0.0,0.0,1,0,0,0,0,1,1,KARNAPRAYAG,76.0,47,15.259740259740258,0.0,10.6,30.097660359138683,79.6515231256812,4163.0312,1742.0,38.669281005859375,"SubCentre, Ghes",4.987,46.821,0,2,0.0,30.0,65,1.6,18.6
41624,Dharwaram,Tharali  ,2009,176.8,1.768,95.0,421,184.0,237.0,238.12217194570133,29.92874109263657,0.0,0.0,0.0,0.0,0.0,0.0,1,0,0,0,0,1,1,KARNAPRAYAG,40.0,69,16.389548693586697,0.0,57.7,30.0890224482809,79.43074183379925,1199.082,1274.0,28.90334129333496,"SubCentre, Alkot",2.636,43.213,0,2,0.0,30.0,31,1.6,24.7
41561,Dhulet,Tharali  ,2009,44.25,0.4425,17.0,90,47.0,43.0,203.3898305084745,100.0,0.0,0.0,0.0,0.0,0.0,0.0,1,0,0,0,1,0,1,KARNAPRAYAG,38.0,10,11.11111111111111,0.0,0.0,30.15758255847028,79.40473939924155,1598.458,1786.0,15.964374542236328,"SubCentre, Dungri",1.412,35.775,0,2,0.0,30.0,42,2.0,21.4
41695,Dhungakholi,Tharali  ,2009,85.6,0.856,50.0,233,107.0,126.0,272.196261682243,12.875536480686694,0.0,0.0,0.0,0.0,0.0,0.0,0,0,0,0,0,0,1,KARNAPRAYAG,52.0,29,12.446351931330472,0.0,0.0,30.066703713890423,79.5265919844066,1199.082,1411.0,17.144954681396484,Berkandai Tharali Hospital,2.316,46.401,0,2,0.0,30.0,20,24.0,17.8
41775,Diden Chak vaan,Tharali  ,2009,49.0,0.49,2.0,11,6.0,5.0,22.448979591836736,0.0,0.0,0.0,0.0,0.0,0.0,0.0,1,0,0,0,0,0,0,KARNAPRAYAG,91.0,3,27.27272727272727,0.0,0.0,30.14961492240692,79.64392570832291,3826.2017,2804.0,32.19233703613281,"SubCentre, Mundoli",3.479,41.348,0,2,0.0,30.0,59,1.6,5.6
41550,Dobha,Tharali  ,2009,13.65,0.1365,1.0,8,5.0,3.0,58.608058608058606,100.0,0.0,0.0,0.0,0.0,0.0,0.0,0,0,0,0,0,0,0,KARNAPRAYAG,46.0,0,0.0,0.0,0.0,30.17343373797788,79.3767377143257,1598.458,1382.0,36.38468551635742,"Governnment Hospital, Tuneda",0.941,34.411,0,2,0.0,30.0,63,30.0,5.6
41699,Doding Laga Chepadon,Tharali  ,2009,33.4,0.3339999999999999,3.0,17,5.0,12.0,50.898203592814376,0.0,0.0,0.0,0.0,0.0,0.0,0.0,0,0,0,0,0,0,1,KARNAPRAYAG,54.0,3,17.647058823529413,0.0,0.0,30.04690023955093,79.53930595970044,1199.082,1234.0,6.501572132110596,"SubCentre, Lolti",2.767,48.784,0,2,0.0,30.0,10,1.6,15.7
41553,Dungri,Tharali  ,2009,472.6,4.726,250.0,1229,632.0,597.0,260.05078290308927,23.67778681855167,0.0,0.0,0.0,1.0,0.0,1.0,0,1,1,0,0,0,1,KARNAPRAYAG,46.0,167,13.588283157038244,0.0,0.8,30.16916664497236,79.38623011331417,1598.458,1751.0,29.4364070892334,"SubCentre, Dungri",0.955,34.725,0,2,0.0,30.0,54,4.0,25.5
41676,Dungri,Tharali  ,2009,150.74,1.5074,140.0,630,317.0,313.0,417.93817168634735,39.04761904761905,0.0,0.0,0.0,1.0,0.0,1.0,0,0,0,0,0,0,1,KARNAPRAYAG,57.0,98,15.555555555555555,0.0,0.0,30.123244725492103,79.50353827903834,1199.082,1921.0,16.322511672973633,"SubCentre, Dungri",0.413,39.855,0,2,0.0,30.0,23,4.0,21.8
41692,Eri Chak Suna,Tharali  ,2009,13.4,0.134,7.0,37,18.0,19.0,276.1194029850746,0.0,0.0,0.0,0.0,0.0,0.0,0.0,0,0,0,0,0,0,1,KARNAPRAYAG,39.0,5,13.513513513513514,0.0,0.0,30.08299929018119,79.50320138342259,1199.082,1312.0,32.548439025878906,CHC Tharali,1.073,44.267,0,2,0.0,30.0,34,30.0,15.9
41815,F-1,Tharali  ,2009,0.0,0.0,2.0,2,2.0,0.0,,0.0,0.0,0.0,0.0,0.0,0.0,0.0,1,0,0,1,0,0,0,KARNAPRAYAG,18.0,0,0.0,0.0,0.0,30.16754057966289,79.35416938091097,1495.1161,991.0,28.451772689819336,"Governnment Hospital, Tuneda",2.298,35.502,0,2,0.0,30.0,45,24.0,36.5
41814,F-2,Tharali  ,2009,0.0,0.0,4.0,4,4.0,0.0,,0.0,0.0,0.0,0.0,0.0,0.0,0.0,1,0,0,0,0,0,1,KARNAPRAYAG,27.0,0,0.0,0.0,0.0,30.21062277618496,79.39521195559868,1598.458,2608.0,35.295692443847656,"SubCentre, Chopata",3.518,30.052,0,2,0.0,30.0,63,1.6,16.0
41816,F-3,Tharali  ,2009,0.0,0.0,2.0,4,4.0,0.0,,25.0,0.0,0.0,0.0,0.0,0.0,0.0,0,0,0,0,0,0,1,KARNAPRAYAG,21.0,0,0.0,0.0,0.0,30.160671393090137,79.53269200496105,1598.458,2104.0,15.858224868774414,"SubCentre, Dungri",4.645,36.331,0,2,0.0,30.0,42,1.6,21.0
41817,F-4,Tharali  ,2009,0.0,0.0,19.0,53,33.0,20.0,,3.7735849056603774,7.547169811320755,0.0,0.0,0.0,0.0,0.0,1,0,0,0,0,0,1,KARNAPRAYAG,41.0,4,7.547169811320755,0.0,0.0,30.01608857428172,79.52538237553071,1199.082,2357.0,25.06265640258789,"SubCentre, Lolti",3.973,51.914,0,2,0.0,30.0,24,1.6,11.0
41819,F-4 (P-2),Tharali  ,2009,0.0,0.0,7.0,7,7.0,0.0,,0.0,0.0,0.0,0.0,0.0,0.0,0.0,0,0,0,0,0,0,0,KARNAPRAYAG,75.0,0,0.0,0.0,0.0,30.022424205472504,79.78012554257815,4163.0312,2430.0,33.442562103271484,"SubCentre, Harmal",4.026,60.03,0,2,0.0,30.0,54,1.6,5.6
41818,F-5,Tharali  ,2009,0.0,0.0,18.0,76,41.0,35.0,,96.05263157894736,0.0,0.0,0.0,0.0,0.0,0.0,1,0,0,0,0,0,1,KARNAPRAYAG,64.0,12,15.789473684210526,0.0,0.0,30.16467763040881,79.74246041371119,3826.2017,3148.0,46.02320861816406,"SubCentre, Ghes",6.623,44.894,0,2,0.0,30.0,74,1.0,1.3
41667,Gadhkot,Tharali  ,2009,63.6,0.636,19.0,91,38.0,53.0,143.0817610062893,14.285714285714285,0.0,0.0,0.0,0.0,0.0,0.0,0,0,0,0,0,0,1,KARNAPRAYAG,35.0,9,9.89010989010989,0.0,5.3,30.130391987681204,79.42262000002063,1598.458,1461.0,30.45941162109375,Parkhal Hospital,2.352,38.658,0,2,0.0,30.0,53,24.0,16.4
41591,Gadkot,Tharali  ,2009,32.99,0.3299,46.0,198,85.0,113.0,600.1818732949378,0.0,0.5050505050505051,0.0,0.0,0.0,0.0,0.0,0,0,0,0,0,0,1,KARNAPRAYAG,40.0,21,10.606060606060606,0.0,12.8,30.10498891308276,79.38999632678406,1199.082,1551.0,28.88181495666504,"SubCentre, Narainbagar",2.93,41.725,0,2,0.0,30.0,31,1.6,17.5
41543,Gadseera,Tharali  ,2009,171.6,1.716,104.0,432,178.0,254.0,251.74825174825176,4.861111111111112,0.0,0.0,0.0,0.0,0.0,0.0,1,0,0,0,0,0,1,KARNAPRAYAG,42.0,58,13.425925925925927,0.0,0.9,30.13581745339733,79.33978253352703,1495.1161,1442.0,32.71928024291992,PHC Narayanbagar,3.53,39.25,0,2,0.0,30.0,48,4.8,19.8
41636,Gairwaram,Tharali  ,2009,133.29,1.3329,68.0,288,119.0,169.0,216.0702228224173,17.36111111111111,0.0,0.0,0.0,0.0,0.0,0.0,1,0,0,0,0,1,1,KARNAPRAYAG,40.0,40,13.88888888888889,0.0,0.0,30.0804540265722,79.42768645154493,1199.082,1402.0,13.739126205444336,"SubCentre, Alkot",1.989,44.17,0,2,0.0,30.0,18,2.0,23.4
41535,Gandik Malla,Tharali  ,2009,46.3,0.4629999999999999,28.0,125,64.0,61.0,269.9784017278618,0.0,0.0,0.0,0.0,0.0,0.0,0.0,1,0,0,0,0,0,1,KARNAPRAYAG,26.0,13,10.4,0.0,0.0,30.1565732096152,79.36290034658593,1495.1161,1106.0,35.8587760925293,PHC Narayanbagar,1.55,36.502,0,2,0.0,30.0,53,6.0,22.2
41534,Gandik Talla,Tharali  ,2009,23.39,0.2339,28.0,119,58.0,61.0,508.7644292432664,16.80672268907563,0.0,0.0,0.0,0.0,0.0,0.0,0,0,0,0,0,0,1,KARNAPRAYAG,22.0,15,12.605042016806722,0.0,0.0,30.161963537152044,79.35929667948702,1495.1161,1190.0,36.438018798828125,PHC Narayanbagar,2.226,35.992,0,2,0.0,30.0,54,4.8,22.2
41523,Gawani,Tharali  ,2009,99.9,0.999,53.0,250,119.0,131.0,250.25025025025025,20.4,0.0,0.0,0.0,0.0,0.0,0.0,1,0,0,0,0,0,1,KARNAPRAYAG,24.0,35,14.000000000000002,0.0,0.0,30.176942771605454,79.32975081518688,1495.1161,1065.0,41.534786224365234,"Governnment Hospital, Tuneda",4.117,35.135,0,2,0.0,30.0,62,24.0,23.5
41680,Gerur,Tharali  ,2009,192.03,1.9203,87.0,387,200.0,187.0,201.5310107795657,22.22222222222222,0.516795865633075,0.0,0.0,0.0,0.0,0.0,0,0,0,0,0,0,1,KARNAPRAYAG,58.0,67,17.31266149870801,0.0,0.0,30.13977002816943,79.52464024456374,1598.458,1964.0,27.12811279296875,"SubCentre, Dungri",2.333,38.415,0,2,0.0,30.0,50,1.6,19.4
41552,Ghariyada Laga Dungri,Tharali  ,2009,3.67,0.0366999999999999,4.0,11,4.0,7.0,299.72752043596734,45.45454545454545,0.0,0.0,0.0,0.0,0.0,0.0,0,0,0,0,0,0,1,KARNAPRAYAG,46.0,0,0.0,0.0,0.0,30.17640400240137,79.3994796216002,1598.458,1735.0,32.78767013549805,"SubCentre, Dungri",1.011,33.757,0,2,0.0,30.0,58,2.0,15.6
41810,Ghat Bagad Chack Harmal,Tharali  ,2009,7.64,0.0764,1.0,3,1.0,2.0,39.26701570680628,0.0,0.0,0.0,0.0,0.0,0.0,0.0,0,0,0,0,0,0,1,KARNAPRAYAG,91.0,0,0.0,0.0,0.0,30.05878994525456,79.81892295548363,4163.0312,2313.0,20.47566604614257,"SubCentre, Harmal",2.698,58.712,0,2,0.0,30.0,43,1.6,10.5
41587,Gherbunga,Tharali  ,2009,53.96,0.5396,4.0,22,8.0,14.0,40.7709414381023,50.0,0.0,0.0,0.0,0.0,0.0,0.0,0,0,0,0,0,0,1,KARNAPRAYAG,40.0,5,22.727272727272727,0.0,0.0,30.11257190251045,79.41414228284384,1199.082,1437.0,33.51976776123047,"SubCentre, Narainbagar",3.302,40.675,0,2,0.0,30.0,38,1.6,15.7
41781,Ghes,Tharali  ,2009,337.93,3.3793,156.0,702,330.0,372.0,207.73532980203,12.82051282051282,0.0,0.0,0.0,1.0,1.0,2.0,1,0,0,0,0,1,1,KARNAPRAYAG,81.0,70,9.971509971509972,0.0,1.3,30.119756719337005,79.69847996226483,4163.0312,2464.0,22.904815673828125,"SubCentre, Ghes",0.262,46.752,0,2,0.0,30.0,48,34.0,22.5
41780,Ghes Chack Sarmata,Tharali  ,2009,67.22,0.6722,28.0,92,47.0,45.0,136.8640285629277,0.0,0.0,0.0,0.0,0.0,0.0,0.0,1,0,0,0,0,0,0,KARNAPRAYAG,81.0,6,6.521739130434782,0.0,0.0,30.12615770160958,79.71915030435318,3826.2017,2287.0,41.05624008178711,"SubCentre, Ghes",2.308,47.151,0,2,0.0,30.0,68,1.6,1.4
41697,Gothinda,Tharali  ,2009,22.6,0.226,30.0,128,58.0,70.0,566.3716814159292,0.0,0.0,0.0,0.0,0.0,0.0,0.0,0,0,0,0,0,0,1,KARNAPRAYAG,54.0,17,13.28125,0.0,0.0,30.06356384415231,79.54579067117356,1199.082,1703.0,25.24018669128418,"SubCentre, Lolti",3.721,47.101,0,2,0.0,30.0,26,1.6,16.8
41730,Gudam State,Tharali  ,2009,36.3,0.363,52.0,235,112.0,123.0,647.3829201101929,0.0,0.0,0.0,0.0,0.0,0.0,0.0,0,0,0,0,1,1,1,KARNAPRAYAG,58.0,33,14.042553191489365,0.0,5.9,30.03539383399371,79.51784641421463,1199.082,1851.0,15.505807876586914,"SubCentre, Lolti",1.711,49.689,0,2,0.0,30.0,17,2.0,27.9
41703,Gugawa,Tharali  ,2009,23.0,0.23,19.0,76,38.0,38.0,330.4347826086956,0.0,0.0,0.0,0.0,0.0,0.0,0.0,1,0,0,1,0,0,1,KARNAPRAYAG,44.0,11,14.473684210526317,0.0,0.0,30.08023444306612,79.47667560247221,1199.082,1521.0,12.963456153869627,"SubCentre, Kulsari",1.621,44.304,0,2,0.0,30.0,17,2.0,21.3
41686,Gumad Laga Gerur,Tharali  ,2009,33.77,0.3377,113.0,486,208.0,278.0,1439.1471720461946,11.934156378600823,0.0,0.0,0.0,0.0,0.0,0.0,0,0,0,0,0,0,1,KARNAPRAYAG,61.0,87,17.901234567901234,0.0,0.0,30.11804824422221,79.51799819111969,1199.082,1681.0,34.919227600097656,"SubCentre, Dungri",1.307,40.653,0,2,0.0,30.0,40,2.0,20.4
41589,Gwad Laga Gadkot,Tharali  ,2009,13.96,0.1396,7.0,34,18.0,16.0,243.55300859598853,0.0,0.0,0.0,0.0,0.0,0.0,0.0,0,0,0,0,0,0,1,KARNAPRAYAG,40.0,2,5.88235294117647,0.0,14.3,30.10523147629965,79.39716357945834,1199.082,1244.0,31.38104248046875,"SubCentre, Narainbagar",3.04,41.622,0,2,0.0,30.0,34,1.6,15.8
41720,Gwad Laga Sunaun,Tharali  ,2009,10.9,0.109,16.0,75,34.0,41.0,688.0733944954128,0.0,0.0,0.0,0.0,0.0,0.0,0.0,1,0,0,0,1,0,1,KARNAPRAYAG,50.0,15,20.0,0.0,0.0,30.06329472037733,79.49487490002629,1199.082,1577.0,11.422149658203123,"Dinesh Joshi Medikose, Tharali",1.271,46.337,0,2,0.0,30.0,15,3.0,21.2
41739,Gwaldam State,Tharali  ,2009,125.26,1.2526000000000002,690.0,2920,1557.0,1363.0,2331.151205492575,18.08219178082192,2.4315068493150687,0.0,0.0,1.0,1.0,2.0,0,0,0,1,1,1,1,KARNAPRAYAG,61.0,356,12.191780821917808,0.4,2.8,30.012001704253425,79.56729796972539,1199.082,1722.0,7.971547603607178,"SubCentre, Lolti",6.859,53.133,0,2,0.0,30.0,10,33.0,40.5
41588,Hans Koti,Tharali  ,2009,216.84,2.1684,103.0,486,225.0,261.0,224.1283895960155,45.47325102880658,0.0,0.0,0.0,0.0,0.0,0.0,0,0,0,0,0,0,1,KARNAPRAYAG,44.0,57,11.728395061728394,0.0,4.9,30.11165913048076,79.4007700046937,1199.082,1379.0,22.002422332763672,"SubCentre, Narainbagar",2.527,40.879,0,2,0.0,30.0,27,1.6,20.4
41770,Harani Chak Mundoli,Tharali  ,2009,244.63,2.4463,84.0,386,181.0,205.0,157.78931447492133,3.3678756476683938,0.0,0.0,0.0,0.0,0.0,0.0,1,1,0,1,0,1,1,KARNAPRAYAG,72.0,39,10.103626943005182,0.0,2.4,30.121333247488643,79.6048522466832,1199.082,1948.0,34.72525405883789,"SubCentre, Mundoli",1.437,42.617,0,2,0.0,30.0,38,2.0,29.4
41714,Harchand,Tharali  ,2009,49.7,0.497,77.0,527,287.0,240.0,1060.3621730382292,0.0,0.0,0.0,0.0,0.0,0.0,0.0,1,1,0,1,1,1,1,KARNAPRAYAG,47.0,50,9.487666034155598,0.0,0.0,30.049299431460387,79.48718596338534,1199.082,1938.0,16.322511672973633,"SubCentre, Lolti",2.265,47.805,0,2,0.0,30.0,19,1.6,35.8
41685,Hari Nagar Urf Laital,Tharali  ,2009,122.91,1.2291,100.0,511,266.0,245.0,415.7513627857783,96.86888454011742,0.0,0.0,0.0,0.0,0.0,0.0,0,0,0,0,0,0,1,KARNAPRAYAG,60.0,98,19.17808219178082,4.0,6.9,30.113234291825787,79.52724306690924,1199.082,1902.0,29.4364070892334,"SubCentre, Dungri",2.342,41.346,0,2,0.0,30.0,32,1.6,20.6
41809,Harmal,Tharali  ,2009,173.35,1.7335,59.0,309,161.0,148.0,178.2520911450822,50.16181229773464,0.0,0.0,0.0,1.0,0.0,1.0,0,0,0,0,0,0,1,KARNAPRAYAG,95.0,42,13.592233009708735,1.6,1.6,30.06256815326276,79.79763227312094,4163.0312,1697.0,43.83941650390625,"SubCentre, Harmal",0.864,57.188,0,2,0.0,30.0,69,4.0,13.6
41599,Harmani Malli,Tharali  ,2009,45.68,0.4568,51.0,192,84.0,108.0,420.3152364273205,18.75,0.0,0.0,0.0,0.0,0.0,0.0,1,0,0,0,0,1,1,KARNAPRAYAG,40.0,21,10.9375,0.0,14.3,30.10654353425073,79.42771169027354,1199.082,1224.0,26.91687774658203,"SubCentre, Kulsari",4.008,41.28,0,2,0.0,30.0,30,1.6,22.4
41595,Harmani Talli,Tharali  ,2009,83.39,0.8339,25.0,93,39.0,54.0,111.52416356877325,9.67741935483871,0.0,0.0,0.0,0.0,0.0,0.0,1,0,0,0,0,1,1,KARNAPRAYAG,40.0,10,10.75268817204301,0.0,7.4,30.11827092049369,79.42706697963614,1199.082,1197.0,40.76553726196289,Parkhal Hospital,3.52,39.983,0,2,0.0,30.0,48,24.0,16.4
41728,Hartoli Laga Thala,Tharali  ,2009,16.4,0.1639999999999999,49.0,200,91.0,109.0,1219.5121951219514,0.0,0.0,0.0,0.0,0.0,0.0,0.0,1,0,0,1,1,1,1,KARNAPRAYAG,50.0,24,12.0,0.0,19.1,30.04124812697381,79.52265505520582,1199.082,1592.0,19.682422637939453,"SubCentre, Lolti",1.47,49.119,0,2,0.0,30.0,21,2.0,32.5
41752,Hat Kalyani,Tharali  ,2009,140.36,1.4036000000000002,129.0,615,291.0,324.0,438.1590196637218,40.8130081300813,0.0,0.0,0.0,0.0,0.0,0.0,1,1,0,0,1,1,1,KARNAPRAYAG,65.0,89,14.471544715447154,0.0,1.5,30.06304430158553,79.58827475575967,1199.082,1383.0,31.97436714172364,"SubCentre, Lolti",7.615,48.192,0,2,0.0,30.0,32,1.0,31.6
41779,Himani Chack Bhattara,Tharali  ,2009,36.65,0.3665,5.0,21,13.0,8.0,57.298772169167805,0.0,0.0,0.0,0.0,0.0,0.0,0.0,1,0,0,0,0,0,0,KARNAPRAYAG,81.0,2,9.523809523809524,0.0,0.0,30.14297978188144,79.73060389984842,3826.2017,2538.0,19.153854370117188,"SubCentre, Ghes",4.148,46.186,0,2,0.0,30.0,45,1.6,5.7
41756,Ichchholi,Tharali  ,2009,45.84,0.4584,34.0,142,72.0,70.0,309.77312390924953,0.0,0.0,0.0,0.0,0.0,0.0,0.0,1,0,0,0,1,1,1,KARNAPRAYAG,66.0,15,10.56338028169014,0.0,7.5,30.05390849262751,79.58574479928392,1199.082,1330.0,16.322511672973633,"SubCentre, Lolti",7.238,49.092,0,2,0.0,30.0,18,1.0,26.9
41612,Ida,Tharali  ,2009,28.24,0.2824,18.0,74,38.0,36.0,262.0396600566572,5.405405405405405,0.0,0.0,0.0,0.0,0.0,0.0,1,0,0,1,0,1,1,KARNAPRAYAG,40.0,8,10.81081081081081,0.0,0.0,30.09953092186575,79.42459394493325,1199.082,1366.0,23.578582763671875,"SubCentre, Kulsari",3.847,42.067,0,2,0.0,30.0,27,1.6,26.2
41650,Ida,Tharali  ,2009,64.12,0.6412,52.0,277,128.0,149.0,432.0024953212727,46.57039711191336,0.0,0.0,0.0,0.0,0.0,0.0,0,0,0,0,0,0,1,KARNAPRAYAG,43.0,25,9.025270758122744,0.0,0.0,30.16173048777464,79.43965684292766,1598.458,2013.0,30.598501205444336,"SubCentre, Dungri",4.248,35.142,0,2,0.0,30.0,55,1.6,13.3
41623,Jabar Kot,Tharali  ,2009,35.54,0.3554,44.0,174,76.0,98.0,489.58919527293193,12.643678160919542,0.0,0.0,0.0,0.0,0.0,0.0,1,0,0,0,0,1,1,KARNAPRAYAG,40.0,12,6.896551724137931,0.0,4.4,30.08081309345972,79.43811690943305,1199.082,1692.0,13.921659469604492,"SubCentre, Alkot",1.542,44.112,0,2,0.0,30.0,18,2.0,22.2
41555,Jakh,Tharali  ,2009,43.35,0.4335,48.0,156,60.0,96.0,359.8615916955017,0.0,0.0,0.0,0.0,0.0,0.0,0.0,1,0,0,0,1,0,1,KARNAPRAYAG,45.0,19,12.17948717948718,0.0,8.2,30.160539350811703,79.37997383186979,1598.458,1547.0,26.008861541748047,PHC Narayanbagar,1.634,35.765,0,2,0.0,30.0,50,6.0,22.1
41658,Jakh,Tharali  ,2009,50.92,0.5092,38.0,216,103.0,113.0,424.19481539670073,14.814814814814811,0.0,0.0,0.0,0.0,0.0,0.0,0,0,0,0,0,0,1,KARNAPRAYAG,42.0,17,7.87037037037037,0.0,0.0,30.151672116565468,79.43276819756187,1598.458,2237.0,29.55988311767578,Parkhal Hospital,3.262,36.266,0,2,0.0,30.0,53,24.0,12.7
41504,Jakh Laga Sainj,Tharali  ,2009,32.11,0.3211,28.0,118,71.0,47.0,367.4867642478978,47.45762711864407,0.0,0.0,0.0,0.0,0.0,0.0,0,0,0,0,0,0,1,KARNAPRAYAG,65.0,11,9.322033898305085,0.0,0.0,30.21047030665935,79.35769894901935,1495.1161,1867.0,37.80008316040039,"SubCentre, Sainj",0.334,30.808,0,2,0.0,30.0,59,2.0,11.7
41584,Jakhwal Kot,Tharali  ,2009,24.6,0.246,13.0,60,22.0,38.0,243.90243902439025,0.0,0.0,0.0,0.0,0.0,0.0,0.0,0,0,0,0,0,0,1,KARNAPRAYAG,39.0,17,28.33333333333333,0.0,0.0,30.115640825325247,79.38268840229075,1199.082,1519.0,41.28467178344727,"SubCentre, Narainbagar",1.795,40.644,0,2,0.0,30.0,48,2.0,11.1
41659,Jaspur Laga Jakh,Tharali  ,2009,51.63,0.5163,3.0,10,6.0,4.0,19.36858415649816,0.0,0.0,0.0,0.0,0.0,0.0,0.0,0,0,0,0,0,0,1,KARNAPRAYAG,43.0,0,0.0,0.0,0.0,30.151938708189707,79.44229962900776,1598.458,2261.0,15.140144348144531,Parkhal Hospital,4.135,36.227,0,2,0.0,30.0,41,24.0,10.6
41808,Jhaliya,Tharali  ,2009,18.43,0.1843,12.0,64,34.0,30.0,347.25990233315247,0.0,0.0,0.0,0.0,0.0,0.0,0.0,0,0,0,0,0,0,0,KARNAPRAYAG,100.0,9,14.0625,0.0,0.0,30.07298808618899,79.79862291913106,4163.0312,2257.0,20.53091621398925,"SubCentre, Harmal",1.885,56.294,0,2,0.0,30.0,43,2.0,6.1
41597,Jhangor Gaon,Tharali  ,2009,36.55,0.3655,43.0,194,92.0,102.0,530.7797537619699,44.329896907216494,0.0,0.0,0.0,0.0,0.0,0.0,1,0,0,0,0,1,1,KARNAPRAYAG,40.0,21,10.824742268041238,0.0,2.4,30.11171225393069,79.42613030394922,1199.082,1237.0,18.41670608520508,Parkhal Hospital,4.016,40.712,0,2,0.0,30.0,24,24.0,22.4
41528,Jhijhoni,Tharali  ,2009,102.01,1.0201,181.0,864,378.0,486.0,846.9757866875797,28.819444444444443,0.0,0.0,0.0,0.0,0.0,0.0,1,0,0,0,0,0,1,KARNAPRAYAG,45.0,155,17.939814814814813,0.0,0.0,30.154129724562765,79.32639312733932,1495.1161,1439.0,28.40104484558105,"SubCentre, Jainta",4.501,37.645,0,2,0.0,30.0,44,1.6,24.1
41638,Jhinjholi,Tharali  ,2009,107.38,1.0738,53.0,222,88.0,134.0,206.74241013224068,26.126126126126124,0.0,0.0,0.0,0.0,0.0,0.0,1,0,0,0,0,1,1,KARNAPRAYAG,45.0,29,13.063063063063062,0.0,0.0,30.069205128181125,79.43344268852309,1199.082,1854.0,29.507362365722656,"SubCentre, Alkot",0.821,45.404,0,2,0.0,30.0,30,2.0,22.7
41734,Jola,Tharali  ,2009,89.13,0.8913,130.0,514,237.0,277.0,576.6857399304387,30.35019455252918,0.0,0.0,0.0,0.0,0.0,0.0,0,0,0,0,0,0,1,KARNAPRAYAG,57.0,68,13.2295719844358,0.0,9.3,30.03193552241605,79.54238012082598,1199.082,1531.0,25.61371612548828,"SubCentre, Lolti",3.62,50.468,0,2,0.0,30.0,25,1.6,20.6
41560,Junair,Tharali  ,2009,110.8,1.108,83.0,379,160.0,219.0,342.05776173285204,16.62269129287599,0.0,0.0,0.0,0.0,0.0,0.0,1,0,0,0,0,0,1,KARNAPRAYAG,41.0,50,13.192612137203168,0.0,2.7,30.15520776563308,79.39777296390444,1598.458,1759.0,16.323976516723633,"SubCentre, Dungri",1.412,36.109,0,2,0.0,30.0,42,2.0,19.3
41609,Jyuda,Tharali  ,2009,79.06,0.7906,78.0,377,186.0,191.0,476.8530230204908,47.48010610079575,0.0,0.0,0.0,0.0,0.0,0.0,1,0,0,0,0,1,1,KARNAPRAYAG,40.0,68,18.037135278514587,0.0,2.6,30.103659506897507,79.40295597859858,1199.082,1362.0,27.00050926208496,"SubCentre, Narainbagar",3.411,41.742,0,2,0.0,30.0,30,1.6,24.3
41506,Kafar Teer,Tharali  ,2009,50.12,0.5012,39.0,200,99.0,101.0,399.0422984836393,0.0,0.0,0.0,0.0,0.0,0.0,0.0,1,0,0,0,0,0,1,KARNAPRAYAG,65.0,31,15.5,0.0,0.0,30.20380288915436,79.35220584086458,1495.1161,1834.0,12.722667694091797,"SubCentre, Sainj",0.695,31.661,0,2,0.0,30.0,34,2.0,17.5
41524,Kafoli Malli,Tharali  ,2009,105.73,1.0573,74.0,309,142.0,167.0,292.2538541568145,32.362459546925564,0.0,0.0,0.0,1.0,0.0,1.0,1,0,0,0,0,0,1,KARNAPRAYAG,30.0,46,14.886731391585762,0.0,0.0,30.16647863453932,79.32056729356806,1495.1161,1725.0,23.888748168945312,"SubCentre, Jainta",3.41,36.513,0,2,0.0,30.0,41,3.6,29.1
41522,Kafoli Talli,Tharali  ,2009,85.64,0.8564,9.0,33,15.0,18.0,38.533395609528256,15.151515151515152,0.0,0.0,0.0,0.0,0.0,0.0,1,0,0,0,0,0,1,KARNAPRAYAG,29.0,3,9.090909090909092,0.0,0.0,30.17144810821098,79.3367580045581,1495.1161,1048.0,49.00307846069336,"Governnment Hospital, Tuneda",3.579,35.519,0,2,0.0,30.0,66,24.0,21.3
41755,Kail,Tharali  ,2009,68.65,0.6865000000000001,89.0,417,201.0,216.0,607.4289876183539,0.0,0.0,0.0,0.0,0.0,0.0,0.0,1,0,0,0,0,1,1,KARNAPRAYAG,66.0,68,16.30695443645084,0.0,0.0,30.056078943141618,79.5895261516688,1199.082,1426.0,48.44944381713867,"SubCentre, Lolti",7.621,48.966,0,2,0.0,30.0,49,1.0,19.7
41615,Kakad Toli,Tharali  ,2009,12.89,0.1289,1.0,3,3.0,0.0,23.273855702094643,0.0,0.0,0.0,0.0,0.0,0.0,0.0,1,0,0,0,0,1,1,KARNAPRAYAG,40.0,0,0.0,0.0,0.0,30.092549965172022,79.44595179359307,1199.082,1147.0,35.155696868896484,"SubCentre, Kulsari",1.674,42.812,0,2,0.0,30.0,39,2.0,15.5
41702,Kakhda,Tharali  ,2009,54.6,0.546,45.0,194,76.0,118.0,355.31135531135527,0.0,0.0,0.0,0.0,0.0,0.0,0.0,1,0,0,0,0,0,1,KARNAPRAYAG,45.0,24,12.371134020618555,0.0,0.0,30.081051698664485,79.48458112839945,1199.082,1358.0,20.47566604614257,"Dinesh Joshi Medikose, Tharali",1.758,44.278,0,2,0.0,30.0,23,3.0,17.4
41746,Kalsiri,Tharali  ,2009,16.62,0.1662,4.0,17,12.0,5.0,102.28640192539108,0.0,0.0,0.0,0.0,0.0,0.0,0.0,1,0,0,0,1,1,1,KARNAPRAYAG,62.0,0,0.0,0.0,0.0,30.07555586333609,79.6096896898643,1199.082,1906.0,8.965811729431152,"SubCentre, Mundoli",6.166,47.528,0,2,0.0,30.0,13,1.0,25.7
41664,Kanda Gwar,Tharali  ,2009,98.33,0.9833,54.0,229,108.0,121.0,232.88925048306723,0.0,0.0,0.0,0.0,0.0,0.0,0.0,1,0,0,0,1,0,1,KARNAPRAYAG,33.0,33,14.41048034934498,0.0,0.0,30.13129703337253,79.40385375354859,1598.458,1436.0,33.42439270019531,Parkhal Hospital,1.079,38.684,0,2,0.0,30.0,57,30.0,22.8
41745,Kandai,Tharali  ,2009,179.76,1.7976,108.0,482,231.0,251.0,268.1352914997775,44.398340248962654,0.0,0.0,0.0,1.0,0.0,1.0,1,0,0,0,1,1,1,KARNAPRAYAG,60.0,74,15.352697095435683,0.0,21.9,30.08093348997805,79.59373975651387,1199.082,1430.0,3.222289562225342,"SubCentre, Mundoli",5.912,46.462,0,2,0.0,30.0,10,3.0,30.3
41526,Kandwal Gaon,Tharali  ,2009,132.72,1.3272,66.0,269,122.0,147.0,202.68233875828813,31.59851301115242,0.0,0.0,0.0,1.0,0.0,1.0,1,0,0,0,0,0,1,KARNAPRAYAG,45.0,43,15.985130111524162,0.0,0.0,30.16484718037937,79.33664132227658,1495.1161,1214.0,46.97791290283203,"Governnment Hospital, Tuneda",3.871,36.225,0,2,0.0,30.0,66,26.0,13.2
41592,Kansola,Tharali  ,2009,59.86,0.5986,51.0,218,101.0,117.0,364.1830938857333,20.642201834862387,0.0,0.0,0.0,0.0,0.0,0.0,0,0,0,0,0,0,1,KARNAPRAYAG,42.0,27,12.385321100917432,0.0,0.0,30.09950831298847,79.39101848985946,1199.082,1363.0,32.56306457519531,"SubCentre, Narainbagar",3.546,42.317,0,2,0.0,30.0,35,1.6,17.7
41740,Karbali Chak Beradhar,Tharali  ,2009,25.39,0.2539,6.0,23,12.0,11.0,90.58684521465143,0.0,0.0,0.0,0.0,0.0,0.0,0.0,1,0,0,0,0,0,1,KARNAPRAYAG,8.0,2,8.695652173913043,0.0,0.0,30.090646762947884,79.53608429445137,1199.082,2031.0,27.9175968170166,Berkandai Tharali Hospital,3.735,43.97,0,2,0.0,30.0,29,24.0,52.7
41607,Karchauda,Tharali  ,2009,9.24,0.0924,4.0,22,12.0,10.0,238.0952380952381,77.27272727272727,0.0,0.0,0.0,0.0,0.0,0.0,1,0,0,0,0,1,1,KARNAPRAYAG,40.0,5,22.727272727272727,0.0,0.0,30.10272363497763,79.41320870871184,1199.082,1520.0,18.217002868652344,"SubCentre, Narainbagar",4.025,41.77,0,2,0.0,30.0,23,1.6,20.7
41713,Kasbi Nagar,Tharali  ,2009,31.3,0.313,82.0,416,197.0,219.0,1329.073482428115,98.5576923076923,0.0,0.0,0.0,0.0,0.0,0.0,1,0,0,0,0,0,1,KARNAPRAYAG,45.0,59,14.182692307692308,0.0,8.4,30.04511701975155,79.4859443276337,1199.082,1987.0,14.71071720123291,"SubCentre, Lolti",2.433,48.256,0,2,0.0,30.0,17,1.6,19.7
41558,Kathaligad ,Tharali  ,2009,14.39,0.1439,13.0,65,36.0,29.0,451.7025712300209,0.0,0.0,0.0,0.0,0.0,0.0,0.0,1,0,0,0,1,0,1,KARNAPRAYAG,30.0,6,9.230769230769232,0.0,0.0,30.16276099159503,79.3958205857814,1598.458,1873.0,33.804718017578125,"SubCentre, Dungri",0.562,35.3,0,2,0.0,30.0,59,2.0,31.6
41576,Kaub,Tharali  ,2009,228.6,2.286,226.0,1122,506.0,616.0,490.8136482939632,49.376114081996434,0.0,0.0,0.0,0.0,0.0,0.0,1,0,0,0,0,0,1,KARNAPRAYAG,35.0,143,12.745098039215684,0.0,2.2,30.125330127987933,79.37379917176054,1495.1161,1585.0,5.541357040405273,"SubCentre, Narainbagar",1.469,39.712,0,2,0.0,30.0,24,2.0,25.5
41660,Kei Painti,Tharali  ,2009,55.88,0.5588000000000001,40.0,165,79.0,86.0,295.27559055118104,21.818181818181817,0.0,0.0,1.0,0.0,0.0,1.0,0,0,0,0,0,1,1,KARNAPRAYAG,44.0,13,7.878787878787878,0.0,0.0,30.136893101449967,79.44557309981931,1598.458,2298.0,23.714468002319336,Parkhal Hospital,4.28,37.897,0,2,0.0,30.0,47,30.0,17.1
41675,Kera,Tharali  ,2009,83.29,0.8329000000000001,46.0,167,85.0,82.0,200.5042622163525,6.58682634730539,0.0,0.0,0.0,0.0,0.0,0.0,0,0,0,0,0,1,1,KARNAPRAYAG,53.0,20,11.976047904191615,0.0,7.5,30.103103561246904,79.49852709287593,1199.082,1822.0,29.419404983520508,"SubCentre, Dungri",2.594,41.999,0,2,0.0,30.0,32,1.6,22.2
41542,Keshawa,Tharali  ,2009,25.74,0.2573999999999999,21.0,83,34.0,49.0,322.4553224553225,0.0,0.0,0.0,0.0,0.0,0.0,0.0,1,0,0,0,0,0,1,KARNAPRAYAG,42.0,6,7.228915662650602,0.0,0.0,30.140076411046586,79.35550569678357,1495.1161,1446.0,28.314332962036133,PHC Narayanbagar,1.949,38.44,0,2,0.0,30.0,43,6.0,16.3
41540,Kevar Malla,Tharali  ,2009,31.09,0.3109,30.0,139,68.0,71.0,447.08909617240266,14.388489208633093,0.0,0.0,0.0,0.0,0.0,0.0,1,0,0,0,0,0,1,KARNAPRAYAG,33.0,9,6.474820143884892,0.0,6.5,30.147937926986057,79.37376801643373,1495.1161,1057.0,41.41670227050781,PHC Narayanbagar,0.147,37.243,0,2,0.0,30.0,60,6.0,11.9
41539,Kevar Talla,Tharali  ,2009,45.35,0.4535,289.0,1189,614.0,575.0,2621.830209481808,38.18334735071488,0.5046257359125316,0.0,0.0,0.0,1.0,1.0,1,1,0,1,0,0,1,KARNAPRAYAG,30.0,165,13.87720773759462,0.0,2.4,30.14646890393044,79.37883236645918,1598.458,1096.0,25.24018669128418,PHC Narayanbagar,0.439,37.321,0,2,0.0,30.0,49,36.0,41.0
41630,Khainoli,Tharali  ,2009,168.3,1.683,127.0,598,267.0,331.0,355.31788472964945,36.78929765886287,0.0,0.0,0.0,0.0,0.0,0.0,0,0,0,0,0,0,1,KARNAPRAYAG,44.0,91,15.217391304347828,0.0,12.1,30.086275535170618,79.37932646927362,1199.082,1562.0,32.93807601928711,"SubCentre, Narainbagar",5.062,43.913,0,2,0.0,30.0,35,1.0,21.5
41520,Khaintoli,Tharali  ,2009,27.9,0.2789999999999999,8.0,25,12.0,13.0,89.6057347670251,0.0,0.0,0.0,0.0,0.0,0.0,0.0,0,0,0,0,0,0,1,KARNAPRAYAG,67.0,1,4.0,0.0,0.0,30.181884143770027,79.35886440571164,1495.1161,1360.0,33.50211715698242,"Governnment Hospital, Tuneda",1.297,33.851,0,2,0.0,30.0,51,30.0,15.8
41805,Kheta Manmati,Tharali  ,2009,454.72,4.5472,281.0,1349,634.0,715.0,296.6660802251935,57.227575982209046,0.0,0.0,0.0,0.0,0.0,0.0,0,0,0,0,0,0,1,KARNAPRAYAG,80.0,229,16.975537435137138,1.0,5.2,30.03548014814716,79.75259547938269,4163.0312,1747.0,18.0333194732666,"SubCentre, Harmal",4.422,57.45,0,2,0.0,30.0,41,1.6,25.5
41706,Kimani,Tharali  ,2009,30.7,0.307,61.0,275,110.0,165.0,895.7654723127037,31.27272727272728,0.0,0.0,0.0,0.0,0.0,0.0,1,0,0,0,0,0,1,KARNAPRAYAG,51.0,33,12.0,0.0,12.9,30.075131498647377,79.48187246682045,1199.082,1515.0,18.133197784423828,"Dinesh Joshi Medikose, Tharali",1.817,44.908,0,2,0.0,30.0,21,3.0,18.2
41545,Kimoli,Tharali  ,2009,247.97,2.4797,196.0,1079,495.0,584.0,435.13328225188536,35.959221501390175,0.0,0.0,0.0,0.0,0.0,0.0,1,0,0,0,0,0,1,KARNAPRAYAG,20.0,171,15.848007414272477,0.0,1.0,30.113842994422303,79.36848353210875,711.58325,1794.0,11.14664363861084,"SubCentre, Narainbagar",2.66,41.053,0,2,0.0,30.0,13,1.6,46.5
41681,Kolpudi,Tharali  ,2009,130.78,1.3078,77.0,410,205.0,205.0,313.50359382168523,0.0,0.0,0.0,0.0,0.0,0.0,0.0,0,0,0,0,0,0,1,KARNAPRAYAG,60.0,54,13.170731707317074,0.0,1.3,30.14073014769541,79.53193529514402,1598.458,1758.0,12.361214637756348,"SubCentre, Dungri",2.94,38.463,0,2,0.0,30.0,38,1.6,19.6
41501,Kot,Tharali  ,2009,61.8,0.618,52.0,219,92.0,127.0,354.36893203883494,0.0,0.0,0.0,0.0,0.0,0.0,0.0,0,0,0,0,0,0,1,KARNAPRAYAG,95.0,14,6.392694063926941,0.0,11.3,30.22542589439362,79.34721214649639,1495.1161,1403.0,18.782129287719727,"SubCentre, Sainj",1.868,29.504,0,2,0.0,30.0,40,2.0,17.7
41712,Kot Laga Deval,Tharali  ,2009,70.1,0.701,31.0,139,59.0,80.0,198.28815977175464,2.877697841726619,0.0,0.0,0.0,0.0,0.0,0.0,1,0,0,0,0,0,1,KARNAPRAYAG,52.0,18,12.949640287769784,0.0,0.0,30.05285896078105,79.47717172572749,1199.082,2205.0,22.48512458801269,"Dinesh Joshi Medikose, Tharali",3.227,47.333,0,2,0.0,30.0,24,2.4,11.9
41801,Koteda,Tharali  ,2009,135.32,1.3532,87.0,388,186.0,202.0,286.7277564292049,84.79381443298969,0.0,0.0,0.0,0.0,0.0,0.0,0,0,0,0,0,1,1,KARNAPRAYAG,69.0,67,17.2680412371134,1.1,13.5,30.02704791028287,79.69579052052192,4163.0312,1796.0,28.599016189575195,"SubCentre, Harmal",9.76,55.724,0,2,0.0,30.0,50,1.0,24.4
41500,Kothali,Tharali  ,2009,96.6,0.966,99.0,410,188.0,222.0,424.4306418219462,43.170731707317074,0.975609756097561,0.0,0.0,1.0,0.0,1.0,0,0,0,0,0,0,1,KARNAPRAYAG,65.0,46,11.219512195121952,0.0,20.2,30.2261314238551,79.35850784816004,1495.1161,1645.0,26.135719299316406,"SubCentre, Sainj",1.862,29.114,0,2,0.0,30.0,46,4.0,19.6
41499,Kothara,Tharali  ,2009,26.42,0.2642,31.0,125,63.0,62.0,473.12641937925815,0.0,0.0,0.0,0.0,0.0,0.0,0.0,0,0,0,0,0,0,1,KARNAPRAYAG,65.0,16,12.8,0.0,0.0,30.23191370999308,79.36377446964865,1495.1161,1667.0,9.731427192687988,"SubCentre, Sainj",2.623,28.361,0,2,0.0,30.0,33,1.6,16.8
41766,Kothi,Tharali  ,2009,53.01,0.5301,33.0,171,83.0,88.0,322.5806451612903,25.730994152046783,1.7543859649122806,0.0,0.0,0.0,0.0,0.0,1,0,0,0,0,0,1,KARNAPRAYAG,61.0,29,16.95906432748538,0.0,8.6,30.034055593449622,79.56294027990214,1199.082,1326.0,35.843467712402344,"SubCentre, Lolti",5.312,50.657,0,2,0.0,30.0,36,1.0,12.2
41661,Kothraj Kundi,Tharali  ,2009,55.64,0.5564,42.0,152,69.0,83.0,273.1847591660676,3.289473684210526,0.0,0.0,0.0,0.0,0.0,0.0,0,0,0,0,0,0,1,KARNAPRAYAG,42.0,23,15.13157894736842,0.0,0.0,30.13357122746533,79.4362778432214,1598.458,1986.0,30.078161239624023,Parkhal Hospital,3.458,38.266,0,2,0.0,30.0,52,24.0,17.0
41617,Kulsari,Tharali  ,2009,70.05,0.7005,117.0,476,248.0,228.0,679.5146324054247,16.176470588235293,0.0,0.0,0.0,1.0,0.0,1.0,1,1,0,1,0,1,1,KARNAPRAYAG,40.0,60,12.605042016806722,0.0,6.5,30.08721961881179,79.46111816464385,1199.082,1154.0,17.881000518798828,"SubCentre, Kulsari",0.33,43.441,0,2,0.0,30.0,22,4.0,30.3
41603,Kund Bagar,Tharali  ,2009,31.6,0.316,1.0,11,5.0,6.0,34.81012658227848,0.0,0.0,0.0,0.0,0.0,0.0,0.0,1,0,0,1,0,1,1,KARNAPRAYAG,40.0,4,36.36363636363637,100.0,100.0,30.0983456637639,79.43816686800243,1199.082,1142.0,16.917356491088867,"SubCentre, Kulsari",2.656,42.169,0,2,0.0,30.0,22,1.6,25.6
41696,Kuni,Tharali  ,2009,39.7,0.397,13.0,71,32.0,39.0,178.84130982367756,0.0,0.0,0.0,0.0,0.0,0.0,0.0,0,0,0,0,0,0,0,KARNAPRAYAG,64.0,7,9.859154929577464,0.0,0.0,30.06724508325627,79.53805009066508,1199.082,1580.0,20.53091621398925,"SubCentre, Lolti",3.289,46.549,0,2,0.0,30.0,22,1.6,11.2
41688,Kurad,Tharali  ,2009,200.7,2.007,175.0,859,386.0,473.0,428.0019930244146,7.683352735739232,0.0,0.0,0.0,0.0,1.0,1.0,0,0,0,0,0,0,1,KARNAPRAYAG,57.0,111,12.922002328288706,0.0,0.0,30.10638848881081,79.51498330749938,1199.082,1814.0,38.837646484375,"SubCentre, Dungri",2.22,41.875,0,2,0.0,30.0,44,31.6,19.1
41514,Kush,Tharali  ,2009,56.09,0.5609000000000001,17.0,73,29.0,44.0,130.1479764663933,0.0,0.0,0.0,0.0,0.0,0.0,0.0,0,0,0,0,0,0,1,KARNAPRAYAG,53.0,15,20.54794520547945,0.0,0.0,30.192295097725648,79.38773102717431,1598.458,2058.0,35.83103561401367,"SubCentre, Chopata",1.41,32.17,0,2,0.0,30.0,63,2.0,6.2
41704,Lamkundi,Tharali  ,2009,9.3,0.093,1.0,4,2.0,2.0,43.01075268817204,0.0,0.0,0.0,0.0,0.0,0.0,0.0,1,0,0,1,0,0,1,KARNAPRAYAG,41.0,0,0.0,0.0,0.0,30.07813496787432,79.47340208236886,1199.082,1610.0,28.559232711791992,"SubCentre, Kulsari",1.418,44.513,0,2,0.0,30.0,30,2.0,20.5
41571,Leguna,Tharali  ,2009,12.03,0.1202999999999999,15.0,76,35.0,41.0,631.753948462178,0.0,0.0,0.0,0.0,0.0,0.0,0.0,1,0,0,0,0,0,1,KARNAPRAYAG,32.0,14,18.421052631578945,0.0,0.0,30.137510988289225,79.37562913893021,1598.458,1200.0,23.477352142333984,PHC Narayanbagar,1.029,38.351,0,2,0.0,30.0,47,6.0,16.3
41799,Lingadi,Tharali  ,2009,153.03,1.5303,104.0,468,217.0,251.0,305.8223877671045,35.04273504273504,0.0,0.0,0.0,0.0,0.0,0.0,0,0,0,0,0,1,1,KARNAPRAYAG,67.0,71,15.17094017094017,0.0,0.0,30.026750039836053,79.66332771479442,4163.0312,1583.0,39.6077766418457,"SubCentre, Ghes",10.911,54.456,0,2,0.0,30.0,64,0.5,20.2
41738,Loda,Tharali  ,2009,49.6,0.496,39.0,175,80.0,95.0,352.8225806451613,13.142857142857142,0.0,0.0,0.0,0.0,0.0,0.0,1,1,0,1,1,1,1,KARNAPRAYAG,48.0,20,11.428571428571429,0.0,0.0,30.014478112384943,79.55472215028001,1199.082,1778.0,20.495237350463867,"SubCentre, Lolti",5.754,52.602,0,2,0.0,30.0,20,1.0,32.2
41509,Lodhala,Tharali  ,2009,54.08,0.5408,37.0,156,65.0,91.0,288.4615384615385,0.0,0.0,0.0,0.0,0.0,0.0,0.0,0,0,0,0,0,0,1,KARNAPRAYAG,65.0,21,13.461538461538462,0.0,0.0,30.192668255983502,79.36631928426942,1495.1161,1511.0,29.235254287719727,"Governnment Hospital, Tuneda",1.421,32.523,0,2,0.0,30.0,47,30.0,17.1
41724,Lolti,Tharali  ,2009,633.7,6.337000000000001,235.0,1023,475.0,548.0,161.43285466308978,20.72336265884653,0.2932551319648094,0.0,0.0,1.0,0.0,1.0,1,0,0,1,1,1,1,KARNAPRAYAG,44.0,131,12.805474095796676,1.3,1.3,30.04926663756863,79.49487850804178,1199.082,1691.0,19.88581657409668,"SubCentre, Lolti",1.524,47.883,0,2,0.0,30.0,21,4.0,40.5
41751,Losari,Tharali  ,2009,228.2,2.282,77.0,369,150.0,219.0,161.7002629272568,20.05420054200542,0.0,0.0,0.0,0.0,0.0,0.0,1,0,0,0,0,1,1,KARNAPRAYAG,64.0,51,13.821138211382117,0.0,0.0,30.0606851719456,79.6003276872856,1199.082,1995.0,49.94263458251953,"SubCentre, Mundoli",7.925,48.793,0,2,0.0,30.0,49,1.0,19.2
41769,Lwani,Tharali  ,2009,326.27,3.2627,95.0,428,183.0,245.0,131.17969779630369,1.4018691588785046,0.0,0.0,0.0,0.0,0.0,0.0,1,1,0,1,0,1,1,KARNAPRAYAG,71.0,46,10.74766355140187,0.0,0.0,30.10253864144176,79.57980807258176,1199.082,2118.0,45.5557746887207,"SubCentre, Mundoli",4.62,43.77,0,2,0.0,30.0,51,1.6,19.8
41711,Maal,Tharali  ,2009,29.6,0.296,44.0,174,66.0,108.0,587.8378378378378,12.06896551724138,0.0,0.0,0.0,0.0,0.0,0.0,1,0,0,0,0,0,1,KARNAPRAYAG,51.0,17,9.770114942528735,0.0,0.0,30.062618066712425,79.4718631686935,1199.082,1983.0,12.963456153869627,"SubCentre, Kulsari",2.648,46.219,0,2,0.0,30.0,16,1.6,17.2
41631,Maiduni,Tharali  ,2009,103.8,1.038,81.0,406,197.0,209.0,391.1368015414258,0.0,0.0,0.0,0.0,0.0,0.0,0.0,0,0,0,0,0,0,1,KARNAPRAYAG,42.0,53,13.054187192118228,0.0,0.0,30.08592921044925,79.38941380451922,1199.082,1804.0,32.02701568603516,"SubCentre, Narainbagar",5.043,43.83,0,2,0.0,30.0,34,1.0,19.6
41792,Mailminda,Tharali  ,2009,87.38,0.8737999999999999,30.0,138,58.0,80.0,157.93087663080797,0.7246376811594203,0.0,0.0,0.0,0.0,0.0,0.0,1,0,0,0,0,1,1,KARNAPRAYAG,61.0,26,18.84057971014493,0.0,0.0,30.054745270629933,79.62840496264488,4163.0312,2063.0,22.78743934631348,"SubCentre, Mundoli",8.556,50.319,0,2,0.0,30.0,47,1.0,16.9
41674,Main,Tharali  ,2009,45.46,0.4546,59.0,281,133.0,148.0,618.1258249010119,18.86120996441281,0.0,0.0,0.0,0.0,0.0,0.0,0,0,0,0,0,0,1,KARNAPRAYAG,55.0,34,12.099644128113878,0.0,0.0,30.089815272289474,79.5159050297886,1199.082,1787.0,39.1202392578125,CHC Tharali,2.265,43.701,0,2,0.0,30.0,44,24.0,13.3
41621,Maita Talla,Tharali  ,2009,59.2,0.5920000000000001,54.0,243,107.0,136.0,410.4729729729729,19.34156378600823,0.0,0.0,0.0,0.0,0.0,0.0,1,0,0,0,0,1,1,KARNAPRAYAG,40.0,44,18.106995884773664,5.3,8.8,30.08344484564506,79.45114974367294,1199.082,1451.0,25.45785140991211,"SubCentre, Kulsari",0.905,43.829,0,2,0.0,30.0,28,2.0,22.9
41666,Majetha Laga Angtoli,Tharali  ,2009,34.28,0.3428,1.0,2,1.0,1.0,5.834305717619603,0.0,0.0,0.0,0.0,0.0,0.0,0.0,0,0,0,0,0,0,1,KARNAPRAYAG,43.0,0,0.0,0.0,0.0,30.12948223693584,79.41639255181404,1598.458,1324.0,25.25132369995117,Parkhal Hospital,1.917,38.791,0,2,0.0,30.0,48,30.0,15.5
41634,Mal Laga Jyuda,Tharali  ,2009,17.0,0.17,19.0,86,38.0,48.0,505.8823529411764,0.0,0.0,0.0,0.0,0.0,0.0,0.0,0,0,0,0,0,0,1,KARNAPRAYAG,40.0,8,9.30232558139535,0.0,0.0,30.082783386529503,79.41424532209759,1199.082,2014.0,31.96197509765625,"SubCentre, Alkot",3.152,43.97,0,2,0.0,30.0,34,1.6,11.4
41784,Malla,Tharali  ,2009,18.55,0.1855,24.0,99,51.0,48.0,533.6927223719676,0.0,0.0,0.0,0.0,0.0,0.0,0.0,1,0,0,0,0,1,0,KARNAPRAYAG,77.0,8,8.080808080808081,17.4,0.0,30.110539360922804,79.61410258499495,1199.082,2126.0,25.87483787536621,"SubCentre, Mundoli",2.256,44.059,0,2,0.0,30.0,28,1.6,11.5
41614,Maltura,Tharali  ,2009,14.2,0.142,13.0,57,30.0,27.0,401.4084507042254,1.7543859649122806,0.0,0.0,0.0,0.0,0.0,0.0,1,0,0,1,0,1,1,KARNAPRAYAG,40.0,7,12.280701754385964,0.0,0.0,30.093788235299257,79.43784797757948,1199.082,1147.0,10.926916122436523,"SubCentre, Kulsari",2.421,42.674,0,2,0.0,30.0,17,1.6,26.1
41531,Manoda,Tharali  ,2009,24.49,0.2448999999999999,34.0,161,89.0,72.0,657.411188240098,0.0,0.0,0.0,0.0,0.0,0.0,0.0,1,0,0,0,0,0,1,KARNAPRAYAG,42.0,9,5.590062111801243,0.0,0.0,30.142636393830145,79.33711791243815,1495.1161,1787.0,48.375099182128906,PHC Narayanbagar,3.601,38.584,0,2,0.0,30.0,64,4.8,12.1
41565,Manoor,Tharali  ,2009,30.43,0.3043,37.0,137,66.0,71.0,450.2136049950706,0.0,0.0,0.0,0.0,0.0,0.0,0.0,1,0,0,0,0,0,1,KARNAPRAYAG,34.0,16,11.67883211678832,0.0,2.7,30.15151206479031,79.39167333156728,1598.458,1612.0,23.39569854736328,Parkhal Hospital,1.513,36.588,0,2,0.0,30.0,48,30.0,16.9
41590,Maroda,Tharali  ,2009,110.2,1.102,68.0,309,149.0,160.0,280.3992740471869,0.0,0.0,0.0,0.0,0.0,0.0,0.0,0,0,0,0,0,0,1,KARNAPRAYAG,44.0,34,11.003236245954692,1.4,1.4,30.109831279465183,79.38821231976601,1199.082,1699.0,21.41177749633789,"SubCentre, Narainbagar",2.383,41.213,0,2,0.0,30.0,26,1.6,18.6
41536,Mauna,Tharali  ,2009,47.91,0.4790999999999999,54.0,216,91.0,125.0,450.8453350031309,2.7777777777777777,0.0,0.0,0.0,0.0,0.0,0.0,0,0,0,0,0,0,1,KARNAPRAYAG,29.0,20,9.25925925925926,0.0,0.0,30.15279987368569,79.35317969097808,1495.1161,1277.0,39.53693008422852,PHC Narayanbagar,2.139,37.114,0,2,0.0,30.0,58,4.8,23.2
41574,Meeng,Tharali  ,2009,86.39,0.8639,84.0,433,211.0,222.0,501.2154184512096,7.390300230946882,0.0,0.0,0.0,0.0,0.0,0.0,1,0,0,0,0,0,1,KARNAPRAYAG,35.0,47,10.854503464203232,0.0,0.0,30.1337705274823,79.37818755438644,1598.458,1154.0,30.74292182922364,"SubCentre, Narainbagar",0.934,38.721,0,2,0.0,30.0,53,2.0,19.8
41772,Mela Chak Mundoli,Tharali  ,2009,10.56,0.1056,7.0,28,13.0,15.0,265.1515151515151,71.42857142857143,0.0,0.0,0.0,0.0,0.0,0.0,1,0,0,0,0,1,0,KARNAPRAYAG,86.0,8,28.57142857142857,0.0,40.0,30.1524620324028,79.621488770033,1598.458,2394.0,14.71071720123291,"SubCentre, Mundoli",2.487,40.093,0,2,0.0,30.0,39,1.6,10.8
41804,Melkhet,Tharali  ,2009,55.05,0.5505,78.0,314,150.0,164.0,570.3905540417802,0.0,0.0,0.0,0.0,0.0,0.0,0.0,0,0,0,0,0,0,1,KARNAPRAYAG,75.0,40,12.738853503184714,1.2,0.0,30.022897996760552,79.72402935895828,4163.0312,1511.0,38.98500442504883,"SubCentre, Harmal",7.496,57.374,0,2,0.0,30.0,63,1.0,13.6
41705,Meltha,Tharali  ,2009,84.6,0.846,68.0,330,174.0,156.0,390.0709219858156,24.848484848484848,0.0,0.0,0.0,0.0,0.0,0.0,1,0,0,0,0,0,1,KARNAPRAYAG,52.0,49,14.84848484848485,0.0,14.7,30.072480024731902,79.4740491348086,1199.082,1749.0,22.61971473693848,"SubCentre, Kulsari",1.851,45.143,0,2,0.0,30.0,25,2.0,18.8
41640,Menta Malla,Tharali  ,2009,93.52,0.9352,72.0,295,131.0,164.0,315.4405474764757,36.271186440677965,0.0,0.0,0.0,0.0,0.0,0.0,1,0,0,0,0,1,1,KARNAPRAYAG,40.0,41,13.898305084745765,2.8,7.0,30.076397535417097,79.44980117597706,1199.082,1502.0,37.12193298339844,"SubCentre, Alkot",1.279,44.607,0,2,0.0,30.0,40,2.0,18.4
41790,Moda Chak Padmalla,Tharali  ,2009,14.9,0.149,6.0,27,12.0,15.0,181.2080536912752,48.14814814814815,0.0,0.0,0.0,0.0,0.0,0.0,1,0,0,0,0,0,1,KARNAPRAYAG,60.0,2,7.4074074074074066,0.0,0.0,30.04971035636684,79.61149840109057,1199.082,1791.0,22.537822723388672,"SubCentre, Mundoli",9.024,50.289,0,2,0.0,30.0,23,1.0,15.8
41498,Moli Laga Kot,Tharali  ,2009,11.26,0.1125999999999999,13.0,49,25.0,24.0,435.1687388987567,0.0,0.0,0.0,0.0,0.0,0.0,0.0,0,0,0,0,0,0,1,KARNAPRAYAG,85.0,1,2.0408163265306123,0.0,0.0,30.239019572936147,79.37132615489159,1495.1161,2218.0,43.62774658203125,"SubCentre, Sainj",3.638,27.415,0,2,0.0,30.0,68,1.6,6.0
41654,Mona Gwar,Tharali  ,2009,18.71,0.1871,7.0,46,20.0,26.0,245.85783003741312,71.73913043478261,0.0,0.0,0.0,0.0,0.0,0.0,0,0,0,0,0,0,1,KARNAPRAYAG,38.0,12,26.08695652173913,14.3,0.0,30.144392516784126,79.4160109349314,1598.458,1522.0,29.28362846374512,Parkhal Hospital,1.473,37.144,0,2,0.0,30.0,52,30.0,16.0
41802,Mopata,Tharali  ,2009,70.07,0.7006999999999999,50.0,232,97.0,135.0,331.0974739546169,12.06896551724138,0.0,0.0,0.0,0.0,0.0,0.0,0,0,0,0,0,0,1,KARNAPRAYAG,71.0,37,15.948275862068966,1.9,1.9,30.01604851423684,79.69058167895955,4163.0312,1632.0,16.180294036865234,"SubCentre, Harmal",10.699,56.608,0,2,0.0,30.0,40,0.5,17.8
41771,Mundoli,Tharali  ,2009,412.69,4.1269,216.0,944,464.0,480.0,228.7431243790739,14.83050847457627,0.0,0.0,0.0,1.0,0.0,1.0,1,1,1,1,1,1,1,KARNAPRAYAG,81.0,128,13.559322033898304,1.0,1.0,30.143616580408,79.61834054242973,1598.458,2210.0,46.19567489624024,"SubCentre, Mundoli",1.459,40.853,0,2,0.0,30.0,71,4.0,29.9
41643,Nail,Tharali  ,2009,22.43,0.2243,30.0,173,75.0,98.0,771.2884529647794,17.341040462427745,0.0,0.0,0.0,0.0,0.0,0.0,1,0,0,0,0,1,1,KARNAPRAYAG,40.0,20,11.560693641618498,0.0,0.0,30.075907588067416,79.46348370565623,1199.082,1595.0,33.5583381652832,"SubCentre, Kulsari",0.977,44.704,0,2,0.0,30.0,35,2.0,22.2
41549,Nail ,Tharali  ,2009,19.64,0.1964,3.0,9,3.0,6.0,45.82484725050916,22.22222222222222,0.0,0.0,0.0,0.0,0.0,0.0,0,0,0,0,0,0,1,KARNAPRAYAG,46.0,0,0.0,0.0,0.0,30.171779852517133,79.36407421851936,1495.1161,1424.0,46.008182525634766,"Governnment Hospital, Tuneda",1.295,34.83,0,2,0.0,30.0,66,30.0,10.6
41572,Naini,Tharali  ,2009,22.56,0.2256,21.0,86,37.0,49.0,381.20567375886526,0.0,0.0,0.0,0.0,0.0,0.0,0.0,1,0,0,0,0,0,1,KARNAPRAYAG,40.0,11,12.790697674418606,0.0,0.0,30.13341010000064,79.35905510263304,1495.1161,1280.0,21.49403953552246,PHC Narayanbagar,2.079,39.091,0,2,0.0,30.0,37,4.8,16.4
41651,Nakholi,Tharali  ,2009,37.88,0.3788,49.0,195,77.0,118.0,514.7835269271383,0.0,0.0,0.0,0.0,0.0,0.0,0.0,0,0,0,0,0,1,1,KARNAPRAYAG,43.0,28,14.358974358974358,0.0,0.0,30.15825669182774,79.42672099320208,1598.458,1878.0,32.519832611083984,Parkhal Hospital,3.126,35.555,0,2,0.0,30.0,57,24.0,22.4
41803,Naldhura,Tharali  ,2009,180.8,1.808,69.0,287,128.0,159.0,158.73893805309734,0.0,0.0,0.0,0.0,0.0,0.0,0.0,0,0,0,0,0,1,1,KARNAPRAYAG,71.0,36,12.54355400696864,0.0,2.6,30.02352350766529,79.71077665991534,4163.0312,1582.0,41.70222473144531,"SubCentre, Harmal",8.586,56.719,0,2,0.0,30.0,66,1.0,18.4
41521,Nalgaon Kadkot,Tharali  ,2009,20.38,0.2037999999999999,47.0,238,133.0,105.0,1167.811579980373,76.05042016806722,0.0,0.0,0.0,0.0,0.0,0.0,0,0,0,0,0,0,1,KARNAPRAYAG,21.0,38,15.966386554621849,5.3,5.3,30.177825870311374,79.35219939013186,1495.1161,1225.0,35.53391647338867,"Governnment Hospital, Tuneda",1.966,34.442,0,2,0.0,30.0,54,30.0,23.4
41525,Nalgaon Sirgur,Tharali  ,2009,45.98,0.4598,52.0,210,109.0,101.0,456.7203131796433,0.9523809523809524,0.0,0.0,0.0,0.0,0.0,0.0,0,1,1,1,0,0,1,KARNAPRAYAG,21.0,24,11.428571428571429,0.0,0.0,30.1723905037686,79.35026466309829,1495.1161,1060.0,58.30857849121094,"Governnment Hospital, Tuneda",2.326,35.072,0,2,0.0,30.0,66,24.0,28.1
41635,Nam Tol,Tharali  ,2009,132.32,1.3232,61.0,294,134.0,160.0,222.18863361547764,32.6530612244898,0.0,0.0,0.0,0.0,0.0,0.0,1,0,0,0,0,1,1,KARNAPRAYAG,40.0,46,15.64625850340136,0.0,0.0,30.083101408448176,79.42267512536546,1199.082,1649.0,26.12380027770996,"SubCentre, Alkot",2.537,43.894,0,2,0.0,30.0,28,1.6,23.4
41652,Nand Gaon,Tharali  ,2009,69.65,0.6965,21.0,91,41.0,50.0,130.6532663316583,0.0,0.0,0.0,0.0,0.0,0.0,0.0,0,0,0,0,0,0,1,KARNAPRAYAG,40.0,10,10.989010989010987,0.0,0.0,30.15956976126184,79.4174163548275,1598.458,1595.0,22.537822723388672,"SubCentre, Dungri",2.251,35.456,0,2,0.0,30.0,48,1.6,16.4
41760,Nand Keshari,Tharali  ,2009,11.88,0.1188,33.0,144,80.0,64.0,1212.121212121212,2.083333333333333,1.3888888888888888,0.0,0.0,1.0,0.0,1.0,1,0,0,0,1,1,1,KARNAPRAYAG,68.0,8,5.555555555555555,0.0,9.1,30.04425540517912,79.56464620026854,1199.082,1477.0,22.55498695373535,"SubCentre, Lolti",5.224,49.596,0,2,0.0,30.0,23,3.0,26.9
41567,Narayan Bagar,Tharali  ,2009,13.6,0.136,90.0,362,186.0,176.0,2661.7647058823527,5.248618784530387,0.2762430939226519,0.0,1.0,0.0,0.0,1.0,1,0,0,1,1,0,1,KARNAPRAYAG,30.0,45,12.430939226519335,0.0,4.8,30.145592969726348,79.39356078215282,1598.458,1569.0,32.05488204956055,Parkhal Hospital,0.918,37.216,0,2,0.0,30.0,55,36.0,39.6
41593,Nau Gaon,Tharali  ,2009,13.83,0.1383,17.0,52,23.0,29.0,375.9942154736081,0.0,0.0,0.0,0.0,0.0,0.0,0.0,0,0,0,0,0,0,1,KARNAPRAYAG,42.0,3,5.769230769230769,0.0,33.3,30.095767155027325,79.38993336392598,1199.082,1451.0,33.21397018432617,"SubCentre, Narainbagar",3.953,42.741,0,2,0.0,30.0,36,1.6,16.0
41645,Nauna,Tharali  ,2009,90.12,0.9012,18.0,77,35.0,42.0,85.4416333777186,0.0,0.0,0.0,0.0,0.0,0.0,0.0,1,0,0,0,0,1,1,KARNAPRAYAG,45.0,12,15.584415584415584,0.0,0.0,30.069189044527235,79.45599645596073,1199.082,1719.0,33.775882720947266,"SubCentre, Alkot",1.394,45.421,0,2,0.0,30.0,36,2.0,21.3
41581,Nautha,Tharali  ,2009,52.9,0.529,6.0,23,14.0,9.0,43.47826086956522,0.0,0.0,0.0,0.0,0.0,0.0,0.0,1,0,0,0,0,0,1,KARNAPRAYAG,37.0,6,26.08695652173913,0.0,0.0,30.124947744522977,79.40399175332128,1199.082,1141.0,16.94384765625,"SubCentre, Narainbagar",1.738,39.383,0,2,0.0,30.0,23,2.0,15.7
41608,Nawali,Tharali  ,2009,70.0,0.7,52.0,234,109.0,125.0,334.28571428571433,0.0,0.0,0.0,0.0,0.0,0.0,0.0,0,0,0,0,0,0,1,KARNAPRAYAG,40.0,26,11.11111111111111,0.0,1.8,30.10780997543089,79.41029809030591,1199.082,1274.0,15.505807876586914,"SubCentre, Narainbagar",3.409,41.227,0,2,0.0,30.0,21,1.6,17.8
41606,Neeladi,Tharali  ,2009,37.88,0.3788,49.0,211,106.0,105.0,557.0221752903907,28.90995260663507,0.0,0.0,0.0,0.0,0.0,0.0,1,0,0,0,0,1,1,KARNAPRAYAG,45.0,32,15.165876777251183,0.0,2.1,30.10454927264549,79.42080628770601,1199.082,1466.0,24.90997314453125,"SubCentre, Narainbagar",4.371,41.527,0,2,0.0,30.0,28,1.6,22.6
41796,Odar,Tharali  ,2009,236.77,2.3677,138.0,605,294.0,311.0,255.52223676986105,46.44628099173554,0.0,0.0,0.0,0.0,0.0,0.0,0,0,0,0,0,1,1,KARNAPRAYAG,63.0,97,16.03305785123967,0.7,2.8,30.033150122608465,79.64082250420952,4163.0312,1345.0,14.541654586791992,"SubCentre, Ghes",11.09,52.982,0,2,0.0,30.0,39,0.5,26.6
41789,Padmalla,Tharali  ,2009,50.15,0.5015,57.0,241,115.0,126.0,480.5583250249253,0.0,0.0,0.0,0.0,0.0,0.0,0.0,1,0,0,0,0,1,1,KARNAPRAYAG,75.0,30,12.448132780082988,0.0,1.8,30.04338554754549,79.60307343088908,1199.082,1311.0,26.727724075317383,"SubCentre, Lolti",8.916,50.698,0,2,0.0,30.0,26,1.0,22.9
41505,Paina,Tharali  ,2009,3.54,0.0354,1.0,6,2.0,4.0,169.4915254237288,0.0,0.0,0.0,0.0,0.0,0.0,0.0,0,1,0,0,0,0,1,KARNAPRAYAG,65.0,0,0.0,0.0,0.0,30.20847236646392,79.3670424660644,1495.1161,2027.0,29.00024032592773,"SubCentre, Sainj",1.232,30.801,0,2,0.0,30.0,47,2.0,10.6
41670,Paingadh,Tharali  ,2009,111.19,1.1119,63.0,270,129.0,141.0,242.82759240938933,25.185185185185183,0.0,0.0,0.0,0.0,0.0,0.0,1,0,0,0,0,0,1,KARNAPRAYAG,42.0,20,7.4074074074074066,0.0,0.0,30.10531464687913,79.44576118481184,1199.082,1373.0,37.304237365722656,"SubCentre, Kulsari",2.733,41.397,0,2,0.0,30.0,42,1.6,13.2
41749,Painthi Laga Ulangra,Tharali  ,2009,11.13,0.1113,3.0,20,10.0,10.0,179.6945193171608,0.0,0.0,0.0,0.0,0.0,0.0,0.0,1,0,0,0,1,1,1,KARNAPRAYAG,63.0,2,10.0,0.0,0.0,30.074631771674888,79.58556894563138,1199.082,1453.0,27.39251518249512,"SubCentre, Mundoli",6.859,46.888,0,2,0.0,30.0,28,1.0,25.7
41665,Paithani,Tharali  ,2009,213.43,2.1343,84.0,360,172.0,188.0,168.6735697886895,26.111111111111114,0.0,0.0,0.0,0.0,0.0,0.0,1,0,0,0,0,0,1,KARNAPRAYAG,34.0,53,14.722222222222223,0.0,1.2,30.125352471386684,79.41948283021837,1598.458,1519.0,20.642236709594727,Parkhal Hospital,2.447,39.231,0,2,0.0,30.0,44,24.0,19.1
41568,Palchhuni,Tharali  ,2009,133.87,1.3387,86.0,365,172.0,193.0,272.6525733920968,17.26027397260274,0.0,0.0,0.0,0.0,0.0,0.0,1,0,0,0,1,0,1,KARNAPRAYAG,32.0,37,10.136986301369864,0.0,3.4,30.139707962938164,79.39740500790347,1598.458,1572.0,23.658472061157227,Parkhal Hospital,0.391,37.82,0,2,0.0,30.0,47,30.0,24.1
41583,Pali Malli,Tharali  ,2009,17.53,0.1753,20.0,85,35.0,50.0,484.8830576155162,23.52941176470588,0.0,0.0,0.0,0.0,0.0,0.0,1,0,0,0,0,0,1,KARNAPRAYAG,40.0,14,16.470588235294116,0.0,0.0,30.118898483212053,79.39693908128237,1199.082,1161.0,20.005857467651367,"SubCentre, Narainbagar",1.649,40.118,0,2,0.0,30.0,25,2.0,16.4
41585,Pali Talli,Tharali  ,2009,7.66,0.0766,10.0,69,31.0,38.0,900.7832898172323,0.0,0.0,0.0,0.0,0.0,0.0,0.0,1,0,0,0,0,0,1,KARNAPRAYAG,39.0,7,10.144927536231885,0.0,0.0,30.11688106451223,79.39355369005068,1199.082,1293.0,22.150453567504883,"SubCentre, Narainbagar",1.702,40.376,0,2,0.0,30.0,27,2.0,16.2
41791,Palwara Laga Odar,Tharali  ,2009,34.55,0.3455,64.0,289,138.0,151.0,836.4688856729379,97.2318339100346,0.0,0.0,0.0,0.0,0.0,0.0,0,0,0,0,0,0,1,KARNAPRAYAG,60.0,44,15.22491349480969,0.0,3.0,30.062108032839184,79.61732536614412,1199.082,2035.0,25.08479118347168,"SubCentre, Mundoli",7.643,49.181,0,2,0.0,30.0,25,1.0,13.4
41575,Panti,Tharali  ,2009,49.34,0.4934,91.0,408,223.0,185.0,826.9152817186865,17.647058823529413,1.715686274509804,0.0,0.0,0.0,0.0,0.0,1,0,0,1,1,0,1,KARNAPRAYAG,32.0,55,13.480392156862743,0.0,1.1,30.13308449917795,79.39101675664175,1598.458,1116.0,40.63677978515625,"SubCentre, Narainbagar",0.399,38.622,0,2,0.0,30.0,66,2.0,24.6
41562,Parkhal,Tharali  ,2009,35.39,0.3539,16.0,87,35.0,52.0,245.8321559762645,67.81609195402298,0.0,0.0,0.0,0.0,0.0,0.0,1,0,0,0,1,0,1,KARNAPRAYAG,38.0,7,8.045977011494253,0.0,0.0,30.15445826486288,79.40794752834013,1598.458,1591.0,18.87505531311035,Parkhal Hospital,1.654,36.091,0,2,0.0,30.0,44,30.0,21.4
41690,Partha Chak Kuni,Tharali  ,2009,118.7,1.187,174.0,795,369.0,426.0,669.7556866048863,15.22012578616352,0.1257861635220125,0.0,0.0,0.0,0.0,0.0,0,0,0,0,0,0,1,KARNAPRAYAG,62.0,125,15.723270440251572,0.0,0.0,30.08927942062326,79.52752934933098,1199.082,1840.0,22.832061767578125,Berkandai Tharali Hospital,2.977,43.956,0,2,0.0,30.0,25,24.0,23.4
41620,Pastoli,Tharali  ,2009,35.73,0.3572999999999999,56.0,226,104.0,122.0,632.5216904561994,37.61061946902655,0.0,0.0,0.0,0.0,0.0,0.0,1,0,0,0,0,1,1,KARNAPRAYAG,40.0,26,11.50442477876106,0.0,0.0,30.082929451344008,79.46195859969602,1199.082,1305.0,24.358583450317383,"SubCentre, Kulsari",0.207,43.92,0,2,0.0,30.0,27,2.0,22.8
41795,Phainti Gunth,Tharali  ,2009,13.15,0.1315,9.0,41,18.0,23.0,311.787072243346,0.0,0.0,0.0,0.0,0.0,0.0,0.0,0,0,0,0,0,0,1,KARNAPRAYAG,65.0,6,14.634146341463412,0.0,0.0,30.04378047096596,79.64518027392697,4163.0312,1898.0,34.890350341796875,"SubCentre, Ghes",9.853,52.042,0,2,0.0,30.0,58,1.0,15.9
41748,Phaldhiya Gaon,Tharali  ,2009,98.61,0.9861,81.0,357,175.0,182.0,362.0322482506845,23.809523809523807,0.0,0.0,0.0,0.0,0.0,0.0,1,1,0,0,1,0,1,KARNAPRAYAG,63.0,58,16.246498599439775,0.0,26.6,30.07175440936692,79.59713869905676,1199.082,1503.0,40.12090301513672,"SubCentre, Mundoli",6.788,47.531,0,2,0.0,30.0,43,1.0,19.1
41510,Pharkot,Tharali  ,2009,50.12,0.5012,11.0,53,23.0,30.0,105.7462090981644,0.0,0.0,0.0,0.0,0.0,0.0,0.0,0,0,0,0,0,0,1,KARNAPRAYAG,65.0,8,15.09433962264151,0.0,0.0,30.18872535222713,79.35221007783593,1495.1161,1261.0,32.57343292236328,"Governnment Hospital, Tuneda",2.116,33.273,0,2,0.0,30.0,50,24.0,16.0
41767,Pharsongad,Tharali  ,2009,18.7,0.187,8.0,40,21.0,19.0,213.903743315508,0.0,0.0,0.0,0.0,0.0,0.0,0.0,1,0,0,0,0,0,1,KARNAPRAYAG,62.0,4,10.0,0.0,0.0,30.02682883475428,79.57265711385512,1199.082,1730.0,31.12395095825196,"SubCentre, Lolti",6.473,51.657,0,2,0.0,30.0,30,1.0,15.9
41782,Pinau Laga Balan,Tharali  ,2009,53.9,0.539,22.0,96,49.0,47.0,178.10760667903523,0.0,0.0,0.0,0.0,0.0,0.0,0.0,1,0,0,0,0,1,0,KARNAPRAYAG,82.0,11,11.458333333333332,0.0,0.0,30.121058383256223,79.6716140979683,4163.0312,2151.0,41.431922912597656,"SubCentre, Ghes",2.345,45.404,0,2,0.0,30.0,69,1.6,6.5
41611,Pokhada,Tharali  ,2009,30.32,0.3032,10.0,38,22.0,16.0,125.32981530343008,31.57894736842105,0.0,0.0,0.0,0.0,0.0,0.0,1,0,0,0,0,1,1,KARNAPRAYAG,40.0,10,26.31578947368421,0.0,0.0,30.09839516728601,79.41974850535969,1199.082,1617.0,32.9825325012207,"SubCentre, Alkot",4.051,42.213,0,2,0.0,30.0,36,1.6,20.9
41797,Pokhri Laga Odar,Tharali  ,2009,40.76,0.4075999999999999,23.0,111,51.0,60.0,272.3258096172719,0.0,0.0,0.0,0.0,0.0,0.0,0.0,1,0,0,0,0,1,1,KARNAPRAYAG,76.0,12,10.81081081081081,0.0,0.0,30.035205221897687,79.65612722101247,4163.0312,1522.0,52.09956741333008,"SubCentre, Ghes",10.253,53.322,0,2,0.0,30.0,72,0.5,16.6
41757,Purna,Tharali  ,2009,128.37,1.2837,152.0,741,395.0,346.0,577.2376723533536,73.27935222672065,2.0242914979757085,0.0,0.0,0.0,0.0,0.0,1,1,0,0,1,1,1,KARNAPRAYAG,67.0,112,15.114709851551956,0.7,0.7,30.05424865817093,79.57265837758975,1199.082,1515.0,25.00537872314453,"SubCentre, Lolti",5.986,48.715,0,2,0.0,30.0,25,1.0,32.9
41648,Raigaon,Tharali  ,2009,33.05,0.3304999999999999,34.0,165,75.0,90.0,499.2435703479577,0.0,0.0,0.0,0.0,0.0,0.0,0.0,0,0,0,0,0,0,1,KARNAPRAYAG,46.0,23,13.93939393939394,0.0,0.0,30.162946906957103,79.40911703441022,1598.458,2023.0,30.653705596923828,"SubCentre, Dungri",1.369,35.144,0,2,0.0,30.0,55,2.0,12.1
41793,Rain Laga Odar,Tharali  ,2009,35.37,0.3536999999999999,44.0,168,81.0,87.0,474.9787955894827,4.761904761904762,0.0,0.0,0.0,0.0,0.0,0.0,0,0,0,0,0,1,1,KARNAPRAYAG,61.0,25,14.88095238095238,0.0,0.0,30.037235712535228,79.61629621357999,1199.082,1638.0,39.07512283325195,"SubCentre, Lolti",10.254,51.746,0,2,0.0,30.0,40,0.5,17.2
41512,Rains,Tharali  ,2009,231.49,2.3149,131.0,604,300.0,304.0,260.9183982029461,34.602649006622514,0.0,0.0,0.0,0.0,0.0,0.0,0,0,0,0,0,0,1,KARNAPRAYAG,51.0,65,10.76158940397351,0.0,0.7,30.19262178992229,79.38033453924275,1598.458,1931.0,44.9570198059082,"SubCentre, Chopata",1.138,32.256,0,2,0.0,30.0,75,2.0,16.5
41641,Rampur,Tharali  ,2009,15.97,0.1597,4.0,15,7.0,8.0,93.9261114589856,0.0,0.0,0.0,0.0,0.0,0.0,0.0,1,0,0,0,0,1,1,KARNAPRAYAG,40.0,2,13.333333333333334,0.0,0.0,30.07743621798545,79.4554312150933,1199.082,1394.0,39.64130401611328,"SubCentre, Kulsari",0.906,44.505,0,2,0.0,30.0,44,2.0,15.6
41812,Rampur Laga Harmal,Tharali  ,2009,91.49,0.9149,49.0,248,117.0,131.0,271.0678762706307,35.08064516129033,0.0,0.0,0.0,0.0,0.0,0.0,0,0,0,0,0,0,1,KARNAPRAYAG,94.0,37,14.919354838709678,2.0,8.2,30.043000319653448,79.78993005032711,4163.0312,2109.0,28.605728149414062,"SubCentre, Harmal",1.604,58.585,0,2,0.0,30.0,49,2.0,13.0
41541,Ratani,Tharali  ,2009,37.81,0.3781,26.0,111,45.0,66.0,293.5731288019042,13.513513513513514,0.0,0.0,0.0,0.0,0.0,0.0,1,0,0,0,0,0,1,KARNAPRAYAG,40.0,20,18.01801801801802,0.0,3.8,30.143064802714832,79.36335525684552,1495.1161,1245.0,18.31336212158203,PHC Narayanbagar,1.125,37.96,0,2,0.0,30.0,35,6.0,16.6
41683,Ratgaon goonth,Tharali  ,2009,187.01,1.8701,53.0,261,129.0,132.0,139.56472915886852,30.65134099616858,0.0,0.0,0.0,0.0,0.0,0.0,0,0,0,0,0,0,1,KARNAPRAYAG,60.0,44,16.85823754789272,0.0,3.8,30.13544563309864,79.54134526440905,1598.458,2011.0,18.45222282409668,"SubCentre, Dungri",3.476,39.246,0,2,0.0,30.0,42,1.6,13.1
41578,Rathiya Malla,Tharali  ,2009,11.54,0.1153999999999999,9.0,39,16.0,23.0,337.95493934142115,0.0,0.0,0.0,0.0,0.0,0.0,0.0,1,0,0,0,0,0,1,KARNAPRAYAG,37.0,10,25.64102564102564,0.0,10.0,30.12124414513304,79.38487885214677,1199.082,1339.0,13.784358024597168,"SubCentre, Narainbagar",1.14,40.0,0,2,0.0,30.0,21,2.0,15.9
41637,Rei,Tharali  ,2009,125.8,1.258,55.0,241,100.0,141.0,191.5739268680445,14.107883817427386,3.319502074688797,0.0,0.0,0.0,0.0,0.0,1,0,0,0,0,1,1,KARNAPRAYAG,40.0,28,11.618257261410788,0.0,0.0,30.07512777661507,79.4280390109315,1199.082,1556.0,40.44710540771485,"SubCentre, Alkot",1.575,44.759,0,2,0.0,30.0,45,2.0,17.9
41678,Ruisan,Tharali  ,2009,260.75,2.6075,283.0,1321,632.0,689.0,506.6155321188878,41.18092354277063,0.0,0.0,0.0,0.0,0.0,0.0,0,0,0,0,0,0,1,KARNAPRAYAG,59.0,192,14.53444360333081,0.0,0.0,30.14157509595341,79.50983738138291,1598.458,2020.0,16.917356491088867,"SubCentre, Dungri",1.84,37.948,0,2,0.0,30.0,42,2.0,20.5
41691,Sagwada,Tharali  ,2009,85.6,0.856,39.0,153,71.0,82.0,178.73831775700936,0.0,0.0,0.0,0.0,0.0,0.0,0.0,0,0,0,0,0,0,1,KARNAPRAYAG,54.0,17,11.11111111111111,0.0,0.0,30.075270050252936,79.5207336072339,1199.082,1717.0,19.60857009887696,Berkandai Tharali Hospital,1.691,45.368,0,2,0.0,30.0,22,30.0,17.0
41694,Sahu Gaon Laga  Junidhar,Tharali  ,2009,18.8,0.188,52.0,264,121.0,143.0,1404.2553191489362,83.33333333333334,0.0,0.0,0.0,0.0,0.0,0.0,0,0,0,0,0,0,1,KARNAPRAYAG,51.0,54,20.454545454545457,0.0,0.0,30.05612042865705,79.52814378979183,1199.082,1309.0,41.27059173583984,"SubCentre, Lolti",1.833,47.582,0,2,0.0,30.0,45,2.0,13.1
41656,Sainar,Tharali  ,2009,81.46,0.8146,26.0,136,67.0,69.0,166.9531058188068,33.088235294117645,0.0,0.0,0.0,0.0,0.0,0.0,0,0,0,0,0,0,1,KARNAPRAYAG,40.0,22,16.176470588235293,0.0,15.4,30.14593644743091,79.42819184268855,1598.458,2168.0,49.09079360961914,Parkhal Hospital,2.651,36.914,0,2,0.0,30.0,73,24.0,6.9
41503,Sainj,Tharali  ,2009,54.87,0.5487,36.0,163,80.0,83.0,297.0657918716968,0.0,0.0,0.0,0.0,1.0,0.0,1.0,1,0,0,0,0,1,1,KARNAPRAYAG,60.0,22,13.496932515337424,0.0,2.8,30.211774382008112,79.34988579068093,1495.1161,1635.0,27.01227569580078,"SubCentre, Sainj",0.479,30.874,0,2,0.0,30.0,46,4.0,22.1
41642,Salpur,Tharali  ,2009,9.57,0.0957,22.0,79,35.0,44.0,825.496342737722,0.0,0.0,0.0,0.0,0.0,0.0,0.0,1,0,0,0,0,1,1,KARNAPRAYAG,40.0,3,3.79746835443038,4.5,4.5,30.080563570735865,79.46018427125878,1199.082,1393.0,13.130586624145508,"SubCentre, Kulsari",0.417,44.175,0,2,0.0,30.0,18,2.0,21.3
41610,Saned,Tharali  ,2009,213.33,2.1333,64.0,245,114.0,131.0,114.8455444616322,3.673469387755103,0.0,0.0,0.0,0.0,0.0,0.0,1,0,0,0,0,1,1,KARNAPRAYAG,40.0,40,16.3265306122449,0.0,1.2,30.09837122420112,79.41310050994717,1199.082,1642.0,16.180294036865234,"SubCentre, Narainbagar",4.41,42.252,0,2,0.0,30.0,21,1.6,22.9
41649,Sankot,Tharali  ,2009,198.02,1.9802,136.0,694,346.0,348.0,350.4696495303504,32.70893371757925,0.0,0.0,0.0,0.0,0.0,0.0,0,0,0,0,0,0,1,KARNAPRAYAG,44.0,109,15.706051873198849,0.0,0.0,30.168334196720508,79.43179401820349,1598.458,1895.0,12.64432430267334,"SubCentre, Dungri",3.438,34.422,0,2,0.0,30.0,40,1.6,22.4
41763,Sarkot,Tharali  ,2009,182.02,1.8202,55.0,227,102.0,125.0,124.7115701571256,18.94273127753304,0.0,0.0,0.0,0.0,0.0,0.0,0,0,0,0,0,0,1,KARNAPRAYAG,60.0,28,12.334801762114536,0.0,7.3,30.03349677702013,79.57736488459075,1199.082,1474.0,22.04344940185547,"SubCentre, Lolti",6.658,51.054,0,2,0.0,30.0,22,1.0,17.8
41747,Sawad,Tharali  ,2009,317.95,3.1795,258.0,1282,614.0,668.0,403.2080515804372,21.45085803432137,0.0,0.0,0.0,1.0,0.0,1.0,1,0,0,0,1,1,1,GOPESHWAR,112.0,166,12.948517940717627,0.0,0.0,30.06951251127366,79.60715400784288,1199.082,1783.0,30.018409729003903,"SubCentre, Mundoli",6.858,48.078,0,2,0.0,30.0,30,3.0,35.5
41557,Seeri,Tharali  ,2009,54.07,0.5407,35.0,111,43.0,68.0,205.2894396153135,0.0,0.0,0.0,0.0,0.0,0.0,0.0,1,0,0,0,0,0,1,KARNAPRAYAG,44.0,21,18.91891891891892,0.0,2.9,30.166956092268176,79.40135256141374,1598.458,2069.0,9.274892807006836,"SubCentre, Dungri",0.52,34.776,0,2,0.0,30.0,37,2.0,11.6
41622,Semal,Tharali  ,2009,14.5,0.145,2.0,9,5.0,4.0,62.06896551724138,0.0,0.0,0.0,0.0,0.0,0.0,0.0,1,0,0,0,0,1,1,KARNAPRAYAG,40.0,3,33.33333333333333,0.0,0.0,30.083235087749244,79.44420285046218,1199.082,1619.0,15.242316246032717,"SubCentre, Kulsari",1.573,43.843,0,2,0.0,30.0,19,2.0,20.6
41732,Sera Laga Bhenta,Tharali  ,2009,5.1,0.051,34.0,159,82.0,77.0,3117.6470588235297,0.0,0.0,0.0,0.0,0.0,0.0,0.0,1,1,0,1,0,0,1,KARNAPRAYAG,49.0,11,6.918238993710692,0.0,0.0,30.038691691210417,79.5409397033827,1199.082,1406.0,19.79098892211914,"SubCentre, Lolti",3.147,49.707,0,2,0.0,30.0,21,1.6,22.1
41669,Silaudi,Tharali  ,2009,139.11,1.3911000000000002,105.0,462,225.0,237.0,332.1112788440802,16.017316017316016,0.0,0.0,0.0,0.0,0.0,0.0,0,0,0,0,0,0,1,KARNAPRAYAG,43.0,58,12.554112554112551,0.0,0.0,30.11748582507252,79.44051411394328,1199.082,1679.0,30.427698135375977,"SubCentre, Kulsari",4.161,40.046,0,2,0.0,30.0,34,1.6,20.1
41754,Silkhola Laga Ichchholi,Tharali  ,2009,71.93,0.7193,331.0,1257,712.0,545.0,1747.5323230918948,12.56961018297534,0.0,0.0,0.0,0.0,1.0,1.0,1,1,0,1,1,1,1,KARNAPRAYAG,66.0,150,11.933174224343675,0.0,1.9,30.05826627793021,79.58049417801625,1199.082,1399.0,15.140144348144531,"SubCentre, Lolti",6.787,48.487,0,2,0.0,30.0,17,31.0,40.5
41533,Silodi,Tharali  ,2009,46.81,0.4681,33.0,127,59.0,68.0,271.309549241615,0.0,0.0,0.0,0.0,0.0,0.0,0.0,1,0,0,0,0,0,1,KARNAPRAYAG,30.0,11,8.661417322834646,0.0,0.0,30.158435096742146,79.35010792959714,1495.1161,1621.0,32.92922592163086,PHC Narayanbagar,2.665,36.576,0,2,0.0,30.0,49,4.8,27.3
41707,Simal Sain,Tharali  ,2009,25.1,0.251,59.0,258,140.0,118.0,1027.8884462151395,0.7751937984496124,0.0,0.0,0.0,0.0,0.0,0.0,0,0,0,0,0,0,1,KARNAPRAYAG,43.0,32,12.4031007751938,0.0,1.9,30.07734258323587,79.48992493530962,1199.082,1335.0,17.779081344604492,"Dinesh Joshi Medikose, Tharali",1.116,44.738,0,2,0.0,30.0,21,3.0,18.1
41653,Simli,Tharali  ,2009,318.74,3.1874,193.0,864,403.0,461.0,271.06732760243455,17.12962962962963,0.1157407407407407,0.0,0.0,0.0,0.0,0.0,0,1,0,0,0,0,1,KARNAPRAYAG,38.0,107,12.38425925925926,0.0,1.0,30.150672303818013,79.42006856425036,1598.458,1835.0,47.5109977722168,Parkhal Hospital,2.117,36.425,0,2,0.0,30.0,73,24.0,19.1
41718,Sinai Malli,Tharali  ,2009,9.8,0.098,9.0,45,20.0,25.0,459.1836734693877,0.0,0.0,0.0,0.0,0.0,0.0,0.0,1,0,0,0,1,0,1,KARNAPRAYAG,51.0,4,8.88888888888889,0.0,1.6,30.0690281714228,79.49774359329287,1199.082,1473.0,35.798580169677734,"Dinesh Joshi Medikose, Tharali",0.578,45.737,0,2,0.0,30.0,38,3.0,15.9
41717,Sinai Talli,Tharali  ,2009,21.3,0.213,39.0,167,64.0,103.0,784.037558685446,0.0,0.0,0.0,0.0,0.0,0.0,0.0,0,0,0,0,0,0,1,KARNAPRAYAG,43.0,13,7.784431137724551,0.0,5.0,30.067353969041857,79.49271551639272,1199.082,1514.0,12.92363452911377,"Dinesh Joshi Medikose, Tharali",1.031,45.867,0,2,0.0,30.0,17,3.0,17.2
41761,Soding Laga Trikot,Tharali  ,2009,44.6,0.446,48.0,240,122.0,118.0,538.1165919282511,0.0,0.0,0.0,0.0,0.0,0.0,0.0,0,0,0,0,0,0,1,KARNAPRAYAG,63.0,32,13.333333333333334,0.0,0.0,30.04519227096989,79.57262330836237,1199.082,1342.0,57.4388542175293,"SubCentre, Lolti",5.978,49.685,0,2,0.0,30.0,49,1.0,12.9
41511,Solta,Tharali  ,2009,13.68,0.1368,17.0,61,30.0,31.0,445.906432748538,0.0,0.0,0.0,0.0,0.0,0.0,0.0,0,0,0,0,0,0,1,KARNAPRAYAG,65.0,7,11.475409836065571,0.0,0.0,30.18703453313672,79.36543134678477,1495.1161,1494.0,39.6910400390625,"Governnment Hospital, Tuneda",0.944,33.151,0,2,0.0,30.0,60,30.0,11.1
41701,Sonala,Tharali  ,2009,60.9,0.609,50.0,250,122.0,128.0,410.5090311986864,16.8,0.0,0.0,0.0,0.0,0.0,0.0,0,0,0,1,0,0,1,KARNAPRAYAG,41.0,52,20.8,0.0,0.0,30.085247848911088,79.47894629457602,1199.082,1316.0,21.49403953552246,"SubCentre, Kulsari",1.778,43.767,0,2,0.0,30.0,25,2.0,23.0
41758,Sringthal,Tharali  ,2009,4.36,0.0436,10.0,59,25.0,34.0,1353.211009174312,0.0,0.0,0.0,0.0,0.0,0.0,0.0,1,0,0,0,0,1,1,KARNAPRAYAG,67.0,9,15.254237288135592,0.0,0.0,30.05211814914441,79.55908220672589,1199.082,1725.0,35.01222229003906,"SubCentre, Lolti",4.665,48.623,0,2,0.0,30.0,36,1.6,16.1
41786,Suiyya,Tharali  ,2009,531.53,5.3153,96.0,455,202.0,253.0,85.60194156491637,18.68131868131868,0.0,0.0,0.0,0.0,0.0,0.0,1,0,0,0,0,1,1,KARNAPRAYAG,76.0,74,16.263736263736263,0.0,11.3,30.10277111836024,79.63277766025469,4163.0312,1923.0,40.76553726196289,"SubCentre, Mundoli",3.556,45.553,0,2,0.0,30.0,68,1.6,20.1
41673,Suna,Tharali  ,2009,69.2,0.6920000000000001,74.0,386,193.0,193.0,557.8034682080925,0.0,0.0,0.0,0.0,0.0,0.0,0.0,0,0,0,0,0,0,1,KARNAPRAYAG,48.0,36,9.32642487046632,0.0,6.8,30.08883327997474,79.4932339560564,1199.082,1443.0,34.296424865722656,"Dinesh Joshi Medikose, Tharali",1.842,43.506,0,2,0.0,30.0,37,3.0,19.4
41497,Sunabhi,Tharali  ,2009,43.3,0.433,62.0,248,122.0,126.0,572.7482678983833,9.67741935483871,0.0,0.0,0.0,0.0,0.0,0.0,0,0,0,0,0,0,1,KARNAPRAYAG,65.0,31,12.5,0.0,1.5,30.237839322648373,79.3579542297074,1495.1161,1723.0,37.4205436706543,"SubCentre, Sainj",3.139,27.884,0,2,0.0,30.0,60,1.6,13.0
41671,Sunaun,Tharali  ,2009,111.5,1.115,79.0,331,174.0,157.0,296.8609865470852,49.546827794561935,0.3021148036253776,0.0,0.0,0.0,0.0,0.0,0,0,0,0,0,0,1,KARNAPRAYAG,40.0,18,5.438066465256798,1.3,16.5,30.093737888306496,79.46032440967764,1199.082,1202.0,32.78767013549805,"SubCentre, Kulsari",1.049,42.716,0,2,0.0,30.0,36,2.0,18.8
41715,Sunaun,Tharali  ,2009,132.6,1.3259999999999998,62.0,266,119.0,147.0,200.6033182503771,3.7593984962406015,0.0,0.0,0.0,0.0,0.0,0.0,1,0,0,0,1,0,1,KARNAPRAYAG,50.0,24,9.022556390977442,0.0,1.6,30.055213629073453,79.48912296072551,1199.082,1802.0,10.107964515686035,"SubCentre, Lolti",2.173,47.17,0,2,0.0,30.0,14,1.6,23.2
41601,Sunsari,Tharali  ,2009,8.97,0.0897,11.0,36,20.0,16.0,401.33779264214047,8.333333333333332,0.0,0.0,0.0,0.0,0.0,0.0,1,0,0,0,0,1,1,KARNAPRAYAG,40.0,2,5.555555555555555,0.0,0.0,30.10524579521983,79.43460994596202,1199.082,1085.0,23.404645919799805,"SubCentre, Kulsari",3.41,41.408,0,2,0.0,30.0,27,1.6,20.9
41547,Swan Malla,Tharali  ,2009,28.28,0.2828,15.0,83,43.0,40.0,293.4936350777935,0.0,0.0,0.0,0.0,0.0,0.0,0.0,1,0,0,0,0,0,1,KARNAPRAYAG,44.0,13,15.66265060240964,0.0,0.0,30.104988477881665,79.38060498834032,1199.082,1866.0,17.212677001953125,"SubCentre, Narainbagar",2.994,41.842,0,2,0.0,30.0,22,1.6,16.3
41577,Swan Talla,Tharali  ,2009,58.31,0.5831000000000001,55.0,313,161.0,152.0,536.78614302864,0.0,0.0,0.0,0.0,0.0,0.0,0.0,1,0,0,0,0,0,1,KARNAPRAYAG,42.0,56,17.89137380191693,0.0,0.0,30.12082126337037,79.37217650148705,711.58325,1646.0,6.400083065032959,"SubCentre, Narainbagar",1.872,40.231,0,2,0.0,30.0,10,2.0,18.6
41628,Syalpur,Tharali  ,2009,9.18,0.0917999999999999,12.0,49,24.0,25.0,533.769063180828,0.0,0.0,0.0,0.0,0.0,0.0,0.0,0,0,0,0,0,0,1,KARNAPRAYAG,43.0,7,14.285714285714285,0.0,0.0,30.093757490998467,79.39775113990972,1199.082,1697.0,34.647701263427734,"SubCentre, Narainbagar",4.285,42.882,0,2,0.0,30.0,38,1.6,16.0
41629,Syunta,Tharali  ,2009,75.35,0.7535,15.0,81,40.0,41.0,107.4983410749834,0.0,0.0,0.0,0.0,0.0,0.0,0.0,0,0,0,0,0,0,1,KARNAPRAYAG,42.0,6,7.4074074074074066,0.0,0.0,30.09268238344153,79.38667248942947,1199.082,1478.0,32.95106506347656,"SubCentre, Narainbagar",4.289,43.118,0,2,0.0,30.0,36,1.6,16.3
41616,Tajpur,Tharali  ,2009,26.0,0.26,30.0,124,60.0,64.0,476.9230769230769,0.0,0.0,0.0,0.0,0.0,0.0,0.0,1,0,0,0,0,1,1,KARNAPRAYAG,40.0,7,5.64516129032258,0.0,0.0,30.08964275041438,79.45391114483147,1199.082,1196.0,23.17543601989746,"SubCentre, Kulsari",0.869,43.149,0,2,0.0,30.0,26,2.0,21.7
41785,Tajpur Laga Kandai,Tharali  ,2009,60.22,0.6022,91.0,440,210.0,230.0,730.6542676851545,35.22727272727273,0.0,0.0,0.0,0.0,0.0,0.0,1,0,0,0,0,0,1,KARNAPRAYAG,68.0,55,12.5,0.0,3.2,30.08890941560234,79.60244499428605,1199.082,1387.0,28.80051612854004,"SubCentre, Mundoli",4.814,45.899,0,2,0.0,30.0,29,1.6,19.9
41788,Talor,Tharali  ,2009,30.95,0.3095,60.0,300,154.0,146.0,969.3053311793216,42.0,0.0,0.0,0.0,0.0,0.0,0.0,1,0,0,0,0,1,1,KARNAPRAYAG,77.0,50,16.666666666666664,0.0,0.0,30.0476469010779,79.59193291975605,1199.082,1290.0,3.5097556114196777,"SubCentre, Lolti",7.82,49.927,0,2,0.0,30.0,9,1.0,23.5
41729,Talwari Free Sample State,Tharali  ,2009,8.7,0.087,8.0,36,13.0,23.0,413.7931034482759,0.0,0.0,0.0,0.0,0.0,0.0,0.0,1,1,1,0,0,0,1,KARNAPRAYAG,55.0,6,16.666666666666664,0.0,0.0,30.0402873386569,79.51150729217618,1199.082,1839.0,23.07278251647949,"SubCentre, Lolti",1.026,49.066,0,2,0.0,30.0,24,2.0,15.9
41726,Talwari Khalsa,Tharali  ,2009,140.3,1.403,117.0,479,214.0,265.0,341.4112615823236,33.194154488517746,0.0,0.0,0.0,0.0,0.0,0.0,1,0,0,0,0,0,1,KARNAPRAYAG,48.0,71,14.822546972860126,0.0,0.0,30.04864085988933,79.520205751988,1199.082,1495.0,11.20921802520752,"SubCentre, Lolti",0.919,48.273,0,2,0.0,30.0,14,2.0,20.3
41731,Talwari State,Tharali  ,2009,167.4,1.6740000000000002,166.0,655,349.0,306.0,391.2783751493429,17.404580152671755,0.0,0.0,0.0,1.0,1.0,2.0,1,1,0,0,1,1,1,KARNAPRAYAG,50.0,86,13.129770992366414,0.0,1.1,30.0382045056352,79.52996419367402,1199.082,1496.0,49.49711608886719,"SubCentre, Lolti",2.238,49.568,0,2,0.0,30.0,49,33.6,27.0
41566,Tentuda,Tharali  ,2009,22.6,0.226,28.0,121,55.0,66.0,535.3982300884956,0.0,0.0,0.0,0.0,0.0,0.0,0.0,1,0,0,0,0,0,1,KARNAPRAYAG,32.0,14,11.570247933884298,0.0,0.0,30.148414934822807,79.38663938346228,1598.458,1257.0,32.20940399169922,PHC Narayanbagar,1.204,36.994,0,2,0.0,30.0,56,6.0,16.7
41725,Thala,Tharali  ,2009,295.8,2.958,105.0,397,175.0,222.0,134.21230561189992,13.350125944584384,0.0,0.0,0.0,0.0,0.0,0.0,1,1,0,1,1,1,1,KARNAPRAYAG,40.0,37,9.319899244332492,0.9,0.0,30.04693378835775,79.50739999126999,1199.082,1867.0,14.5775146484375,"SubCentre, Lolti",0.427,48.283,0,2,0.0,30.0,17,2.0,34.5
41689,Thangira,Tharali  ,2009,31.8,0.318,49.0,215,107.0,108.0,676.1006289308176,5.116279069767442,0.0,0.0,0.0,0.0,0.0,0.0,0,0,0,0,0,0,1,KARNAPRAYAG,60.0,25,11.627906976744184,0.0,0.0,30.102810064781725,79.5056823152751,1199.082,1491.0,34.38278579711914,"SubCentre, Dungri",2.493,42.126,0,2,0.0,30.0,38,1.6,17.6
41693,Tharali,Tharali  ,2009,172.4,1.724,517.0,1956,1032.0,924.0,1134.5707656612528,8.026584867075664,0.3067484662576687,1.0,0.0,0.0,1.0,2.0,1,1,0,1,1,0,1,KARNAPRAYAG,45.0,252,12.883435582822086,0.0,0.6,30.068739106942665,79.50996239415001,1199.082,1319.0,38.56660842895508,Berkandai Tharali Hospital,0.749,45.922,0,2,0.0,30.0,42,90.0,30.5
41556,Thirota Gwad,Tharali  ,2009,17.28,0.1728,4.0,12,6.0,6.0,69.44444444444444,0.0,0.0,0.0,0.0,0.0,0.0,0.0,1,0,0,0,0,0,1,KARNAPRAYAG,46.0,0,0.0,0.0,0.0,30.1659629429469,79.39244297320275,1598.458,1994.0,38.82015609741211,"SubCentre, Dungri",0.402,34.991,0,2,0.0,30.0,66,2.0,10.6
41632,Titar Kholi,Tharali  ,2009,9.0,0.09,4.0,19,11.0,8.0,211.11111111111111,0.0,0.0,0.0,0.0,0.0,0.0,0.0,0,0,0,0,0,0,1,KARNAPRAYAG,43.0,5,26.31578947368421,0.0,0.0,30.083912069302567,79.4020950275492,1199.082,2090.0,33.20233154296875,"SubCentre, Alkot",4.234,43.93,0,2,0.0,30.0,35,1.6,10.7
41657,Tonda Laga Angtoli,Tharali  ,2009,20.96,0.2096,5.0,24,11.0,13.0,114.50381679389312,45.83333333333333,0.0,0.0,0.0,0.0,0.0,0.0,0,0,0,0,0,1,1,KARNAPRAYAG,43.0,3,12.5,0.0,0.0,30.144188987387416,79.43889993407569,1598.458,2352.0,41.02081680297852,Parkhal Hospital,3.637,37.087,0,2,0.0,30.0,68,24.0,10.7
41813,Torati,Tharali  ,2009,102.01,1.0201,72.0,294,128.0,166.0,288.20703852563474,10.884353741496598,0.0,0.0,0.0,0.0,0.0,0.0,0,0,0,0,0,0,1,KARNAPRAYAG,92.0,43,14.625850340136054,24.7,19.2,30.031977896556064,79.79571845800604,4163.0312,2375.0,57.38492584228516,"SubCentre, Harmal",2.864,59.915,0,2,0.0,30.0,70,1.6,8.4
41735,Trikot,Tharali  ,2009,51.6,0.516,68.0,313,141.0,172.0,606.5891472868217,65.49520766773162,0.0,0.0,0.0,0.0,0.0,0.0,0,0,0,0,0,0,1,KARNAPRAYAG,58.0,48,15.335463258785945,0.0,0.0,30.03058837624572,79.54858640456098,1199.082,1498.0,39.54346084594727,"SubCentre, Lolti",4.208,50.733,0,2,0.0,30.0,41,1.6,13.6
41698,Tundari,Tharali  ,2009,30.59,0.3059,33.0,168,86.0,82.0,549.1990846681922,0.0,0.0,0.0,0.0,0.0,0.0,0.0,1,0,0,0,0,1,1,KARNAPRAYAG,8.0,22,13.095238095238097,0.0,0.0,30.05276186850375,79.54651955906014,1199.082,1640.0,34.70708465576172,"SubCentre, Lolti",3.466,48.287,0,2,0.0,30.0,36,1.6,64.2
41519,Tuneda,Tharali  ,2009,42.35,0.4235,52.0,225,104.0,121.0,531.2868949232586,16.88888888888889,0.0,0.0,0.0,0.0,0.0,0.0,0,0,0,0,0,0,1,KARNAPRAYAG,53.0,21,9.333333333333334,0.0,0.0,30.183193293772423,79.36647276633599,1495.1161,1423.0,23.04251289367676,"Governnment Hospital, Tuneda",0.614,33.545,0,2,0.0,30.0,41,30.0,17.8
41722,Tungeshwar,Tharali  ,2009,70.4,0.7040000000000001,91.0,444,206.0,238.0,630.6818181818181,16.666666666666664,0.0,0.0,0.0,0.0,0.0,0.0,1,1,0,1,1,1,1,KARNAPRAYAG,50.0,73,16.441441441441444,0.0,0.0,30.06107296421319,79.50427811608161,1199.082,1587.0,26.783740997314453,Berkandai Tharali Hospital,1.267,46.69,0,2,0.0,30.0,27,30.0,34.9
41655,Tuniya Laga Angtoli,Tharali  ,2009,25.05,0.2505,2.0,9,4.0,5.0,35.92814371257485,0.0,0.0,0.0,0.0,0.0,0.0,0.0,0,0,0,0,0,0,1,KARNAPRAYAG,43.0,0,0.0,0.0,0.0,30.1407090978084,79.41141898634528,1598.458,1293.0,8.586721420288086,Parkhal Hospital,0.974,37.582,0,2,0.0,30.0,35,30.0,15.6
41613,Tyula,Tharali  ,2009,58.04,0.5804,26.0,98,38.0,60.0,168.84906960716745,0.0,0.0,0.0,0.0,0.0,0.0,0.0,1,0,0,0,0,1,1,KARNAPRAYAG,40.0,10,10.20408163265306,0.0,0.0,30.09532693346275,79.42888666883623,1199.082,1352.0,21.41177749633789,"SubCentre, Kulsari",3.28,42.519,0,2,0.0,30.0,25,1.6,21.5
41807,Udaypur Laga Choting,Tharali  ,2009,118.92,1.1892,78.0,368,170.0,198.0,309.4517322569795,22.28260869565217,0.0,0.0,0.0,0.0,0.0,0.0,0,0,0,0,0,0,1,KARNAPRAYAG,93.0,43,11.684782608695652,0.0,0.0,30.076646472659363,79.77237841919872,4163.0312,1943.0,33.97281265258789,"SubCentre, Harmal",2.788,54.536,0,2,0.0,30.0,57,1.6,19.2
41750,Ulangra,Tharali  ,2009,59.14,0.5914,67.0,321,131.0,190.0,542.7798444369292,6.853582554517133,0.0,0.0,0.0,0.0,0.0,0.0,1,0,0,0,1,1,1,KARNAPRAYAG,64.0,47,14.641744548286605,0.0,1.5,30.06935450479567,79.58699034508393,1199.082,1464.0,33.49570846557617,"SubCentre, Mundoli",7.346,47.487,0,2,0.0,30.0,34,1.0,28.7
41765,Uni Laga Kothi,Tharali  ,2009,13.19,0.1319,13.0,77,31.0,46.0,583.7755875663382,0.0,0.0,0.0,0.0,0.0,0.0,0.0,1,0,0,0,0,1,1,KARNAPRAYAG,66.0,10,12.987012987012983,0.0,8.3,30.037247688451124,79.55359687975697,1199.082,1303.0,28.599016189575195,"SubCentre, Lolti",4.346,50.112,0,2,0.0,30.0,28,1.6,21.3
41811,Upathar Chack Harmal,Tharali  ,2009,32.54,0.3253999999999999,10.0,45,22.0,23.0,138.29133374308546,0.0,0.0,0.0,0.0,0.0,0.0,0.0,0,0,0,0,0,0,1,KARNAPRAYAG,94.0,7,15.555555555555555,0.0,0.0,30.04853909168461,79.80662513967891,4163.0312,2329.0,25.55778884887696,"SubCentre, Harmal",1.803,58.961,0,2,0.0,30.0,47,2.0,10.9
41774,Vaan,Tharali  ,2009,543.94,5.439400000000001,259.0,1371,694.0,677.0,252.0498584402691,15.900802334062728,0.0,0.0,0.0,1.0,0.0,1.0,1,0,0,0,0,1,1,KARNAPRAYAG,94.0,220,16.046681254558717,1.1,3.1,30.190902780262952,79.62968003419292,3826.2017,2528.0,14.41360569000244,"SubCentre, Wan",1.947,36.676,0,2,0.0,30.0,46,4.0,25.5
41773,Vaan Madhye Kuling,Tharali  ,2009,57.87,0.5787,43.0,212,106.0,106.0,366.3383445654053,0.0,0.0,0.0,0.0,0.0,0.0,0.0,1,0,0,0,0,1,1,KARNAPRAYAG,88.0,30,14.150943396226417,2.3,2.3,30.16428792511853,79.62907679672134,3826.2017,2166.0,32.57343292236328,"SubCentre, Mundoli",3.96,39.244,0,2,0.0,30.0,61,1.6,17.6
41727,Vijaypur,Tharali  ,2009,25.7,0.257,48.0,198,87.0,111.0,770.4280155642023,0.0,0.0,0.0,0.0,1.0,0.0,1.0,1,1,0,1,0,0,1,KARNAPRAYAG,52.0,16,8.080808080808081,0.0,2.1,30.04581668819533,79.52840699310252,1199.082,1486.0,23.66253089904785,"SubCentre, Lolti",1.751,48.711,0,2,0.0,30.0,24,4.0,22.5
