habitation_id,village_name,latitude,longitude,rainfall_2024_mm,elevation_m,slope_degree,nearest_landslide_distance_km,historical_landslide_count,historical_flood_count,nearest_flood_distance_km,flood_score,landslide_score
41118, Banswara Chak sainti,30.225085279390395,79.46561952982489,1598.458,1990.0,25.28070831298828,28.214,0,2,0.0,30.0,53
41084,Ala chak bura,30.28858968386365,79.5313804759392,1598.458,1884.0,28.21616172790528,22.778,0,2,0.0,30.0,58
41009,Amkheth,30.364278949677487,79.29584417854106,1495.1161,1098.0,39.90332794189453,18.88,0,2,0.0,30.0,66
40991,Anagoli,30.39643895575624,79.36274048488265,1760.8568,1355.0,27.73836708068848,11.845,0,2,0.0,30.0,64
40962,Angthala,30.426364963336702,79.43680988737616,1425.8418,1641.0,4.744528293609619,5.825,0,2,0.0,30.0,29
40909,Ansuya,30.482785842672723,79.28495367140816,1760.8568,2095.0,22.81650924682617,15.008,0,2,0.0,30.0,59
40986,Bachher,30.39649612535637,79.30539053845465,1760.8568,1191.0,49.36642074584961,15.929,0,2,0.0,30.0,84
41008,Baindu,30.370697277940348,79.29104070563898,1495.1161,1450.0,22.67977523803711,18.762,0,2,0.0,30.0,47
40922,Bairagana,30.43280585890133,79.28670908365054,1760.8568,1432.0,10.781698226928713,15.701,0,2,0.0,30.0,49
41039,Bairau,30.33064689675491,79.3797854174761,1598.458,2134.0,31.22060203552246,17.452,0,2,0.0,30.0,63
41093,Baligwar,30.249906199744608,79.62336436094274,1598.458,2908.0,34.54780960083008,30.641,0,2,0.0,30.0,62
40926,Bamiyala,30.41973042640113,79.27436473258219,1760.8568,2124.0,10.30286693572998,17.322,0,2,0.0,30.0,48
41047,Banala,30.30052274499161,79.37870282871376,1598.458,1324.0,25.186243057250977,20.655,0,2,0.0,30.0,56
40924,Bandwara,30.42428854546541,79.29045247823943,1760.8568,1500.0,20.771713256835938,15.7,0,2,0.0,30.0,57
41122,Banj Bagar,30.21070057887593,79.46817878216335,1598.458,2053.0,15.73710823059082,29.824,0,2,0.0,30.0,45
41104,Banswara,30.266220372418893,79.40759300034254,1598.458,1459.0,32.14458084106445,23.782,0,2,0.0,30.0,62
40974,Barachaksainji,30.36088216851073,79.43966838326533,1598.458,2125.0,41.74860763549805,13.068,0,2,0.0,30.0,78
41026,Barali,30.34524200530699,79.3627609509246,1495.1161,1696.0,26.91687774658203,16.616,0,2,0.0,30.0,51
40963,Batula,30.41641547611461,79.42194162839219,1425.8418,1232.0,8.546931266784668,7.159,0,2,0.0,30.0,32
40941,Baunla,30.41044210562518,79.3863463889815,1425.8418,1136.0,34.74531936645508,9.234,0,2,0.0,30.0,55
40989,Bazbagar,30.392134571419856,79.32936111833097,1760.8568,1424.0,21.656381607055664,14.42,0,2,0.0,30.0,58
40934,Bemru,30.45537364235717,79.41762951211182,1425.8418,1483.0,15.05296230316162,3.452,2,2,0.0,30.0,45
40919,Bhadakoti,30.43750888444321,79.29899045107634,1760.8568,1744.0,24.651784896850582,14.416,0,2,0.0,30.0,61
41082,Bhainswara chak Vaduk,30.2667657766576,79.52324674485376,1598.458,2936.0,49.47752380371094,24.775,0,2,0.0,30.0,79
41121,Bhainti,30.22021662207728,79.47800618166511,1598.458,2377.0,17.779081344604492,28.872,0,2,0.0,30.0,47
41033,Bhairni,30.31870488683732,79.34364864540274,1495.1161,1249.0,14.747183799743652,20.073,0,2,0.0,30.0,41
41017,Bhatingyala,30.34947517548776,79.3552771564743,1495.1161,1879.0,31.52904319763184,16.547,0,2,0.0,30.0,56
41114,Bhatiyana lagga lakhi,30.23399519494938,79.45209829403483,1598.458,1700.0,18.217002868652344,27.151,0,2,0.0,30.0,48
40965,Bhirlagga Gadora,30.40601194083125,79.44467578854777,1425.8418,1828.0,25.40251350402832,8.071,0,2,0.0,30.0,45
41099,Bijar,30.27242483920197,79.43381672990519,1598.458,1319.0,22.031965255737305,22.884,0,2,0.0,30.0,53
40971,Birhi,30.40130988370373,79.4051176233213,1425.8418,1516.0,31.45029067993164,9.265,0,2,0.0,30.0,51
40996,Boli,30.385970138217463,79.30814485772127,1760.8568,1332.0,24.814395904541016,16.418,0,2,0.0,30.0,60
41085,Bura,30.2997243782344,79.54659680108267,1598.458,2503.0,28.451772689819336,22.264,0,2,0.0,30.0,58
41044,Chaka,30.30820363755984,79.38000079005576,1598.458,1404.0,16.735824584960938,19.804,0,2,0.0,30.0,50
40937,Chandulichakhat,30.439502861379243,79.42305610743524,1425.8418,1359.0,43.42974853515625,4.694,1,2,0.0,30.0,72
40959,Chaparudiyar,30.410330496973646,79.45613138605064,1425.8418,1954.0,39.072227478027344,7.714,0,2,0.0,30.0,61
41066,Charbang,30.28416876470201,79.48287764277502,1598.458,2113.0,47.53428268432617,21.933,0,2,0.0,30.0,80
41052,Chari,30.296678720312627,79.39504149170095,1598.458,1646.0,6.45766544342041,20.669,0,2,0.0,30.0,41
40966,Chatolikiroli,30.40284663850347,79.43669103300984,1425.8418,2135.0,29.25002098083496,8.428,0,2,0.0,30.0,48
40943,Chhinka,30.422182683973645,79.37913763525685,1425.8418,1301.0,31.488731384277344,8.663,0,2,0.0,30.0,51
41022,Dadar,30.334741584824712,79.30361807193846,1495.1161,964.0,21.574695587158203,20.737,0,2,0.0,30.0,46
40940,Daswan,30.407522593134544,79.39903015212282,1425.8418,1419.0,33.65040588378906,8.882,0,2,0.0,30.0,54
40918,Dewaldhar,30.43595680431628,79.30940670446681,1760.8568,1444.0,25.24018669128418,13.531,0,2,0.0,30.0,61
41021,Dewar,30.34233264364652,79.29832330420493,1495.1161,1308.0,38.26864242553711,20.435,0,2,0.0,30.0,64
40951,Dewar Khandora,30.43023434795131,79.34017937926629,1760.8568,1678.0,22.44920921325684,11.106,0,2,0.0,30.0,59
40915,Dhanoli,30.4552844055739,79.29088934228537,1760.8568,2093.0,49.03440856933594,14.681,0,2,0.0,30.0,85
41112,Dhar Gaon lagga ustoli,30.249432633795784,79.45065439500911,1598.458,1563.0,41.4311408996582,25.436,0,2,0.0,30.0,74
41071,Dhar gaon,30.27039110591512,79.45575765132565,1598.458,1817.0,29.21939468383789,23.138,0,2,0.0,30.0,59
41024,Dharkot,30.339231955669373,79.33591063734492,1495.1161,1329.0,24.466094970703125,18.49,0,2,0.0,30.0,49
41079,Dharwani,30.291738538282527,79.4958065772507,1598.458,2169.0,33.369285583496094,21.376,0,2,0.0,30.0,65
40925,Dhogarikandai,30.418719063654247,79.28447835348595,1760.8568,1598.0,14.65050220489502,16.471,0,2,0.0,30.0,52
41101,Dhola Chak Ustoli,30.25713930678566,79.43297748434651,1598.458,2020.0,37.33408737182617,24.58,0,2,0.0,30.0,69
41110,Dhurma,30.24225511459659,79.42284199930572,1598.458,2140.0,17.881000518798828,26.277,0,2,0.0,30.0,48
40967,Digoli,30.410264456063047,79.42688938574202,1425.8418,1503.0,39.48448944091797,7.719,0,2,0.0,30.0,62
40947,Dungari,30.42560775462311,79.37214943346098,1760.8568,1622.0,8.768743515014648,8.882,0,2,0.0,30.0,49
40979,Durmi,30.364614491007003,79.5149847032684,1598.458,2242.0,33.804718017578125,14.485,0,2,0.0,30.0,67
40994,Dusat Gaon,30.382845725859195,79.32825469716782,1760.8568,1191.0,25.539947509765625,15.201,0,2,0.0,30.0,61
41126,F-1,30.485055826594017,79.35476663035506,1760.8568,3201.0,11.179408073425291,8.302,0,2,0.0,30.0,51
40972,Gadi,30.37435420002104,79.42856362615771,1598.458,1411.0,22.62067031860352,11.639,0,2,0.0,30.0,57
40964,Gadora,30.413530869473146,79.43606183445867,1425.8418,1646.0,32.20940399169922,7.249,0,2,0.0,30.0,52
40927,Gairgunth,30.412434344464693,79.28614145588485,1760.8568,1555.0,43.35916519165039,16.622,0,2,0.0,30.0,82
41089,Gairi,30.27534743925729,79.57314553950589,1598.458,2058.0,31.68135643005371,25.851,0,2,0.0,30.0,60
41042,Gandasu,30.312098094409656,79.3646320191678,1495.1161,1385.0,33.699546813964844,19.892,0,2,0.0,30.0,58
40978,Gauhana,30.371147822990427,79.48706882158942,1598.458,1471.0,12.053312301635742,12.704,0,2,0.0,30.0,48
40977,Gauna  Chak dhar Kumala,30.36134200878568,79.4891622437099,1598.458,1605.0,21.656381607055664,13.795,0,2,0.0,30.0,56
40917,Gawar,30.44428816298675,79.31246310450892,1760.8568,1745.0,27.49612045288086,12.954,0,2,0.0,30.0,63
40997,Ghorsal,30.382660481351504,79.29101488566685,1760.8568,1713.0,18.0333194732666,17.946,0,2,0.0,30.0,54
41077,Ghuni,30.302990866900515,79.51076766040147,1598.458,2191.0,31.804378509521484,20.587,0,2,0.0,30.0,63
40993,Golim,30.38852416689685,79.3500535030066,1760.8568,2056.0,23.89264869689941,13.303,0,2,0.0,30.0,60
41031,Guhai,30.329699746075608,79.34358639480587,1495.1161,1480.0,41.65489959716797,19.007,0,2,0.0,30.0,69
41083,Gulari,30.278695037696767,79.52769519687465,1598.458,2087.0,24.814395904541016,23.671,0,2,0.0,30.0,55
40935,Guniyala,30.44912708197845,79.42500177688763,1425.8418,1091.0,52.13793563842773,3.642,2,2,0.0,30.0,77
40975,Hadung lagga sainji,30.353902645789507,79.45615338150499,1598.458,1650.0,18.47596549987793,13.912,0,2,0.0,30.0,53
41001,Harmani,30.38003352476665,79.34075189754837,1760.8568,1528.0,18.44111442565918,14.6,0,2,0.0,30.0,56
40938,Hat,30.42900364829652,79.42127116929353,1425.8418,1295.0,46.546783447265625,5.844,0,2,0.0,30.0,69
41055,Hina,30.28613483964349,79.39463198071817,1598.458,1354.0,58.58907318115234,21.82,0,2,0.0,30.0,80
41075,Huna lagga Ramani,30.31559326541184,79.5316530624335,1598.458,2683.0,45.838008880615234,20.051,0,2,0.0,30.0,81
40982,Irani,30.370793972746835,79.57622230986276,1598.458,2341.0,16.3857421875,17.056,0,2,0.0,30.0,50
40939,Jainsal,30.4200348994658,79.40698268396768,1425.8418,1336.0,21.36457061767578,7.299,0,2,0.0,30.0,42
41028,Jaintha,30.33253676920188,79.34041317681191,1495.1161,1498.0,33.044036865234375,18.889,0,2,0.0,30.0,57
41060,Jakhni,30.28111250602004,79.42640337743553,1598.458,1667.0,26.10431671142578,21.956,0,2,0.0,30.0,57
41087,Jokhana,30.286078935101155,79.54870524322432,1598.458,2099.0,41.06792831420898,23.71,0,2,0.0,30.0,74
41020,Kafal Khet,30.344078188981246,79.31243665453353,1495.1161,963.0,25.14706420898437,19.399,0,2,0.0,30.0,49
40958,Kamyar,30.42377588307645,79.45325207812216,1425.8418,2149.0,36.88179016113281,6.198,0,2,0.0,30.0,58
40942,Kana,30.41789813498829,79.38865938400312,1425.8418,1311.0,45.89638900756836,8.434,0,2,0.0,30.0,69
41061,Kanda,30.28544825859257,79.4317894785262,1598.458,1933.0,27.20402336120605,21.448,0,2,0.0,30.0,58
41049,Kandai,30.30320793639148,79.39607386728191,1598.458,1703.0,14.18881893157959,19.941,0,2,0.0,30.0,48
41010,Kanderi,30.35247432699512,79.295737273638,1495.1161,1336.0,35.92973327636719,19.791,0,2,0.0,30.0,61
41094,Kanol,30.24169797294708,79.60530552073054,1598.458,2650.0,12.361214637756348,30.601,0,2,0.0,30.0,42
40928,Kathur,30.41614574421419,79.30630331354739,1760.8568,1207.0,10.62868309020996,14.711,0,2,0.0,30.0,49
40956,Khainuri,30.40519117632852,79.37136787683774,1760.8568,1613.0,34.008914947509766,10.569,0,2,0.0,30.0,71
40913,Khala,30.45464252233049,79.27412946196317,1760.8568,1506.0,31.12395095825196,16.279,0,2,0.0,30.0,66
41045,Khaltara,30.315711356970382,79.39221254058904,1598.458,1638.0,23.319128036499023,18.681,0,2,0.0,30.0,56
41058,Khunana,30.287574745949907,79.41987314119496,1598.458,1795.0,29.121538162231445,21.293,0,2,0.0,30.0,59
40985,Kilondi,30.3965210434912,79.28988150524293,1760.8568,1989.0,31.99205017089844,17.17,0,2,0.0,30.0,67
40914,Koteshwar,30.444769056014582,79.27598863865796,1760.8568,1584.0,35.28297424316406,16.321,0,2,0.0,30.0,71
40949,Kudav,30.41947391972552,79.35760864580934,1760.8568,1230.0,12.972411155700684,10.387,0,2,0.0,30.0,52
41074,Kumartoli,30.264106322670017,79.45427510898008,1598.458,1475.0,31.294279098510746,23.826,0,2,0.0,30.0,61
41072,Kumjug,30.268803463992683,79.47353434996366,1598.458,2002.0,29.4940185546875,23.475,0,2,0.0,30.0,59
41106,Kundi,30.254170535358515,79.40975360206127,1598.458,1628.0,22.294841766357425,25.08,0,2,0.0,30.0,52
40945,Kunjonmaikot,30.440550627635822,79.36535250165305,1760.8568,1820.0,17.313114166259766,8.439,0,2,0.0,30.0,56
40955,Kunjpothani,30.41329126721236,79.37620386850742,1425.8418,1084.0,16.465396881103516,9.583,0,2,0.0,30.0,38
40921,Kunkuli,30.43859547051252,79.28071769642408,1760.8568,1456.0,18.97113800048828,16.056,0,2,0.0,30.0,56
41116,Kuntari Laga Phali,30.22815354614468,79.44845787775748,1598.458,1615.0,26.20605087280273,27.787,0,2,0.0,30.0,54
41120,Kuntari lagga sarpani,30.21797740576464,79.46556024674481,1598.458,2019.0,25.342004776000977,28.999,0,2,0.0,30.0,53
41068,Kurar gunth,30.280973671220465,79.45413232296723,1598.458,1736.0,21.49403953552246,21.958,0,2,0.0,30.0,53
41062,Kurur Raulipar,30.277866000756664,79.43471173994455,1598.458,1731.0,33.040584564208984,22.278,0,2,0.0,30.0,64
40998,Kweralu,30.37868755280881,79.30406672671626,1760.8568,1135.0,25.02488899230957,17.233,0,2,0.0,30.0,60
41038,Kwirali,30.32572421476985,79.36795877282056,1495.1161,1868.0,38.003639221191406,18.372,0,2,0.0,30.0,64
41117,Lankhee,30.23589240681273,79.46819468275037,1598.458,2227.0,27.231443405151367,27.043,0,2,0.0,30.0,55
40992,Lasi,30.38438976891238,79.35687922805843,1760.8568,1961.0,21.77002716064453,13.24,0,2,0.0,30.0,59
41002,Lasiyari,30.377200825844337,79.34684122190446,1760.8568,1499.0,27.37364959716797,14.463,0,2,0.0,30.0,63
41063,Luntara,30.283141980132537,79.44429372968584,1598.458,1702.0,21.52524185180664,21.686,0,2,0.0,30.0,53
40969,Lwanh,30.40242181481715,79.42246682499723,1425.8418,1625.0,39.51748275756836,8.655,0,2,0.0,30.0,61
41065,Lwani,30.29943380379415,79.47715902153661,1598.458,2273.0,11.22706127166748,20.17,0,2,0.0,30.0,45
41029,Maharbagti,30.32054328578648,79.33164887829449,1495.1161,1235.0,39.56864929199219,20.463,0,2,0.0,30.0,66
40968,Mahargaon,30.39939087029473,79.43011093419827,1425.8418,1918.0,37.30147171020508,8.865,0,2,0.0,30.0,58
41006,Maithana,30.3690411521689,79.32200105042719,1495.1161,1407.0,34.296424865722656,16.715,0,2,0.0,30.0,59
41003,Majothi,30.37219451124024,79.35239296404121,1495.1161,1726.0,17.07423973083496,14.58,0,2,0.0,30.0,44
40933,Majyu Lagga Bemru,30.461222070126706,79.42695264031673,1425.8418,1226.0,24.948835372924805,2.386,3,2,0.0,30.0,55
40920,Makroli,30.446302115536287,79.29774538009976,1760.8568,2014.0,32.548439025878906,14.252,0,2,0.0,30.0,68
40950,Malanachaknail,30.431206858680792,79.35633084306477,1760.8568,1464.0,17.07423973083496,9.719,0,2,0.0,30.0,55
41051,Manakhi,30.29693370899333,79.40668180886375,1598.458,1959.0,26.135719299316406,20.429,0,2,0.0,30.0,57
40908,Mandal,30.4644103217796,79.27334213572794,1760.8568,1687.0,45.71240615844727,16.211,0,2,0.0,30.0,84
41023,Mason,30.33510778157695,79.31320382799807,1495.1161,889.0,5.643414974212647,20.129,0,2,0.0,30.0,33
41040,Matai,30.325831107159928,79.39183771692508,1598.458,1938.0,22.537822723388672,17.608,0,2,0.0,30.0,55
40936,Math  Jhadeta,30.444746644090404,79.41876328582302,1425.8418,1683.0,31.00071144104004,4.351,1,2,0.0,30.0,56
41018,Matharpal,30.34699270579235,79.34433054614675,1495.1161,1762.0,27.28897857666016,17.328,0,2,0.0,30.0,51
41067,Mathkot,30.28008389426998,79.46849956237934,1598.458,2263.0,15.370205879211426,22.175,0,2,0.0,30.0,48
40988,Mathlaggapilng,30.390026709806406,79.31679454030696,1760.8568,1003.0,36.94569778442383,15.489,0,2,0.0,30.0,74
40954,Mathmalana,30.40951155630997,79.3622351635846,1760.8568,1032.0,37.30934524536133,10.802,0,2,0.0,30.0,75
41019,Maunti bedula,30.34735838091139,79.33093581088586,1495.1161,1323.0,37.05257415771485,18.02,0,2,0.0,30.0,63
41013,Med lagga palethi,30.35390157155254,79.326315549717,1495.1161,1282.0,36.34271240234375,17.712,0,2,0.0,30.0,62
41107,Mokhmalla,30.25215153780754,79.40214598035932,1598.458,1531.0,25.00537872314453,25.401,0,2,0.0,30.0,54
41108,Mokhtala Chak Chaumas,30.22046371153497,79.41094955349243,1598.458,2383.0,39.06684494018555,28.781,0,2,0.0,30.0,69
41105,Mokhtalla,30.260409826647848,79.4005861709944,1598.458,1654.0,28.856788635253903,24.519,0,2,0.0,30.0,58
41046,Motha,30.30947429136908,79.39325392713661,1598.458,1331.0,27.50094985961914,19.326,0,2,0.0,30.0,59
41027,Mutrai,30.33835023532861,79.36194193934769,1495.1161,1392.0,6.424323558807373,17.334,0,2,0.0,30.0,35
40923,Nagartangsa,30.425858615643023,79.30350508109791,1760.8568,1346.0,34.13806915283203,14.48,0,2,0.0,30.0,70
41070,Nagbugar urf farkhet,30.270355972689508,79.44330128465211,1598.458,1518.0,31.84793472290039,23.102,0,2,0.0,30.0,62
40953,Nailmalana,30.413125059332053,79.35778460940922,1760.8568,1060.0,31.761484146118164,10.834,0,2,0.0,30.0,68
41054,Naini Urf Choprakot,30.291957121517463,79.39855176121874,1598.458,1577.0,13.69119644165039,21.112,0,2,0.0,30.0,47
41014,Naitoli,30.35904495753594,79.33972599611272,1495.1161,1707.0,33.36056900024414,16.476,0,2,0.0,30.0,58
41073,Narangi,30.26310717226669,79.47158458992953,1598.458,1559.0,31.99588203430176,24.078,0,2,0.0,30.0,62
41048,Nauna,30.2966645566624,79.38135335347968,1598.458,1253.0,20.198474884033203,20.993,0,2,0.0,30.0,52
40957,Naurakh,30.44208119603147,79.43718448414982,1425.8418,1840.0,48.3187255859375,4.086,1,2,0.0,30.0,74
41004,Nawa lagga majothi,30.368388081328792,79.3442606911703,1495.1161,1705.0,24.721010208129883,15.385,0,2,0.0,30.0,50
40976,Nijmola,30.364315706678287,79.45966889483621,1598.458,1562.0,32.747352600097656,12.805,0,2,0.0,30.0,66
41076,Padairgaon,30.3047975973625,79.53019203354113,1598.458,2361.0,37.10194396972656,21.08,0,2,0.0,30.0,70
40980,Pagana,30.366757923470885,79.53854847570642,1598.458,2145.0,19.9794921875,15.346,0,2,0.0,30.0,54
41050,Pagna,30.318550473292312,79.4332796677877,1598.458,2142.0,30.940635681152344,17.776,0,2,0.0,30.0,62
41090,Pairi,30.27769319887845,79.60929273940083,1598.458,2610.0,34.78647232055664,27.304,0,2,0.0,30.0,64
41012,Palethi,30.359576815890456,79.32036151429678,1495.1161,1158.0,23.578582763671875,17.597,0,2,0.0,30.0,48
40981,Pana,30.378865400887573,79.54828945003548,1425.8418,2330.0,60.02803039550781,14.703,0,2,0.0,30.0,68
41032,Panigair,30.32444569975441,79.35427944979503,1495.1161,1648.0,15.941658973693848,19.043,0,2,0.0,30.0,42
41095,Parnmati,30.23925897008987,79.58617130225704,1598.458,2645.0,21.652700424194336,29.966,0,2,0.0,30.0,50
41123,Patholi Chak Bhainti,30.21054332735116,79.4852419137265,1598.458,2214.0,15.941658973693848,30.026,0,2,0.0,30.0,45
41111,Phali,30.24370099043748,79.43799175068891,1598.458,1740.0,27.09186553955078,26.058,0,2,0.0,30.0,56
40999,Pilang Chatoli,30.378710920599595,79.3161509420578,1760.8568,987.0,21.90982437133789,16.36,0,2,0.0,30.0,58
41037,Punkila,30.31240295168054,79.35653783563939,1495.1161,1170.0,30.95032119750977,20.162,0,2,0.0,30.0,54
41015,Pursari,30.35397925289904,79.34071540454512,1495.1161,1533.0,30.73222541809082,16.877,0,2,0.0,30.0,55
41035,Rajbagti,30.310051586876924,79.33540310913281,1495.1161,1215.0,33.799842834472656,21.294,0,2,0.0,30.0,58
41078,Ramani,30.31553840607124,79.51300228406623,1598.458,2516.0,45.0504035949707,19.351,0,2,0.0,30.0,81
40990,Rangtoli,30.39347431022172,79.34439227252851,1760.8568,1835.0,19.10137367248535,13.271,0,2,0.0,30.0,56
41125,Rani Hat,30.20847612255473,79.45832925843318,1598.458,1741.0,43.26864242553711,30.004,0,2,0.0,30.0,74
40952,Rauligwar,30.415798098712777,79.34863972602776,1760.8568,1337.0,35.868656158447266,11.314,0,2,0.0,30.0,73
40983,Ropa,30.398549189806552,79.27697919633476,1760.8568,2338.0,30.359622955322266,18.12,0,2,0.0,30.0,64
41000,Ropachalthar,30.377334920907025,79.32796858707503,1760.8568,1214.0,55.20120620727539,15.654,0,2,0.0,30.0,85
41007,Saikot,30.36990390339989,79.30564442373326,1495.1161,957.0,7.398581027984619,17.765,0,2,0.0,30.0,35
40929,Sainji,30.40849517269779,79.30479260638995,1760.8568,1099.0,15.904814720153809,15.255,0,2,0.0,30.0,53
41115,Sainti Gunth,30.23335470939085,79.4359047660662,1598.458,2000.0,26.91787910461425,27.208,0,2,0.0,30.0,55
41098,Saitoli,30.266290153567983,79.42703125511375,1598.458,1554.0,43.14577102661133,23.592,0,2,0.0,30.0,77
41030,Sakand,30.324358239012245,79.3409052586886,1495.1161,1288.0,29.006967544555664,19.65,0,2,0.0,30.0,52
40961,Salaraitoli,30.420484011621763,79.4377205329411,1425.8418,1326.0,28.898775100708008,6.47,0,2,0.0,30.0,48
40973,Sanji,30.373096107571342,79.44472077600474,1598.458,1682.0,20.42402076721192,11.717,0,2,0.0,30.0,55
41113,Sarpani,30.24295962045155,79.45874663225695,1598.458,1896.0,23.17543601989746,26.19,0,2,0.0,30.0,53
41025,Sartoli,30.340646960965355,79.34830604755592,1495.1161,1774.0,21.725351333618164,17.729,0,2,0.0,30.0,47
40960,Saudiyani,30.416197042689497,79.44690521352022,1425.8418,1672.0,41.28913879394531,6.955,0,2,0.0,30.0,64
41086,Seek chak geri,30.29251810745627,79.5652782608262,1598.458,2238.0,46.7709846496582,23.822,0,2,0.0,30.0,79
41041,Sema,30.316965651932897,79.37874237535472,1598.458,1724.0,13.412407875061035,18.917,0,2,0.0,30.0,48
41005,Semdugara,30.36687437718299,79.33485000654095,1495.1161,1860.0,17.66655158996582,16.079,0,2,0.0,30.0,44
41097,Sera ,30.27177708363888,79.41244922430917,1598.458,1197.0,23.24757575988769,23.112,0,2,0.0,30.0,54
41036,Simali mangari,30.312545751086898,79.34768642393904,1495.1161,1241.0,32.29608154296875,20.506,0,2,0.0,30.0,56
41034,Simar lagga rajbakti,30.31583675335476,79.33362297648556,1495.1161,1304.0,23.17543601989746,20.817,0,2,0.0,30.0,47
40912,Siroli,30.469165197518706,79.28193176805668,1760.8568,1645.0,20.729047775268555,15.344,0,2,0.0,30.0,57
40930,Siron,30.406513424361737,79.2954013035789,1760.8568,1542.0,37.82099914550781,16.145,0,2,0.0,30.0,75
41069,Sironsar lagga kungjukh,30.27342244687178,79.45193672478165,1598.458,1695.0,28.00696563720703,22.784,0,2,0.0,30.0,58
41088,Sitel,30.273371845246256,79.5445995517719,1598.458,2128.0,35.664100646972656,24.826,0,2,0.0,30.0,66
40987,Sonala,30.38975722055233,79.30258503341238,1760.8568,1467.0,23.978456497192383,16.584,0,2,0.0,30.0,59
41064,Sung,30.29012050465484,79.46675097752144,1598.458,1939.0,22.44920921325684,21.05,0,2,0.0,30.0,54
41043,Suniti,30.304653553345524,79.3682210119698,1495.1161,1218.0,31.94076919555664,20.54,0,2,0.0,30.0,55
41092,Sutol,30.272560062120725,79.62030050258615,1598.458,2279.0,19.861064910888672,28.349,0,2,0.0,30.0,49
40946,Syanachak Kurawa,30.42955373613447,79.36559067939196,1760.8568,1463.0,31.73958396911621,9.094,0,2,0.0,30.0,68
41124,Syari lagga bangali,30.200402400218177,79.48385303936884,1598.458,1964.0,16.51234245300293,31.122,0,2,0.0,30.0,45
40931,Syuna,30.477813499938087,79.41236526468069,1425.8418,1622.0,31.072629928588867,2.785,3,2,0.0,30.0,61
40984,Tairakhansal,30.38529134071424,79.27997062253651,1760.8568,1825.0,33.069175720214844,18.646,0,2,0.0,30.0,68
41059,Tangala,30.279698936557786,79.41444699715227,1598.458,1562.0,22.350040435791016,22.217,0,2,0.0,30.0,54
41091,Tatarlaggasutol,30.27405531240339,79.63534574769936,3826.2017,2525.0,50.01714324951172,29.021,0,2,0.0,30.0,82
40995,Tilfara,30.38473160169808,79.31782403753999,1760.8568,999.0,22.939603805541992,15.794,0,2,0.0,30.0,59
41080,Tunla,30.2915393496878,79.51504435200246,1598.458,1955.0,31.70049476623535,21.921,0,2,0.0,30.0,62
41100,Ustoli,30.26044669701068,79.44456293776408,1598.458,1487.0,29.00024032592773,24.202,0,2,0.0,30.0,58
41081,Vaduk,30.280993628337548,79.51170906878096,1598.458,1880.0,30.45941162109375,22.935,0,2,0.0,30.0,60
41850, Patto (Pemtha),30.181973521047617,79.20122976706342,1495.1161,1361.0,20.923078536987305,40.193,0,2,0.0,30.0,36
41849,Aali Majyari,30.17894958411353,79.1957237459164,1495.1161,1364.0,27.70351791381836,40.773,0,2,0.0,30.0,41
41971,Agar Laga Gawali,30.023562780065536,79.31876336877235,711.58325,1914.0,30.49985885620117,51.818,0,2,0.0,30.0,25
41973,Agar Laga Jinagor,30.02122253969428,79.32220166301387,711.58325,1947.0,27.70351791381836,51.997,0,2,0.0,30.0,22
41835,Airoli,30.19411934823287,79.18856014763637,1495.1161,1794.0,10.605812072753906,39.83,0,2,0.0,30.0,28
41959,Akshawara,30.00280754945959,79.29260626271255,711.58325,1715.0,10.62868309020996,54.666,0,2,0.0,30.0,8
41919,Andrapa,30.031319881576803,79.27275424658264,711.58325,1700.0,2.149451971054077,52.184,0,2,0.0,30.0,4
42025,Bacchuwa Ban Malla,29.9755729356335,79.41480643756374,1199.082,,11.492511749267578,55.834,0,2,0.0,30.0,12
42045,Bacchuwa Ban Talla,29.96762926724185,79.43631962995994,1199.082,,32.441131591796875,56.658,0,2,0.0,30.0,30
41988,Badiya Sem,29.978858683208,79.31894324293552,711.58325,,27.437376022338867,56.651,0,2,0.0,30.0,21
41964,Bajyani,29.978828063636943,79.26129153090255,711.58325,,19.24176406860352,58.064,0,2,0.0,30.0,14
41840,Banaula,30.17647351446015,79.17476709347584,1495.1161,1315.0,17.94900894165039,42.19,0,2,0.0,30.0,33
42018,Banjyani,29.998608494356382,79.42867756567338,1199.082,,19.642822265625,53.236,0,2,0.0,30.0,20
41841,Bareth,30.16143898058061,79.15901326829413,1495.1161,2024.0,29.62816047668457,44.436,0,2,0.0,30.0,41
41862,Bauli Laga Tal,30.17093065554649,79.22927958525001,1495.1161,1637.0,43.83139419555664,39.753,0,2,0.0,30.0,62
41942,Bausar,30.03840325732865,79.30297325221102,711.58325,1874.0,39.05593490600586,50.596,0,2,0.0,30.0,36
41887,Beri Malli,30.135846436901044,79.2491678766901,1495.1161,1482.0,43.06827926635742,42.268,0,2,0.0,30.0,60
41877,Beri Talli,30.142342808189618,79.25513004495141,1495.1161,1735.0,37.50411605834961,41.37,0,2,0.0,30.0,53
41920,Bhains Wara Sain,30.03186746405946,79.28154260723407,711.58325,1586.0,22.278976440429688,51.87,0,2,0.0,30.0,18
41871,Bhalason Urf Jhurkande,30.155190320282017,79.22869235194148,1495.1161,1242.0,37.86790084838867,41.289,0,2,0.0,30.0,53
41999,Bhandari Khor,29.94898815913929,79.31857341770491,711.58325,,29.019062042236328,59.901,0,2,0.0,30.0,21
41980,Bhanot Gwar,29.9982328223426,79.34385381378151,711.58325,,34.31739807128906,54.085,0,2,0.0,30.0,29
41824,Bhatmwali,30.2154371153966,79.15488830353661,1495.1161,2562.0,31.37084579467773,40.132,0,2,0.0,30.0,45
41961,Bheriyana  Laga Lakheri,29.998344615383925,79.2771905341616,711.58325,,13.912993431091309,55.548,0,2,0.0,30.0,10
41966,Bina,29.97105100848748,79.27122298697833,711.58325,,16.555044174194336,58.613,0,2,0.0,30.0,12
41987,Bisara Khet Urf Harsari,29.980936817039872,79.32325996928914,711.58325,,21.5081844329834,56.341,0,2,0.0,30.0,16
41979,Bisarakheta Palla,29.999724725832152,79.32967971007136,711.58325,,24.03152656555176,54.176,0,2,0.0,30.0,19
41820,Bisauna,30.21017165790815,79.1079063763298,1997.9788,2847.0,38.20908737182617,43.753,0,2,0.0,30.0,64
41998,Bukhara Kheta,29.953881540586256,79.32590481809314,711.58325,,30.427698135375977,59.233,0,2,0.0,30.0,23
41855,Bunga,30.14571219773829,79.20705444687317,1495.1161,1491.0,35.98708724975586,43.252,0,2,0.0,30.0,50
41856,Burakholi,30.13775584396128,79.19825404203952,1495.1161,1532.0,15.404109001159668,44.448,0,2,0.0,30.0,29
41907,Chhapali,30.05955316734939,79.23608579786921,711.58325,2007.0,16.415868759155273,50.492,0,2,0.0,30.0,13
41955,Chhari Sain,29.99801472838785,79.2377189561348,711.58325,,22.002422332763672,56.78,0,2,0.0,30.0,16
42007,Chhasiya Kot,29.933832446065463,79.31381691177981,711.58325,,28.451772689819336,61.639,0,2,0.0,30.0,21
41888,Chhimatha,30.127406165864457,79.24433013619573,1495.1161,1457.0,16.180294036865234,43.313,0,2,0.0,30.0,31
41890,Chhina Kulari,30.074136851541724,79.20345164684228,711.58325,2616.0,47.42496109008789,50.355,0,2,0.0,30.0,44
41883,Chorda,30.115572825603053,79.25289459146826,711.58325,1901.0,33.01028823852539,44.152,0,2,0.0,30.0,31
41945,Dadeo Laga Panchali,30.028038643753032,79.29585032940521,711.58325,1445.0,31.86898422241211,51.887,0,2,0.0,30.0,26
41958,Dadiyalgaon Basisen,30.00860226391128,79.28802773247507,711.58325,1774.0,19.364013671875,54.165,0,2,0.0,30.0,15
41917,Danga Laga Pajyana,30.04992613493275,79.27751554192524,711.58325,1554.0,29.72172737121582,50.082,0,2,0.0,30.0,24
41848,Daramoli,30.17054376506812,79.1948519548052,1495.1161,1393.0,24.40066719055176,41.584,0,2,0.0,30.0,38
42046,Dasamiya Gaon,29.96271156014212,79.44554753869103,1199.082,,41.20163345336914,57.202,0,2,0.0,30.0,42
42021,Devpuri,29.98758160405606,79.43953485736543,1199.082,,28.898775100708008,54.445,0,2,0.0,30.0,27
42024,Dewalgarh ,29.98124342700196,79.41751235454095,1199.082,,23.714468002319336,55.195,0,2,0.0,30.0,22
42019,Dewali Jangal,30.001653778687672,79.44829369198051,1199.082,1943.0,38.003639221191406,52.889,0,2,0.0,30.0,39
42041,Dham Dev,29.950490438828897,79.4056963183277,1199.082,,11.75268268585205,58.657,0,2,0.0,30.0,12
41868,Dhamkar,30.16718089263217,79.2177629773324,1495.1161,1217.0,38.63882827758789,40.685,0,2,0.0,30.0,55
41939,Dhargair,30.04761719572573,79.30192228263792,711.58325,1788.0,28.651336669921875,49.639,0,2,0.0,30.0,24
41985,Dhargar,29.99616351232428,79.3144415873629,711.58325,,13.912993431091309,54.871,0,2,0.0,30.0,10
42028,Divadhar,29.962625083593544,79.38558722389382,1199.082,,17.144954681396484,57.463,0,2,0.0,30.0,17
42034,Dobiya Tal,29.944950844493068,79.36604763495862,711.58325,,15.964374542236328,59.613,0,2,0.0,30.0,11
41884,Doltu,30.11512098121253,79.24092618177282,711.58325,1588.0,13.968168258666992,44.683,0,2,0.0,30.0,14
41997,Dugara Laga Sahankot,29.96314158963013,79.32580839667862,711.58325,,28.325653076171875,58.227,0,2,0.0,30.0,21
41873,Dugda Sera,30.152265747501183,79.24562114805805,1495.1161,2094.0,39.6910400390625,40.795,0,2,0.0,30.0,56
41918,Dungri,30.04207159007093,79.27716288011477,711.58325,1650.0,20.795534133911133,50.919,0,2,0.0,30.0,17
41900,Farakande Talli,30.07540992360326,79.25762023906836,711.58325,1783.0,33.68353271484375,48.079,0,2,0.0,30.0,30
41899,Farkande Malli,30.07619787570356,79.2736736501367,711.58325,1784.0,15.67354965209961,47.45,0,2,0.0,30.0,14
41976,Farson,30.00846193830255,79.32864557571186,711.58325,1996.0,29.25002098083496,53.248,0,2,0.0,30.0,23
42031,Gadauta,29.962595811089503,79.35713526196535,711.58325,,45.909812927246094,57.786,0,2,0.0,30.0,42
41937,Gadoli,30.056608072103305,79.29543671673373,711.58325,1760.0,26.983551025390625,48.856,0,2,0.0,30.0,22
41930,Gair,30.0683224132578,79.31652072491794,711.58325,2350.0,26.29304313659668,47.055,0,2,0.0,30.0,23
41924,Ganwali,30.053712841185483,79.28639865248385,711.58325,1612.0,20.909502029418945,49.419,0,2,0.0,30.0,17
41954,Gaul,30.01430385792104,79.25221238766997,711.58325,2147.0,21.91492462158203,54.608,0,2,0.0,30.0,17
41904,Ghandiyal lagga chhapali,30.04719795159448,79.19625118030194,711.58325,2546.0,34.234413146972656,53.337,0,2,0.0,30.0,29
42044,Ghuma Khet Malla,29.96339157739905,79.42377372795019,1199.082,,14.829827308654783,57.151,0,2,0.0,30.0,15
41822,Giratoli,30.215348294131875,79.13117923830464,1495.1161,2421.0,41.00814056396485,41.737,0,2,0.0,30.0,57
41842,Giwar,30.171622528073893,79.1779274017589,1495.1161,1311.0,21.90982437133789,42.437,0,2,0.0,30.0,36
42010,Gogana Malla,29.934950429625427,79.32274949424452,711.58325,,20.5105209350586,61.351,0,2,0.0,30.0,14
42011,Gogana Talla,29.93385923342379,79.31947089488523,711.58325,,26.16071510314941,61.53,0,2,0.0,30.0,19
41932,Gwar,30.07089982927786,79.29122483378147,711.58325,1879.0,21.28371810913086,47.462,0,2,0.0,30.0,18
41878,Hali Sera Urf Adibadari,30.146216946788645,79.24186553652059,1495.1161,1708.0,46.09850692749024,41.557,0,2,0.0,30.0,63
41858,Haragaon,30.18061401614533,79.21665368197066,1495.1161,1128.0,26.20605087280273,39.486,0,2,0.0,30.0,41
41969,Haragarh,29.974642928632537,79.28937382111395,711.58325,,13.358976364135742,57.763,0,2,0.0,30.0,9
41967,Hargarh Laga Jaugrh,29.98526610102808,79.28043976573053,711.58325,,26.315933227539062,56.853,0,2,0.0,30.0,20
41994,Hislani,29.95682417956108,79.28945795770795,711.58325,,7.370670318603516,59.674,0,2,0.0,30.0,4
41990,Hulan kot walla,29.967159152396107,79.29533649050997,711.58325,,15.370205879211426,58.426,0,2,0.0,30.0,11
41991,Hularkot Palla,29.963156277085297,79.29307355154134,711.58325,,15.420641899108888,58.909,0,2,0.0,30.0,10
41870,Jaim,30.16209246145204,79.22623403512664,1495.1161,1301.0,34.789554595947266,40.745,0,2,0.0,30.0,50
41933,Jaitoli Laga Gwar,30.065106963183684,79.2939789399537,711.58325,1850.0,26.16071510314941,47.995,0,2,0.0,30.0,22
41825,Jakhet,30.2011520705454,79.13337759644124,1495.1161,2262.0,50.67730331420898,42.707,0,2,0.0,30.0,62
42023,Jaul Chaura Malla,29.978912508598302,79.42763678869126,1199.082,,19.637725830078125,55.421,0,2,0.0,30.0,19
42015,Jaul Chaura Talla,29.994863593535683,79.39389893603968,1199.082,,26.38127899169922,53.832,0,2,0.0,30.0,25
42047,Jhuma Khet Talla,29.960322929393048,79.43730392709735,1199.082,,9.715786933898926,57.467,0,2,0.0,30.0,11
41977,Jinagor,30.00936728085671,79.31213573039696,711.58325,1444.0,40.08912658691406,53.497,0,2,0.0,30.0,37
41861,Julgar,30.1701843893062,79.23892926266736,1495.1161,1872.0,38.95500183105469,39.357,0,2,0.0,30.0,56
42002,Jwalagiri Kalyan,29.94366815256837,79.28939353480534,711.58325,,28.127178192138672,61.091,0,2,0.0,30.0,20
41829,Kaflori,30.202271645325222,79.16109276306383,1495.1161,2008.0,23.75881767272949,40.811,0,2,0.0,30.0,38
41846,Kaira,30.154288995581943,79.18897816468882,1495.1161,1623.0,25.02488899230957,43.391,0,2,0.0,30.0,38
42027,Kalchunda,29.966532933832028,79.40796497483538,1199.082,,47.12826919555664,56.869,0,2,0.0,30.0,47
42035,Kali Mati,29.938091181927906,79.37849845076637,1199.082,,45.04513168334961,60.235,0,2,0.0,30.0,46
42026,Kalu Bisht Sera,29.969015201949304,79.42549460605917,1199.082,,44.8860969543457,56.523,0,2,0.0,30.0,47
42000,Kalyana Talla,29.947261554408943,79.30986963747495,711.58325,,27.44430923461914,60.259,0,2,0.0,30.0,20
41995,Kalyana malla (Lali Kalyani),29.959066440854027,79.3071317560144,711.58325,,21.567089080810547,59.038,0,2,0.0,30.0,15
41828,Kalyari Talli,30.205495887374383,79.18156018057655,1495.1161,1935.0,12.568215370178224,39.262,0,2,0.0,30.0,30
41923,Kamand,30.04851062620956,79.28545658582996,711.58325,1493.0,5.107241630554199,49.996,0,2,0.0,30.0,5
41854,Kand Laga Kansuwa,30.156256918837087,79.21678286473943,1495.1161,1603.0,20.769073486328125,41.767,0,2,0.0,30.0,35
42017,Kandari Khor,29.99523102764349,79.4149984321925,1199.082,,18.87505531311035,53.657,0,2,0.0,30.0,19
41847,Kansuwa,30.161922302934627,79.19199543901885,1495.1161,1547.0,29.254838943481445,42.528,0,2,0.0,30.0,41
41860,Khal Kumkhori,30.179918030429427,79.24164971711316,1495.1161,1490.0,36.76748275756836,38.291,0,2,0.0,30.0,54
41892,Khan gwar Sera,30.078203449585423,79.23056312740158,711.58325,2286.0,30.02437973022461,48.814,0,2,0.0,30.0,25
41940,Khatriyana,30.04708606377041,79.29312187802573,711.58325,1561.0,21.49403953552246,49.931,0,2,0.0,30.0,18
41845,Khet,30.14472608959621,79.19167414730981,1495.1161,1524.0,31.48860740661621,44.133,0,2,0.0,30.0,43
41875,Kheti,30.151107695190607,79.26868656590398,1495.1161,2132.0,24.48176956176757,39.936,0,2,0.0,30.0,39
41823,Kheti Laga Kirasal,30.20962637420624,79.13536968092619,1495.1161,2727.0,41.31925964355469,41.9,0,2,0.0,30.0,58
41992,Khinsar,29.96715199525137,79.30285418504776,711.58325,,16.313833236694336,58.256,0,2,0.0,30.0,11
41831,Kirasal,30.191685609865303,79.1478051931056,1495.1161,2056.0,40.92544174194336,42.537,0,2,0.0,30.0,57
41975,Kolakhi Gwar,30.01282476192328,79.34303470822543,711.58325,1550.0,51.0655403137207,52.507,0,2,0.0,30.0,44
42042,Kolani,29.94807662515944,79.41402078999225,1199.082,,29.67522430419922,58.882,0,2,0.0,30.0,26
41929,Koliyana Laga Dhargair,30.07638727079369,79.31664217226957,711.58325,2337.0,23.04251289367676,46.188,0,2,0.0,30.0,20
42040,Kot,29.955483241266105,79.40885088261142,1199.082,,33.938209533691406,58.087,0,2,0.0,30.0,32
42003,Kotha,29.933730895251102,79.28845520843427,711.58325,,21.00354766845703,62.182,0,2,0.0,30.0,15
41922,Kothar,30.04275451287242,79.28453141339912,711.58325,1469.0,15.964374542236328,50.632,0,2,0.0,30.0,13
41908,Kulagar,30.056031763209884,79.2492964842273,711.58325,1839.0,23.658472061157227,50.371,0,2,0.0,30.0,19
41927,Kumeli Laga Saliyana,30.077472952381672,79.29254810675812,711.58325,1984.0,40.6681022644043,46.729,0,2,0.0,30.0,40
41912,Kumoli Raiwan,30.059656759114407,79.27292013792497,711.58325,1623.0,17.881000518798828,49.203,0,2,0.0,30.0,15
41965,Kunakhet,29.96626312597267,79.25497497373127,711.58325,,20.767295837402344,59.575,0,2,0.0,30.0,15
41896,Kuneli Laga Marora,30.089930918872383,79.28965601295057,711.58325,2123.0,32.4627685546875,45.505,0,2,0.0,30.0,29
42004,Kunigar Bichli,29.93090292909772,79.3004568351644,711.58325,,32.29608154296875,62.225,0,2,0.0,30.0,25
42001,Kunigar Malli,29.94524235449235,79.30081728744192,711.58325,,28.44812393188477,60.667,0,2,0.0,30.0,21
42009,Kunigar Talli,29.94262311187672,79.32329002808915,711.58325,,23.86432266235352,60.506,0,2,0.0,30.0,17
42043,Kushrani Bichali,29.95631801476952,79.41782513907091,1199.082,,18.97113800048828,57.954,0,2,0.0,30.0,18
42050,Kushrani Malli,29.949913119197618,79.42364860350128,1199.082,,34.46232223510742,58.645,0,2,0.0,30.0,32
42048,Kushrani Talli,29.95780274811453,79.42872547904219,1199.082,,10.140297889709473,57.758,0,2,0.0,30.0,11
41957,Kwilakh,30.003363541112787,79.27060766820841,711.58325,1745.0,20.193906784057617,55.2,0,2,0.0,30.0,15
42020,Lakhan,30.01069334235935,79.45961246451697,1199.082,1933.0,9.715786933898926,51.912,0,2,0.0,30.0,12
41960,Lakheri,29.989362188240552,79.29431273373717,711.58325,,22.04344940185547,56.064,0,2,0.0,30.0,17
42051,Lam Bagar,29.94112839710898,79.42466524790154,1199.082,,28.48303604125977,59.615,0,2,0.0,30.0,25
41882,Langtai,30.11238734710349,79.22069918638711,711.58325,1877.0,26.76680374145508,45.825,0,2,0.0,30.0,23
42036,Latu Gair,29.95047594918121,79.38403440948005,1199.082,,39.40273284912109,58.817,0,2,0.0,30.0,39
41978,Latudhar,30.00150148803339,79.31066822297952,711.58325,1456.0,26.008861541748047,54.378,0,2,0.0,30.0,20
41986,Maikholi,29.989725710037018,79.30966149053609,711.58325,,28.589252471923828,55.67,0,2,0.0,30.0,22
41905,Majerasar,30.05846088029618,79.22181739772944,711.58325,2503.0,36.65066146850586,51.155,0,2,0.0,30.0,33
41844,Majyari Malli,30.14175631027515,79.17442441175187,1495.1161,1740.0,33.49570846557617,45.329,0,2,0.0,30.0,45
41834,Malai,30.198062348876068,79.17758933994533,1495.1161,2026.0,14.496944427490234,40.142,0,2,0.0,30.0,31
41876,Malasi,30.13424637913424,79.27461901981376,1495.1161,2184.0,37.96195602416992,41.42,0,2,0.0,30.0,53
41836,Malethi,30.186336623803083,79.20043928602765,1495.1161,1470.0,18.030981063842773,39.842,0,2,0.0,30.0,34
41853,Malgur,30.15861605480908,79.20811428115682,1495.1161,1564.0,37.72749710083008,41.983,0,2,0.0,30.0,53
42030,Malkot,29.95790329581588,79.36733038370348,711.58325,,42.84051132202149,58.173,0,2,0.0,30.0,39
41947,Manda Laga Siman,30.02416769312111,79.30447575602824,711.58325,1519.0,32.41825866699219,52.084,0,2,0.0,30.0,27
41897,Marora,30.08474415394852,79.26542862925777,711.58325,2022.0,15.817790031433104,46.841,0,2,0.0,30.0,14
41963,Maso Sera,29.98832432209524,79.26471013294447,711.58325,,33.03120803833008,56.961,0,2,0.0,30.0,27
41916,Mathakot,30.03842080859603,79.26840752986048,711.58325,1686.0,27.96378326416016,51.57,0,2,0.0,30.0,22
41837,Mathar,30.18621125190821,79.18681239319949,1495.1161,1662.0,16.712961196899414,40.629,0,2,0.0,30.0,33
41915,Mathkot Khal,30.03282510515602,79.25892785829937,711.58325,1856.0,23.978456497192383,52.456,0,2,0.0,30.0,19
41830,Matiyala Laga Kirsal,30.18946324657029,79.16458452926577,1495.1161,1665.0,36.75848388671875,41.674,0,2,0.0,30.0,52
41833,Mauni Daduwa,30.188216267391528,79.17369298949563,1495.1161,1770.0,17.708772659301758,41.228,0,2,0.0,30.0,33
41983,Mehal Chauri,29.980976196924683,79.3327440100731,711.58325,,48.302642822265625,56.159,0,2,0.0,30.0,43
41910,Mehargaon,30.028335390379944,79.24044882789865,711.58325,2126.0,26.29304313659668,53.542,0,2,0.0,30.0,21
41901,Melbagar,30.07588791907217,79.241551524484,711.58325,1947.0,31.00994873046875,48.62,0,2,0.0,30.0,26
41852,Miroli,30.171277926237284,79.20907293188662,1495.1161,1321.0,6.489667892456055,40.752,0,2,0.0,30.0,24
41996,Morpani,29.96292024359954,79.31791155705417,711.58325,,17.049081802368164,58.401,0,2,0.0,30.0,12
41944,Muson,30.03328682344045,79.2910127951286,711.58325,1463.0,27.099897384643555,51.456,0,2,0.0,30.0,22
41865,Nagali,30.17126893727604,79.22166443720718,1495.1161,1384.0,30.566146850585938,40.102,0,2,0.0,30.0,44
42022,Nail,29.979196470192942,79.43923085818871,1199.082,,27.231443405151367,55.374,0,2,0.0,30.0,25
41911,Nail Laga Farakande,30.061129190716866,79.26391907584083,711.58325,1728.0,14.65050220489502,49.342,0,2,0.0,30.0,12
42039,Naini,29.9558654322526,79.39846665308973,1199.082,,19.32328414916992,58.107,0,2,0.0,30.0,18
41952,Naugaon Malla,30.026760856789863,79.28571987265686,711.58325,1506.0,31.54672622680664,52.294,0,2,0.0,30.0,26
42037,Naugaon Talla,29.940141049599568,79.39610368026423,1199.082,,26.144651412963867,59.862,0,2,0.0,30.0,23
41851,Nauna,30.182331334646616,79.21130260371996,1495.1161,1348.0,16.94384765625,39.612,0,2,0.0,30.0,33
41913,Pajyana,30.04367201155112,79.257561810651,711.58325,1800.0,26.6868839263916,51.369,0,2,0.0,30.0,21
41867,Pajyana Kumar,30.165886441714168,79.21214601612185,1495.1161,1337.0,32.25566864013672,41.094,0,2,0.0,30.0,46
41881,Pajyana Malla,30.122202233719367,79.21808182080605,711.58325,1844.0,16.11028480529785,44.982,0,2,0.0,30.0,15
42014,Pala Bagar,29.9934471114744,79.3839962064523,1199.082,,36.81509780883789,54.077,0,2,0.0,30.0,37
41951,Panchali,30.019235806586213,79.29445991715502,711.58325,1550.0,30.275293350219727,52.863,0,2,0.0,30.0,24
41857,Pandav,30.12858083948696,79.19982174123125,1495.1161,1766.0,39.7671127319336,45.239,0,2,0.0,30.0,54
41906,Paramghat  Laga Chhapali,30.0435195172212,79.21345083886416,711.58325,2289.0,34.83968734741211,52.997,0,2,0.0,30.0,30
41894,Parawari,30.098523658269432,79.19772003705324,711.58325,2353.0,27.246856689453125,48.228,0,2,0.0,30.0,23
41953,Patal Chaura,30.01864713632349,79.28022536302406,711.58325,1726.0,18.861684799194336,53.308,0,2,0.0,30.0,15
41832,Peb,30.17842808453231,79.15792683573235,1495.1161,1474.0,44.10816192626953,43.026,0,2,0.0,30.0,61
41843,Pindawali,30.15038718470749,79.16246825462092,1495.1161,2005.0,32.067649841308594,45.215,0,2,0.0,30.0,44
41934,Pitoti lagga gain,30.06109534440672,79.29371067469599,711.58325,1635.0,21.232336044311523,48.428,0,2,0.0,30.0,18
41821,Pungaon,30.20517983667422,79.11546867361729,1997.9788,2514.0,30.17773056030273,43.607,0,2,0.0,30.0,54
41880,Pyura,30.136089064908283,79.22145250651297,1495.1161,1793.0,42.47001647949219,43.477,0,2,0.0,30.0,58
41891,Ramara Malla,30.08159717902348,79.2091956051308,711.58325,2394.0,27.09186553955078,49.367,0,2,0.0,30.0,22
41970,Ramara Talla,30.026510464401795,79.31230455878291,711.58325,1895.0,42.812984466552734,51.646,0,2,0.0,30.0,41
41874,Randoli,30.157938419628703,79.25120546404442,1495.1161,2088.0,23.533403396606445,39.989,0,2,0.0,30.0,39
41993,Rangchaura,29.96918210435067,79.31635060726568,711.58325,,19.642822265625,57.753,0,2,0.0,30.0,14
41926,Rikholi,30.06522797058953,79.28398384819451,711.58325,1626.0,26.16071510314941,48.275,0,2,0.0,30.0,22
41872,Ritha Mangari,30.15217765511272,79.23257880830892,1495.1161,1381.0,27.606958389282227,41.397,0,2,0.0,30.0,41
41935,Rithiya,30.06476581133367,79.30852831526107,711.58325,2139.0,36.34712219238281,47.637,0,2,0.0,30.0,34
41839,Rithola,30.17890542761125,79.17149437340477,1495.1161,1320.0,8.730931282043457,42.169,0,2,0.0,30.0,25
41962,Rohira,29.982594143310312,79.23883853617995,711.58325,,24.814395904541016,58.352,0,2,0.0,30.0,18
42032,Roykot,29.962434637698944,79.3487134972032,711.58325,,34.05006408691406,57.923,0,2,0.0,30.0,28
41902,Ruriya Tal,30.07069048745062,79.22284811087837,711.58325,2455.0,19.406719207763672,49.881,0,2,0.0,30.0,16
42006,Sahajkot,29.937228340711965,79.30675848236515,711.58325,,22.693347930908203,61.41,0,2,0.0,30.0,16
41943,Sainji,30.030657676905,79.30435836757309,711.58325,1789.0,37.3836555480957,51.391,0,2,0.0,30.0,34
41928,Saliyana,30.079865897418184,79.30479780828925,711.58325,2301.0,30.71749687194824,46.127,0,2,0.0,30.0,27
41972,Saner Laga Jingor,30.01325640705975,79.30929446263043,711.58325,1417.0,29.32508850097656,53.142,0,2,0.0,30.0,23
41895,Sare Gwar,30.091851464147663,79.27383160259768,711.58325,1993.0,21.41177749633789,45.816,0,2,0.0,30.0,19
42016,Saring Gaon,29.99422423583459,79.40377540232716,1199.082,,42.76078796386719,53.83,0,2,0.0,30.0,45
41893,Sarkot,30.09253649383807,79.23408521428874,711.58325,2294.0,25.41725349426269,47.228,0,2,0.0,30.0,22
41982,Sarowar,29.97804264525656,79.34027816339376,711.58325,,35.467262268066406,56.349,0,2,0.0,30.0,30
42033,Sera,29.951120340268133,79.35790119933623,711.58325,,16.3857421875,59.036,0,2,0.0,30.0,11
41909,Silakot,30.031423123575458,79.22306929447288,711.58325,2035.0,21.5081844329834,53.853,0,2,0.0,30.0,17
41989,Silanga/Silangi,29.976492928692885,79.30568867877975,711.58325,,24.948835372924805,57.186,0,2,0.0,30.0,19
41941,Silangi,30.04112665352269,79.29350320073343,711.58325,1644.0,11.14664363861084,50.554,0,2,0.0,30.0,9
41885,Silapata,30.12033369942645,79.23108011911297,711.58325,1917.0,23.12531852722168,44.584,0,2,0.0,30.0,21
41866,Simali Laga Nagali,30.17340480748403,79.21579741050382,1495.1161,1184.0,19.67534828186035,40.202,0,2,0.0,30.0,35
41946,Siman Malla,30.027077019853223,79.30052299121905,711.58325,1492.0,11.809632301330566,51.87,0,2,0.0,30.0,9
41949,Siman Talla,30.012416206913453,79.29993899641588,711.58325,1639.0,10.08547592163086,53.455,0,2,0.0,30.0,8
42008,Simliya Lagga Kunigar,29.94132242333032,79.312834225245,711.58325,,30.401094436645508,60.845,0,2,0.0,30.0,22
41936,Sinatoli,30.058689149145103,79.30416733311726,711.58325,2070.0,16.322511672973633,48.399,0,2,0.0,30.0,14
41889,Sirana,30.1236630292452,79.26424515306675,711.58325,1954.0,39.29592514038086,42.891,0,2,0.0,30.0,40
41938,Soniyana,30.053382657547147,79.30050922673034,711.58325,1948.0,18.87505531311035,49.061,0,2,0.0,30.0,16
41886,Sugar,30.128746169437264,79.2306069725747,1495.1161,1640.0,36.75242233276367,43.775,0,2,0.0,30.0,51
41948,Sumerpur,30.01880833148752,79.30748662525967,711.58325,1369.0,20.923078536987305,52.587,0,2,0.0,30.0,16
41869,Syalkot,30.15872010399251,79.22337772692502,1495.1161,1299.0,27.483577728271484,41.207,0,2,0.0,30.0,41
41981,Syuni Talli,29.987706538384405,79.3451710810675,711.58325,,7.204864978790283,55.213,0,2,0.0,30.0,5
41974,Syunimalli,30.017533501737947,79.33149041912316,711.58325,1770.0,23.728302001953125,52.207,0,2,0.0,30.0,19
42038,Taituna,29.94944166543105,79.39667389766075,1199.082,,32.41825866699219,58.83,0,2,0.0,30.0,30
41859,Tal,30.18081781408876,79.22511351076179,1495.1161,1450.0,36.22651290893555,39.028,0,2,0.0,30.0,53
41898,Tal Gaon,30.077278188755667,79.28515292744585,711.58325,1837.0,33.5583381652832,46.973,0,2,0.0,30.0,30
41984,Thala,29.990955263593445,79.32966624973103,711.58325,,25.87483787536621,55.13,0,2,0.0,30.0,20
41864,Thapali,30.166482406570168,79.22853794061321,1495.1161,1584.0,25.976354598999023,40.214,0,2,0.0,30.0,40
42005,Timil Gair,29.93223136427197,79.30732727458077,711.58325,,27.822959899902344,61.94,0,2,0.0,30.0,20
42029,Tollyu Chak latugair,29.961449233794088,79.37557012788317,1199.082,,54.50312805175781,57.69,0,2,0.0,30.0,47
42049,Uttari Jhuma Khet,29.949332521636737,79.43153681267553,1199.082,,23.24757575988769,58.692,0,2,0.0,30.0,21
41956,Wadiyari Laga Kwilakh,30.00211248973696,79.25701360257855,711.58325,1961.0,17.779081344604492,55.735,0,2,0.0,30.0,13
41950,Wasi Sem Laga Lakheri,30.01197567389511,79.2947011810365,711.58325,1649.0,20.46185111999512,53.632,0,2,0.0,30.0,16
41968,Wasisem Laga Akshawara,29.9887690369771,79.28389247604524,711.58325,,34.19600296020508,56.389,0,2,0.0,30.0,28
40859,Aira,30.53011016673557,79.6213867026707,1425.8418,3074.0,36.23003387451172,15.965,0,2,0.0,30.0,56
40811,Arurhi Paturi,30.66670560378584,79.52491236150496,1567.8506,2612.0,51.32213973999024,20.048,0,2,0.0,30.0,79
40826,Auli Laga Joshimath,30.538302261139485,79.55177021699593,1425.8418,2754.0,23.774986267089844,10.157,0,2,0.0,30.0,44
40827,Auli Laga Salud Dugra,30.510869055319223,79.56767083277833,1425.8418,3284.0,2.1412813663482666,10.443,0,2,0.0,30.0,29
40887,Bampa,30.74973036024275,79.81396823706055,2084.3225,4086.0,35.40143585205078,44.336,0,2,0.0,30.0,61
40864,Bara gaon,30.503732880154303,79.58843723514505,1425.8418,3098.0,25.572858810424805,12.279,0,2,0.0,30.0,45
40852,Bhalgaon,30.57481113185468,79.70648894816532,2444.1875,4331.0,23.27646446228028,25.3,0,2,0.0,30.0,58
40875,Bhangyul,30.510044628030908,79.65201599745289,2444.1875,2939.0,32.69123458862305,18.42,0,2,0.0,30.0,70
40818,Bharkichak-Urgam,30.56064183287831,79.45231318939794,1425.8418,2898.0,31.616039276123047,6.961,0,2,0.0,30.0,51
40819,Bheta Chak Urgam,30.54511640033637,79.49864594224445,1425.8418,2105.0,52.15141296386719,6.917,0,2,0.0,30.0,69
40812,Bhyudar,30.6715542191554,79.57593952425742,1567.8506,3527.0,51.4921989440918,22.712,0,2,0.0,30.0,78
40871,Bilagar,30.49022591704861,79.60932407824463,1425.8418,2316.0,59.38581466674805,14.196,0,2,0.0,30.0,68
40816,Chaien,30.56897072235073,79.54133683773092,1425.8418,1719.0,29.46971702575684,11.534,0,2,0.0,30.0,48
40872,Chamtoli,30.49978283372061,79.61834801231943,1425.8418,1883.0,25.59833335876465,15.098,0,2,0.0,30.0,44
40847,Darmi,30.4563562330952,79.50114059887413,1425.8418,2017.0,17.1218204498291,5.207,0,2,0.0,30.0,39
40866,Dhak,30.506742350700595,79.604623282036,1425.8418,2279.0,24.96253776550293,13.861,0,2,0.0,30.0,44
40902,Dronagiri,30.58771402607123,79.86143128592153,2444.1875,3950.0,24.651784896850582,39.859,0,2,0.0,30.0,52
40829,Dumak,30.51963361883869,79.3788805047031,1425.8418,3116.0,36.24349594116211,6.694,0,2,0.0,30.0,57
40838,Dwing,30.48599409054201,79.46505067401681,1425.8418,1264.0,49.51821899414063,0.456,3,2,0.0,30.0,80
40903,F-1,30.556043726980263,79.60422931500042,1425.8418,2869.0,46.03223037719727,15.506,0,2,0.0,30.0,68
40895,Farkiagaon,30.72299118011279,79.78451396977164,2084.3225,4173.0,46.770957946777344,40.274,0,2,0.0,30.0,76
40874,Gahar,30.516201081365363,79.63705723585923,2444.1875,3370.0,25.59274673461914,17.095,0,2,0.0,30.0,63
40888,Gamsali,30.771952869813067,79.81467699266987,2084.3225,4530.0,51.07464599609375,46.006,0,2,0.0,30.0,73
40851,Ganai,30.457847427987108,79.53968142431668,1425.8418,2815.0,23.20695686340332,8.259,0,2,0.0,30.0,43
40901,Garpak,30.64161722129404,79.85672011920879,2084.3225,4338.0,32.08119201660156,41.446,0,2,0.0,30.0,58
40825,Gaunkh Laga Sailang,30.54784320898849,79.54116573164018,1425.8418,2133.0,26.797252655029297,9.932,0,2,0.0,30.0,46
40840,Gulabkoti,30.50550461932669,79.4997206046129,1425.8418,2093.0,44.84908676147461,4.031,3,2,0.0,30.0,79
40890,Gurguti,30.77487252822192,79.87661067024877,2529.5007,4393.0,42.28868103027344,50.753,0,2,0.0,30.0,68
40822,Hailang,30.51500847771976,79.50786033033775,1425.8418,1793.0,22.031965255737305,5.215,0,2,0.0,30.0,43
40833,Jakhola,30.508108739319347,79.45902384310627,1425.8418,2414.0,39.7671127319336,1.407,3,2,0.0,30.0,73
40897,Jalam,30.64068727755709,79.7725559475783,2084.3225,3759.0,40.43790435791016,34.168,0,2,0.0,30.0,73
40844,Jalgwar,30.465556270335977,79.46199443553107,1425.8418,1714.0,26.38127899169922,2.306,3,2,0.0,30.0,57
40879,Jugaju chak lata,30.498118606229344,79.69731874497252,2444.1875,2637.0,67.15180206298828,22.659,0,2,0.0,30.0,85
40898,Jumma,30.61244378702084,79.78900103236602,2444.1875,3511.0,20.58991241455078,34.205,0,2,0.0,30.0,52
40878,Juwagwar,30.503442975087548,79.67016427993674,2444.1875,2985.0,61.26910781860352,20.087,0,2,0.0,30.0,86
40900,Kaga Laga Dronagiri,30.606700974007737,79.82379880912269,2444.1875,3420.0,41.70449447631836,37.07,0,2,0.0,30.0,73
40893,Kailashpur,30.70570811193141,79.8659490137823,2084.3225,2961.0,32.88653945922852,45.531,0,2,0.0,30.0,57
40830,Kalgoth,30.52020169022344,79.41433053177592,1425.8418,2725.0,34.38278579711914,3.825,3,2,0.0,30.0,65
40876,Karachhon,30.47837460460736,79.62735161926969,2444.1875,2517.0,38.46706008911133,15.969,0,2,0.0,30.0,78
40870,Karchi,30.48059485458059,79.61518915638817,1425.8418,2260.0,28.598464965820312,14.787,0,2,0.0,30.0,47
40862,Khancha malla,30.532110663398644,79.5944508093925,1425.8418,2120.0,44.8609619140625,13.572,0,2,0.0,30.0,68
40861,Khancha talla,30.51971933500546,79.5866716894699,1425.8418,2644.0,24.781423568725582,12.448,0,2,0.0,30.0,44
40809,Khiron,30.67127712694561,79.40911071043945,1567.8506,4824.0,33.201229095458984,19.543,0,2,0.0,30.0,63
40834,Kimana,30.499545743862463,79.45487657815545,1425.8418,2359.0,25.92288398742676,0.444,3,2,0.0,30.0,56
40896,Kosa,30.681585864837253,79.80564835342528,2084.3225,4496.0,32.25852966308594,39.216,0,2,0.0,30.0,59
40867,Kundikhola,30.486491270254795,79.59202800467057,1425.8418,2839.0,29.77539253234864,12.538,0,2,0.0,30.0,48
40858,Kuraipani,30.531037482003583,79.6595833980196,2444.1875,3994.0,48.91613006591797,19.539,0,2,0.0,30.0,86
40841,Langsi,30.49140789189444,79.49057153859071,1425.8418,1781.0,46.19669723510742,2.8,3,2,0.0,30.0,79
40836,Lanji,30.48019405954488,79.44522395343256,1425.8418,1688.0,26.63874626159668,0.216,3,2,0.0,30.0,57
40880,Lata,30.484065293467324,79.7437799322399,2444.1875,3604.0,40.81684494018555,27.107,0,2,0.0,30.0,77
40853,Longsagari,30.57097989077744,79.8030148224582,2444.1875,3452.0,73.90379333496094,33.966,0,2,0.0,30.0,79
40820,Lyari Thana,30.52744184850896,79.47149957165904,1425.8418,2098.0,24.021404266357425,3.859,3,2,0.0,30.0,55
40891,Mahargaon,30.732027350017223,79.87836862603594,2529.5007,4157.0,38.16706848144531,48.104,0,2,0.0,30.0,63
40892,Malari,30.692270992406726,79.89915186992141,2529.5007,3543.0,48.32848739624024,47.556,0,2,0.0,30.0,73
40808,Mana,30.75803418103996,79.49865980005383,1567.8506,3121.0,6.029731273651123,29.233,0,2,0.0,30.0,36
40846,Marwadi Chak Pakhi,30.45088295045858,79.47124450775532,1425.8418,2502.0,36.98665237426758,4.14,2,2,0.0,30.0,67
40863,Merag,30.516988180054128,79.60632927549646,1425.8418,2032.0,41.41670227050781,14.213,0,2,0.0,30.0,63
40850,Molta,30.479338632090183,79.53882269709419,1425.8418,2843.0,55.37022018432617,7.502,0,2,0.0,30.0,69
40883,Morana Chak Subhai,30.451618561109285,79.7049245659796,2444.1875,3378.0,25.73947525024414,23.737,0,2,0.0,30.0,61
40889,Niti,30.78412725256437,79.84745877204773,2084.3225,4049.0,40.73093795776367,49.249,0,2,0.0,30.0,66
40848,Noligwar,30.477384318793675,79.51164374486179,1425.8418,1749.0,56.898284912109375,4.983,1,2,0.0,30.0,74
40849,Pagnau,30.495747880016403,79.5189188412855,1425.8418,2659.0,19.623241424560547,5.549,0,2,0.0,30.0,41
40855,Pagrasu,30.538406293167466,79.7741870190516,2444.1875,3991.0,39.805362701416016,30.48,0,2,0.0,30.0,74
40823,Paini,30.52685795226281,79.52971880010239,1425.8418,1791.0,26.71257400512696,7.69,0,2,0.0,30.0,46
40845,Pakhi,30.457925157919288,79.44596331822373,1425.8418,1494.0,20.769073486328125,2.349,3,2,0.0,30.0,52
40832,Palla,30.51475144107758,79.47226806084565,1425.8418,2332.0,33.1843147277832,2.735,3,2,0.0,30.0,64
40813,Pandukaswar,30.63592218096684,79.53822835506801,1567.8506,2167.0,46.27008056640625,17.477,0,2,0.0,30.0,79
40882,Pang Chak Lata,30.4615441500476,79.73314696380737,2444.1875,2528.0,26.55104255676269,26.259,0,2,0.0,30.0,60
40865,Payya chormi,30.5112626189131,79.5988461865997,1425.8418,2482.0,29.72172737121582,13.388,0,2,0.0,30.0,48
40835,Pokhani Urf Pokhari,30.47968058302888,79.42897467923879,1425.8418,2093.0,36.438018798828125,1.187,3,2,0.0,30.0,68
40814,Pulana Chak Bhyudar,30.62996161979615,79.5742901135252,1567.8506,2455.0,49.68893814086914,18.779,0,2,0.0,30.0,79
40869,Raigari,30.44555489491737,79.62135929972446,1425.8418,3285.0,22.010528564453125,16.086,0,2,0.0,30.0,41
40881,Raini Chak Lata,30.483993935628884,79.70189647512413,2444.1875,2604.0,64.4452896118164,23.088,0,2,0.0,30.0,84
40885,Raini Chak Subhai,30.457084434343148,79.66860758707371,2444.1875,3227.0,28.5666618347168,20.198,0,2,0.0,30.0,64
40886,Ringi,30.456834238006685,79.6523694137732,2444.1875,3003.0,38.26774978637695,18.67,0,2,0.0,30.0,77
40824,Sailang,30.53612310155144,79.53491485702523,1425.8418,2197.0,44.39763259887695,8.674,0,2,0.0,30.0,68
40821,Salna Chak Urgam,30.52424855644806,79.49075796528184,1425.8418,2039.0,22.693347930908203,4.604,2,2,0.0,30.0,51
40828,Salud Dugra,30.47080502078155,79.57471815464113,1425.8418,3304.0,4.29287052154541,11.056,0,2,0.0,30.0,28
40884,Subhai,30.45629940082315,79.68484481855597,2444.1875,3516.0,41.32849884033203,21.749,0,2,0.0,30.0,80
40857,Sukhi,30.54348632477411,79.666237221806,2444.1875,4381.0,36.33876800537109,20.511,0,2,0.0,30.0,74
40843,Tangni malli,30.46582964384152,79.48172779710738,1425.8418,2655.0,38.90458297729492,3.151,3,2,0.0,30.0,71
40842,Tangni talli,30.47981613783269,79.48016561849374,1425.8418,2095.0,32.031131744384766,2.056,3,2,0.0,30.0,62
40839,Tapon,30.50137278841635,79.47912327316581,1425.8418,1448.0,61.36415100097656,2.078,3,2,0.0,30.0,80
40810,Thaing,30.61234328714545,79.43210352235968,1425.8418,3609.0,26.101112365722656,12.751,0,2,0.0,30.0,45
40837,Tirosi,30.48177603276788,79.45596267781899,1425.8418,1234.0,4.744528293609619,0.418,3,2,0.0,30.0,40
40815,Toli Laga Chiae,30.60200963116268,79.53581383977675,1425.8418,2983.0,39.6910400390625,14.156,0,2,0.0,30.0,61
40856,Tolma,30.516204822999303,79.75799126627716,2444.1875,3044.0,38.90352630615234,28.605,0,2,0.0,30.0,74
40873,Topovan,30.48762616378657,79.62672335651875,2444.1875,2047.0,34.70708465576172,15.866,0,2,0.0,30.0,73
40868,Tugasi,30.474839552451204,79.59917263583918,1425.8418,2740.0,24.50892448425293,13.312,0,2,0.0,30.0,44
40831,Uchougaur,30.508645875281577,79.43230202395787,1425.8418,3031.0,49.19467926025391,1.708,3,2,0.0,30.0,80
40817,Urgam,30.56512355147783,79.3935985758355,1425.8418,3784.0,42.17634201049805,8.97,0,2,0.0,30.0,65
41275,Agontha,30.27892106541046,79.12106773038632,1997.9788,1252.0,42.18084335327149,37.926,0,2,0.0,30.0,73
41284,Aind,30.256673951675484,79.20623308369086,1495.1161,1483.0,40.2631721496582,33.42,0,2,0.0,30.0,61
41472,Airwadi,30.185249307339973,79.26673482059115,1495.1161,1434.0,23.32733726501465,36.613,0,2,0.0,30.0,40
41333,Ali Chak Dimmar,30.25911479530402,79.24806573922534,1495.1161,1210.0,26.63874626159668,30.627,0,2,0.0,30.0,46
41486,Bagoli,30.19194183300972,79.31417280313903,1495.1161,909.0,14.496944427490234,34.064,0,2,0.0,30.0,34
41480,Bainital,30.16812246322312,79.2596377158943,1495.1161,1632.0,22.89681053161621,38.615,0,2,0.0,30.0,39
41323,Bainoli,30.20099763708849,79.2062811120996,1495.1161,1592.0,10.13459014892578,38.196,0,2,0.0,30.0,29
41305,Bameli,30.23607694969981,79.0916340549596,1997.9788,2109.0,32.4969367980957,43.059,0,2,0.0,30.0,57
41446,Bangaon Malla,30.22822175433372,79.26958736668023,1495.1161,830.0,36.47903060913086,32.311,0,2,0.0,30.0,56
41445,Bangaon Talla,30.22962073201689,79.26231349871335,1495.1161,825.0,18.47596549987793,32.542,0,2,0.0,30.0,38
41419,Bangri,30.2307231526704,79.27766880541705,1495.1161,1283.0,31.025449752807617,31.68,0,2,0.0,30.0,49
41465,Baniyas,30.19818280418476,79.26576001029503,1495.1161,1212.0,14.826764106750488,35.389,0,2,0.0,30.0,34
41370,Bansoli,30.282686764729416,79.27711877434253,1495.1161,1138.0,24.52162170410156,26.862,0,2,0.0,30.0,46
41433,Bansoli Palli,30.21939292670108,79.29168031928448,1495.1161,1469.0,16.94384765625,32.151,0,2,0.0,30.0,37
41426,Bansoli Walli,30.22558335260401,79.28171691298057,1495.1161,1342.0,33.353885650634766,31.987,0,2,0.0,30.0,52
41389,Bantoli,30.30280351887522,79.32326468250548,1495.1161,1212.0,56.38275146484375,22.566,0,2,0.0,30.0,72
41291,Baratoli,30.254579311640978,79.10354989928126,1997.9788,2179.0,38.98500442504883,40.89,0,2,0.0,30.0,67
41427,Barmoli,30.22586439698465,79.29417630543095,1495.1161,1501.0,27.86025047302246,31.402,0,2,0.0,30.0,46
41404,Baron,30.27581310842748,79.39110631398563,1598.458,1596.0,41.26033020019531,23.009,0,2,0.0,30.0,74
41330,Barsali,30.267887770757547,79.22815563753292,1495.1161,1179.0,33.3406982421875,31.086,0,2,0.0,30.0,53
41450,Baskwali,30.21632371141554,79.25610065439848,1495.1161,1094.0,15.964374542236328,34.11,0,2,0.0,30.0,35
41280,Baula,30.2682653555357,79.1533396009407,1495.1161,1204.0,26.13072395324707,36.206,0,2,0.0,30.0,43
41290,Bhangara,30.25969832086874,79.10579543996147,1997.9788,2185.0,11.422149658203123,40.374,0,2,0.072743383439973,0.0,40
41458,Bhatoli  lagga Top,30.20076988001305,79.23590311841768,1495.1161,1244.0,26.428741455078125,36.604,0,2,0.0,30.0,43
41357,Bhatoli Laga Gairoli,30.223467903457223,79.24673904821934,1495.1161,1215.0,41.15309143066406,33.925,0,2,0.0,30.0,62
41412,Bidoli,30.25292202663956,79.2700776453772,1495.1161,1583.0,21.112260818481445,29.963,0,2,0.0,30.0,42
41381,Biroli Laga Chimta,30.299113969845923,79.30160100079307,1495.1161,928.0,32.222877502441406,24.02,0,2,0.0,30.0,54
41378,Chamali,30.28310296537758,79.29776093438718,1495.1161,1162.0,33.576053619384766,25.707,0,2,0.0,30.0,55
41360,Chamali Laga Umatta,30.276699462282224,79.23581099896035,1495.1161,782.0,34.591392517089844,29.866,0,2,0.0,30.0,55
41359,Chamola,30.210341412676737,79.24051892277303,1495.1161,1118.0,27.225505828857425,35.471,0,2,0.0,30.0,44
41403,Chamtoli,30.28103342047984,79.39383311096483,1598.458,1166.0,32.359344482421875,22.389,0,2,0.0,30.0,63
41310,Charkhilgwar,30.23251276822516,79.11624375658845,1997.9788,1673.0,23.382280349731445,41.497,0,2,0.0,30.0,49
41390,Chatgyala,30.30324028403533,79.33425710845964,1495.1161,1015.0,34.70708465576172,22.011,0,2,0.0,30.0,58
41273,Chauki,30.28472978736985,79.11238259893342,1997.9788,1141.0,27.70351791381836,38.24,0,2,0.0,30.0,55
41339,Chaundali,30.240045609758184,79.21951152482319,1495.1161,1311.0,27.996898651123047,33.986,0,2,0.0,30.0,45
41315,Chhatauli,30.22263521543469,79.20855225192375,1495.1161,1710.0,29.704633712768555,36.153,0,2,0.0,30.0,46
41293,Chorara,30.25785536117672,79.11789315641295,1997.9788,1755.0,33.39949417114258,39.578,0,2,0.0,30.0,60
41487,Chula,30.18716209865998,79.31034055394014,1495.1161,1390.0,36.077056884765625,34.692,0,2,0.0,30.0,55
41448,Chulakot,30.21948875414001,79.27080871225272,1495.1161,987.0,31.42892265319824,33.089,0,2,0.0,30.0,49
41304,Danda Dhamdhama,30.24345306484344,79.09909242989394,1997.9788,1900.0,31.02236557006836,41.987,0,2,0.0,30.0,55
41308,Dewal,30.2402284013682,79.11498526810522,1997.9788,1635.0,21.656381607055664,41.031,0,2,0.0,30.0,48
41318,Dewal Garasari,30.20231690389953,79.18896513965616,1495.1161,1768.0,25.45785140991211,39.089,0,2,0.0,30.0,41
41347,Deyarkot,30.237911450728312,79.23716039549556,1495.1161,1193.0,33.472286224365234,33.138,0,2,0.0,30.0,52
41373,Dhal Kanchula,30.27545930251512,79.28079109944005,1495.1161,1269.0,23.49786758422852,27.314,0,2,0.0,30.0,45
41319,Dhanai Laga,30.204128735627588,79.19796306220482,1495.1161,1716.0,19.23838806152344,38.398,0,2,0.0,30.0,36
41311,Dhanpur Khas,30.223095455533407,79.09110523249745,1997.9788,2339.0,55.50156021118164,44.013,0,2,0.0,30.0,73
41428,Dhansari,30.2236669640232,79.30246792158749,1495.1161,1511.0,23.04251289367676,31.271,0,2,0.0,30.0,42
41344,Dhar Dungri,30.242443925151616,79.26678877779166,1495.1161,1388.0,29.4364070892334,31.11,0,2,0.0,30.0,48
41464,Dharkot ,30.194824841079445,79.25911151793957,1495.1161,1607.0,26.224597930908203,36.024,0,2,0.0,30.0,43
41342,Dimar,30.249615434650607,79.25395970102775,1495.1161,1032.0,23.51997375488281,31.14,0,2,0.0,30.0,43
41410,Dothla,30.260540282520413,79.28677637892065,1495.1161,1728.0,31.00994873046875,28.389,0,2,0.0,30.0,51
41327,Dungri,30.19754819465642,79.21718383751127,1495.1161,1469.0,19.153854370117188,37.899,0,2,0.0,30.0,36
41379,Dungwali,30.289776892932004,79.29745195175572,1495.1161,960.0,11.809632301330566,25.102,0,2,0.0,30.0,36
41277,Duwa,30.27535041627293,79.14326421994298,1495.1161,1312.0,43.009185791015625,36.46,0,2,0.0,30.0,63
41411,Gain Saja Kata,30.25674457375082,79.28217397276514,1495.1161,2030.0,18.68452835083008,28.979,0,2,0.0,30.0,40
41296,Gainthi,30.25167161240427,79.13148743410169,1495.1161,1537.0,24.440961837768555,38.999,0,2,0.0,30.0,40
41353,Gairoli,30.2230805367858,79.23661272592726,1495.1161,1495.0,41.4311408996582,34.507,0,2,0.0,30.0,62
41282,Galnau,30.268044231057083,79.18623176933319,1495.1161,874.0,36.02201843261719,33.866,0,2,0.0,30.0,55
41408,Ganoli,30.268188010882653,79.29281782917514,1495.1161,1434.0,36.175086975097656,27.362,0,2,0.0,30.0,58
41374,Garkudi Ufalda,30.275559242535056,79.29240921222159,1495.1161,1183.0,28.063127517700195,26.689,0,2,0.0,30.0,49
41449,Ghandiyal,30.21750381489133,79.26482948592376,1495.1161,1297.0,15.858224868774414,33.567,0,2,0.0,30.0,36
41481,Ghatora,30.164603828471584,79.29251583992776,1495.1161,1583.0,34.072879791259766,37.651,0,2,0.0,30.0,50
41343,Gopthala,30.2543764829229,79.25774258280839,1495.1161,1397.0,43.22709274291992,30.499,0,2,0.0,30.0,66
41444,Gunad Sera,30.20805520169412,79.34166901809695,1495.1161,1397.0,46.357547760009766,31.501,0,2,0.0,30.0,68
41365,Gwad,30.287745239105178,79.2682667717037,1495.1161,901.0,49.00307846069336,26.927,0,2,0.0,30.0,70
41414,Gwad,30.25059226405813,79.29038424205578,1495.1161,2039.0,23.585081100463867,29.16,0,2,0.0,30.0,44
41477,Gwal Khet,30.17489112161564,79.27672391768341,1495.1161,1939.0,12.468448638916016,37.219,0,2,0.0,30.0,31
41391,Gwala,30.30409367514548,79.34172604166629,1495.1161,1004.0,18.47596549987793,21.6,0,2,0.0,30.0,43
41386,Hadakoti,30.32216908681733,79.32155043846011,1495.1161,913.0,27.914548873901367,20.829,0,2,0.0,30.0,51
41398,Hindoli,30.28845011950617,79.33904118198829,1495.1161,1451.0,29.00024032592773,23.275,0,2,0.0,30.0,51
41440,Hyuna,30.217004528664173,79.32640299776666,1495.1161,1786.0,31.87789726257324,31.049,0,2,0.0,30.0,51
41364,Jaikandi,30.28792460037009,79.26010583736269,1495.1161,876.0,34.67205810546875,27.403,0,2,0.0,30.0,56
41476,Jainta,30.18518977061401,79.29078563378161,1495.1161,1374.0,37.66704559326172,35.618,0,2,0.0,30.0,56
41395,Jaiti Bhatkoti,30.285637765285607,79.31540268963455,1495.1161,1199.0,18.11841583251953,24.593,0,2,0.0,30.0,42
41336,Jakh,30.246147959185333,79.22874249165714,1495.1161,1111.0,22.939603805541992,32.903,0,2,0.0,30.0,42
41307,Jalgaon,30.236287181889715,79.11008899055197,1997.9788,1890.0,23.382280349731445,41.673,0,2,0.0,30.0,49
41326,Jaspur,30.190074178762707,79.21586043855346,1495.1161,1233.0,22.832061767578125,38.655,0,2,0.0,30.0,39
41429,Jasyara,30.22741685182368,79.30469625265646,1495.1161,1705.0,32.506717681884766,30.804,0,2,0.0,30.0,52
41281,Jhirkoti,30.266583141133864,79.16874418604458,1495.1161,924.0,27.96378326416016,35.211,0,2,0.0,30.0,45
41321,Jhurkande,30.21526576507488,79.21567440449192,1495.1161,2116.0,20.572429656982425,36.386,0,2,0.0,30.0,38
41352,Jhurkhandey urf Bhatoli,30.231448979695777,79.23454834038178,1495.1161,1476.0,7.971547603607178,33.865,0,2,0.0,30.0,29
41362,Kaldu  (Kaleshwar),30.28225483355246,79.24508666622899,1495.1161,776.0,10.567782402038574,28.815,0,2,0.0,30.0,34
41452,Kalikot,30.21124316193996,79.26626359991116,1495.1161,1279.0,24.06786155700684,34.099,0,2,0.0,30.0,42
41402,Kameda,30.278298805004635,79.38013305435165,1598.458,1288.0,30.198558807373047,22.987,0,2,0.0,30.0,60
41274,Kamera,30.28732808885682,79.12554527456061,1495.1161,775.0,17.003843307495117,37.035,0,2,0.0,30.0,35
41407,Kanchula,30.26868395288052,79.28108080879178,1495.1161,1602.0,35.95991516113281,27.921,0,2,0.0,30.0,58
41276,Kanda,30.27976207070525,79.13505774555767,1495.1161,1009.0,37.29591751098633,36.787,0,2,0.0,30.0,55
41372,Kanda Maikhura,30.270969554801745,79.26879465392746,1495.1161,1386.0,24.52416610717773,28.384,0,2,0.0,30.0,45
41294,Kandai,30.253060664850995,79.12114281877197,1997.9788,1353.0,40.44710540771485,39.666,0,2,0.0,30.0,70
41394,Kandara,30.29287743915744,79.32565060796362,1495.1161,1269.0,22.0524959564209,23.414,0,2,0.0,30.0,45
41430,Kandara,30.2267236501228,79.31324365370384,1495.1161,1807.0,31.761484146118164,30.533,0,2,0.0,30.0,51
41405,Kankhul Malla,30.25996173734392,79.26282985456389,1495.1161,1795.0,30.598501205444336,29.711,0,2,0.0,30.0,50
41406,Kankhul Talla,30.26227203103892,79.27461096824655,1495.1161,1784.0,20.771713256835938,28.858,0,2,0.0,30.0,42
41322,Kanoth,30.20866702926775,79.22197934059899,1495.1161,1829.0,30.793407440185547,36.624,0,2,0.0,30.0,46
41490,Karnprayag Beat,30.272884026997247,79.11936576753111,1997.9788,1589.0,29.30020523071289,38.453,0,2,0.0,30.0,56
41401,Khadgoli,30.28593892180978,79.37956378486136,1598.458,1405.0,23.477352142333984,22.184,0,2,0.0,30.0,55
41457,Khageli,30.19794542962615,79.24786662226015,1495.1161,1215.0,34.69601821899414,36.264,0,2,0.0,30.0,52
41460,Khageta Laga Top,30.195122362671658,79.22421114430084,1495.1161,1250.0,18.133197784423828,37.743,0,2,0.0,30.0,35
41303,Khalyugwar,30.243187886546053,79.09433371513849,1997.9788,2181.0,24.58837127685547,42.365,0,2,0.0,30.0,50
41455,Khandura,30.20358028719384,79.25733357383396,1495.1161,1431.0,38.01844787597656,35.264,0,2,0.0,30.0,57
41298,Kharsain,30.243712851737225,79.1356875405283,1495.1161,1835.0,36.23003387451172,39.272,0,2,0.0,30.0,52
41431,Khatyari,30.220455271632044,79.30958772214788,1495.1161,1718.0,24.52162170410156,31.31,0,2,0.0,30.0,44
41423,Kimoli Malli,30.239738356423093,79.30241130066042,1495.1161,2095.0,44.51247024536133,29.672,0,2,0.0,30.0,68
41424,Kimoli Talli,30.23410934516021,79.30318264770304,1495.1161,1795.0,42.57451629638672,30.198,0,2,0.0,30.0,65
41416,Kola Dungari,30.243572645287063,79.27909769071708,1495.1161,1360.0,38.95500183105469,30.38,0,2,0.0,30.0,60
41354,Koli Malli,30.22714483823205,79.24308690680519,1495.1161,1356.0,19.153854370117188,33.783,0,2,0.0,30.0,38
41356,Koli Talli,30.230004001207853,79.25007051131135,1495.1161,987.0,25.342004776000977,33.144,0,2,0.0,30.0,43
41474,Kolson,30.19647794480384,79.30904552133293,1495.1161,898.0,25.572858810424805,33.778,0,2,0.0,30.0,43
41355,Kolyagad,30.2356323308381,79.25016944613644,1495.1161,882.0,22.04344940185547,32.621,0,2,0.0,30.0,41
41456,Koni Laga Khageli,30.20524110691908,79.24785588921026,1495.1161,924.0,28.81939125061035,35.573,0,2,0.0,30.0,45
41393,Kothi,30.295056668224007,79.34070631806456,1495.1161,1421.0,38.90352630615234,22.544,0,2,0.0,30.0,64
41483,Koti,30.17552759890057,79.3003484465177,1495.1161,1592.0,36.30615615844727,36.245,0,2,0.0,30.0,54
41348,Kukdai,30.23444207680942,79.22749172046876,1495.1161,1365.0,28.865856170654297,34.003,0,2,0.0,30.0,46
41337,Kundela,30.2478675752434,79.21826228513288,1495.1161,989.0,22.128250122070312,33.391,0,2,0.0,30.0,41
41435,Kundungra,30.210948494168257,79.28633657375707,1495.1161,1207.0,43.5284423828125,33.218,0,2,0.0,30.0,65
41432,Kuneth,30.218521427834983,79.30096285103542,1495.1161,1673.0,22.82273292541504,31.849,0,2,0.0,30.0,42
41459,Kwagar lagga top,30.19592445122562,79.23214833378744,1495.1161,1117.0,15.495184898376465,37.251,0,2,0.0,30.0,34
41462,Laloti,30.19311190152053,79.24832302339607,1495.1161,1420.0,41.03208160400391,36.703,0,2,0.0,30.0,60
41367,Langasu,30.291967356419576,79.28258864822169,1495.1161,842.0,22.002422332763672,25.721,0,2,0.0,30.0,44
41350,Lwintha,30.22896833120841,79.21570493885194,1495.1161,1725.0,33.75932312011719,35.175,0,2,0.0,30.0,51
41301,Majkhola,30.24481534995715,79.10675913462927,1997.9788,1552.0,29.028520584106445,41.317,0,2,0.0,30.0,54
41387,Mangroli,30.316172270910045,79.3224009872035,1495.1161,933.0,26.882652282714844,21.342,0,2,0.0,30.0,50
41313,Matha Manda  (Matha),30.224575138243047,79.12287484519291,1997.9788,1969.0,45.29286575317383,41.611,0,2,0.0,30.0,74
41447,Matholi,30.223257325120663,79.26469852002923,1495.1161,1114.0,23.66253089904785,33.024,0,2,0.0,30.0,42
41485,Matiyala,30.1809451269573,79.29397303281799,1495.1161,1136.0,13.912993431091309,35.926,0,2,0.0,30.0,33
41371,Mauna,30.27916048380596,79.26136167473308,1495.1161,1117.0,40.56602096557617,28.086,0,2,0.0,30.0,64
41316,Melyagwar,30.21437391934249,79.2008283083565,1495.1161,2024.0,15.505807876586914,37.332,0,2,0.0,30.0,33
41292,Mulyagaon,30.25605981875136,79.10950271014747,1997.9788,1866.0,23.75881767272949,40.336,0,2,0.0,30.0,50
41471,Nail,30.193336785736363,79.26933889125884,1495.1161,1175.0,32.41825866699219,35.702,0,2,0.0,30.0,49
41320,Naini,30.210352599601386,79.20991190895485,1495.1161,2002.0,26.428741455078125,37.154,0,2,0.0,30.0,42
41331,Nakot Laga Dimar (Nakot Talla),30.26290193003891,79.23572680245815,1495.1161,1516.0,16.465396881103516,31.036,0,2,0.0,30.0,37
41332,Nakot Malla,30.26256745665833,79.24503874157227,1495.1161,1347.0,25.55778884887696,30.503,0,2,0.0,30.0,45
41300,Nalagaon,30.246377146977217,79.11587075736117,1997.9788,1503.0,12.722667694091797,40.529,0,2,0.0,30.0,41
41302,Naugaon,30.248577335617536,79.10111156420314,1997.9788,1991.0,5.658753871917725,41.483,0,2,0.0,30.0,35
41295,Naugara lagga kandai,30.256197820027097,79.1253127588343,1495.1161,1359.0,42.06354141235352,39.136,0,2,0.0,30.0,60
41468,Nauli Gunth,30.20463787361357,79.29111061477619,1495.1161,1091.0,43.114234924316406,33.645,0,2,0.0,30.0,64
41399,Nauli Malli,30.284446699545995,79.34310377087247,1495.1161,1645.0,18.0333194732666,23.519,0,2,0.0,30.0,42
41382,Nauli Talli,30.30261773034561,79.30338912979192,1495.1161,1065.0,35.92973327636719,23.602,0,2,0.0,30.0,59
41420,Nausari,30.235900442183045,79.28739382477234,1495.1161,1867.0,34.31422805786133,30.721,0,2,0.0,30.0,54
41314,Nauti,30.21994638434697,79.18477944913279,1495.1161,2380.0,55.09814834594727,37.836,0,2,0.0,30.0,65
41368,Niwadi,30.290777461536585,79.28954096847546,1495.1161,910.0,25.776960372924805,25.438,0,2,0.0,30.0,47
41312,Ovyagwar,30.22453876161636,79.11230450968745,1997.9788,2164.0,27.89774513244629,42.367,0,2,0.0,30.0,52
41439,Padli,30.21699101219524,79.31689525122795,1495.1161,1582.0,33.03120803833008,31.387,0,2,0.0,30.0,52
41286,Paduligwar,30.262178501155184,79.14241373498537,1495.1161,1294.0,17.51286506652832,37.444,0,2,0.0,30.0,35
41400,Pajyana,30.29202370509523,79.36901600998917,1495.1161,1202.0,49.26294708251953,21.836,0,2,0.0,30.0,72
41396,Palnav Sunali,30.280206021890493,79.32535980338484,1495.1161,1437.0,41.28913879394531,24.672,0,2,0.0,30.0,66
41422,Partoli,30.244916197519085,79.29978169693457,1495.1161,2286.0,28.09894752502441,29.277,0,2,0.0,30.0,48
41437,Phala,30.21313881549221,79.30950306089481,1495.1161,1581.0,23.32658576965332,32.057,0,2,0.0,30.0,42
41415,Phalota,30.246569429596512,79.29358907853799,1495.1161,2129.0,34.52899932861328,29.398,0,2,0.0,30.0,55
41334,Pipalsera,30.252201779431765,79.2370714259177,1495.1161,808.0,37.33408737182617,31.88,0,2,0.0,30.0,57
41309,Pokhari,30.239269931694896,79.12615679672243,1495.1161,1663.0,9.715786933898926,40.286,0,2,0.0,30.0,27
41351,Pudiyani,30.22024599128059,79.22450063810676,1495.1161,1701.0,25.572858810424805,35.438,0,2,0.0,30.0,43
41484,Purna,30.174862902703307,79.28860114733709,1495.1161,1313.0,18.99628639221192,36.75,0,2,0.0,30.0,37
41340,Radkhi,30.24251964686414,79.23263122564302,1495.1161,1200.0,32.832130432128906,32.99,0,2,0.0,30.0,51
41385,Rambori,30.32366793100808,79.31479162387677,1495.1161,1192.0,22.278976440429688,21.059,0,2,0.0,30.0,46
41329,Rangaon,30.2071180618642,79.23204922301498,1495.1161,1485.0,25.24018669128418,36.217,0,2,0.0,30.0,42
41442,Rangawn,30.218626884226417,79.33941291937779,1495.1161,1294.0,32.64313125610352,30.456,0,2,0.0,30.0,52
41454,Ratura,30.20639293367778,79.26848452417816,1495.1161,1199.0,24.50604057312012,34.465,0,2,0.0,30.0,42
41421,Ritholi,30.238893743789525,79.29480506273035,1495.1161,1887.0,40.73875045776367,30.091,0,2,0.0,30.0,63
41376,Saij,30.27591099686441,79.30154875832156,1495.1161,1217.0,25.204477310180664,26.195,0,2,0.0,30.0,47
41358,Sainu,30.219963038981792,79.24717688462295,1495.1161,1080.0,43.32752227783203,34.227,0,2,0.0,30.0,64
41297,Sakand,30.247131074591817,79.14504286386004,1495.1161,2030.0,56.24433517456055,38.349,0,2,0.0,30.0,65
41466,Saliyana Malla,30.201248482337576,79.2759303320852,1495.1161,926.0,15.721628189086914,34.631,0,2,0.0,30.0,35
41475,Sauna,30.1899901895538,79.2945785345351,1495.1161,1026.0,19.32328414916992,34.983,0,2,0.0,30.0,38
41384,Sem,30.325560460520755,79.30930827712486,1495.1161,1080.0,28.856788635253903,21.199,0,2,0.0,30.0,52
41463,Sem,30.187680275400183,79.24338052272459,1495.1161,1376.0,33.799842834472656,37.463,0,2,0.0,30.0,50
41443,Sera Pakhudi,30.20892032505601,79.3324267768367,1495.1161,1320.0,45.66671371459961,31.692,0,2,0.0,30.0,68
41288,Sidoli,30.26435438522113,79.12062203394258,1997.9788,1892.0,38.81233596801758,38.927,0,2,0.0,30.0,68
41349,Silangi,30.23640261954623,79.21337486522494,1495.1161,1487.0,32.83772277832031,34.671,0,2,0.0,30.0,50
41375,Silangi,30.27102916067833,79.30062678209993,1495.1161,1495.0,35.46803665161133,26.706,0,2,0.0,30.0,58
41328,Simalt,30.20378063561716,79.22760071574515,1495.1161,1622.0,24.37374496459961,36.763,0,2,0.0,30.0,41
41341,Simli,30.2478516032505,79.24165821905255,1495.1161,938.0,37.63029861450195,31.995,0,2,0.0,30.0,58
41478,Simtoli,30.176487857144533,79.26671698315384,1495.1161,1758.0,31.335464477539062,37.48,0,2,0.0,30.0,47
41285,Sindrawani Laga Jhirkoti,30.263308340329875,79.15408706246201,1495.1161,1294.0,20.383729934692383,36.508,0,2,0.0,30.0,38
41287,Sindwani Laga Kanda,30.26380849329771,79.13208814138612,1495.1161,1594.0,28.598464965820312,38.098,0,2,0.0,30.0,44
41283,Siran,30.262098526953004,79.17509987455813,1495.1161,1114.0,28.7896785736084,35.097,0,2,0.0,30.0,45
41469,Siri,30.19794675361264,79.29256132089151,1495.1161,1022.0,33.76164245605469,34.258,0,2,0.0,30.0,52
41451,Siroli,30.211072009175847,79.25520259026732,1495.1161,1104.0,32.20940399169922,34.653,0,2,0.0,30.0,49
41473,Sirpa,30.18746694789377,79.27976820770505,1495.1161,1359.0,36.8587760925293,35.834,0,2,0.0,30.0,55
41363,Sirtoli Bairphala,30.28476064749134,79.2534550124603,1495.1161,973.0,35.88529586791992,28.082,0,2,0.0,30.0,58
41383,Sonla,30.313189899772475,79.30888790636247,1495.1161,1019.0,37.64096832275391,22.336,0,2,0.0,30.0,62
41494,Sonla van beat,30.264490454233265,79.32503648949397,1495.1161,2089.0,37.33408737182617,26.252,0,2,0.0,30.0,60
41278,Srikot,30.275058783269987,79.15363927924709,1495.1161,904.0,38.29731750488281,35.702,0,2,0.0,30.0,57
41418,Suktoli,30.23574309499584,79.27059740540503,1495.1161,1103.0,27.019954681396484,31.546,0,2,0.0,30.0,45
41417,Sumalt,30.23998540748294,79.27703151300214,1495.1161,1275.0,21.656381607055664,30.824,0,2,0.0,30.0,42
41438,Sunai,30.20748949259116,79.31615916649535,1495.1161,1325.0,23.86432266235352,32.39,0,2,0.0,30.0,43
41306,Sunak,30.23343942005592,79.10167711804523,1997.9788,1951.0,28.419816970825195,42.496,0,2,0.0,30.0,53
41397,Sunali,30.281804469363145,79.3340299046195,1495.1161,1599.0,27.099897384643555,24.147,0,2,0.0,30.0,49
41346,Sundar Gaon,30.243561051241947,79.2462719239031,1495.1161,798.0,12.163008689880373,32.116,0,2,0.0,30.0,33
41369,Swarka,30.283491581736453,79.28663466012745,1495.1161,921.0,11.75268268585205,26.261,0,2,0.0,30.0,36
41453,Swarka,30.2160004382265,79.27475138250703,1495.1161,852.0,17.779081344604492,33.241,0,2,0.0,30.0,37
41436,Syan Kisanpur,30.20737263184716,79.30261026806487,1495.1161,1676.0,43.1855354309082,32.908,0,2,0.0,30.0,65
41425,Talai,30.232012544915413,79.29472910491262,1495.1161,1622.0,25.02488899230957,30.771,0,2,0.0,30.0,44
41345,Tatasu urf majyri,30.24381693897116,79.25867028440626,1495.1161,1018.0,28.339555740356445,31.411,0,2,0.0,30.0,47
41289,Taul Sain,30.264734823976248,79.11132115455119,1997.9788,1959.0,40.438472747802734,39.614,0,2,0.0,30.0,70
41335,Tauli Daduli,30.24901504301947,79.23266527343418,1495.1161,995.0,46.93226623535156,32.419,0,2,0.0,30.0,67
41388,Tefna,30.30756160336464,79.32822875682558,1495.1161,924.0,4.276597499847412,21.871,0,2,0.0,30.0,32
41441,Thagyala Gwar,30.224142123736645,79.33490989823127,1495.1161,1410.0,41.50592041015625,30.022,0,2,0.0,30.0,64
41467,Thapli,30.20576709317418,79.27954934500309,1495.1161,925.0,35.60443878173828,34.026,0,2,0.0,30.0,54
41392,Thirpak,30.299928789179653,79.35892507695705,1495.1161,1152.0,26.428741455078125,21.348,0,2,0.0,30.0,50
41317,Toli,30.21127486593184,79.19244507493147,1495.1161,2037.0,24.981704711914062,38.104,0,2,0.0,30.0,41
41461,Top,30.18906509178144,79.2284915711095,1495.1161,1265.0,42.717620849609375,38.081,0,2,0.0,30.0,62
41489,Trikot,30.179715024231136,79.31868240034237,1495.1161,1574.0,27.019954681396484,35.185,0,2,0.0,30.0,44
41377,Ulphada,30.281682199950165,79.29246413121498,1495.1161,1001.0,21.62065315246582,26.116,0,2,0.0,30.0,44
41361,Umatta,30.27109623407377,79.25125074187241,1495.1161,1452.0,42.903846740722656,29.39,0,2,0.0,30.0,66
41380,Umrakot Urf Baidanu,30.29555012665976,79.29757876870787,1495.1161,817.0,5.667935848236084,24.564,0,2,0.0,30.0,32
41366,Uttaraun,30.291378496153765,79.27471434958481,1495.1161,799.0,8.363865852355957,26.229,0,2,0.0,30.0,33
41264,Airas,30.300766368371505,79.25304246583184,1495.1161,1212.0,38.2680778503418,26.773,0,2,0.0,30.0,61
41255,Ali,30.31623365054796,79.25432656341188,1495.1161,1576.0,28.338159561157227,25.448,0,2,0.0,30.0,49
41196,Alisal,30.35171595760773,79.21962465231739,1495.1161,1390.0,14.146230697631836,25.537,0,2,0.0,30.0,38
41231,Bajilagarano,30.31526539337398,79.1988815924469,1495.1161,1475.0,19.88581657409668,29.519,0,2,0.0,30.0,41
41245,Bamankhal,30.291126629540813,79.19229540163101,1495.1161,1318.0,36.34712219238281,31.711,0,2,0.0,30.0,56
41164,Bamanthala,30.37907046196017,79.16267329972845,1760.8568,2236.0,23.89264869689941,28.962,0,2,0.0,30.0,55
41247,Bamoth,30.277871067661103,79.18059447754045,1495.1161,1136.0,42.2330207824707,33.527,0,2,0.0,30.0,63
41157,Bangthal,30.36531741295153,79.19743780362228,1495.1161,1831.0,29.4364070892334,26.594,0,2,0.0,30.0,50
41223,Bareth,30.32890216413947,79.17136164778431,1495.1161,1010.0,10.08547592163086,30.806,0,2,0.0,30.0,32
41186,Bhaduda,30.3437300903742,79.28125254836121,1495.1161,1252.0,38.05379104614258,21.463,0,2,0.0,30.0,63
41202,Bhatwa Urf Bharatpur,30.33832802323524,79.2299533855972,1495.1161,1339.0,15.106321334838867,25.591,0,2,0.0,30.0,39
41156,Bhikauna,30.36439811004191,79.21056128852351,1495.1161,1642.0,27.358274459838867,25.541,0,2,0.0,30.0,49
41131,Bhulkan,30.4776264295484,79.21349871523344,1760.8568,2937.0,13.71018409729004,21.876,0,2,0.0,30.0,50
41200,Bina Malla,30.33668466915044,79.2386931213183,1495.1161,1453.0,15.941658973693848,25.044,0,2,0.0,30.0,40
41199,Bina Talla,30.34302947705725,79.23820294382492,1495.1161,1406.0,20.46185111999512,24.645,0,2,0.0,30.0,44
41242,Bingar,30.3061702022771,79.19681787857861,1495.1161,1396.0,38.81233596801758,30.303,0,2,0.0,30.0,60
41220,Birsansera,30.34016280019589,79.17828202638958,1495.1161,1143.0,36.76820755004883,29.58,0,2,0.0,30.0,58
41209,Chameti Urf Pokhari,30.347999724213285,79.19239105187702,1495.1161,1562.0,31.99588203430176,27.969,0,2,0.0,30.0,52
41191,Chamshil,30.35004928163442,79.22802450170563,1495.1161,1409.0,30.40976524353028,24.973,0,2,0.0,30.0,51
41240,Chhandoli,30.29634943801296,79.17398573066066,1495.1161,982.0,49.42734909057617,32.697,0,2,0.0,30.0,67
41178,Chondi,30.339303539821515,79.16202555008371,1495.1161,1529.0,23.17543601989746,30.973,0,2,0.0,30.0,43
41210,Chopara,30.34118707386484,79.19485318835494,1495.1161,1673.0,35.92097854614258,28.169,0,2,0.0,30.0,58
41230,Dang Dhar,30.316611010390147,79.17994837772953,1495.1161,1558.0,25.95053482055664,30.888,0,2,0.0,30.0,45
41212,Devar  Walla,30.334490547188818,79.20465128516506,1495.1161,1748.0,36.34712219238281,27.803,0,2,0.0,30.0,58
41211,Devar Palla,30.33611422205042,79.19553018806376,1495.1161,1516.0,18.47596549987793,28.424,0,2,0.0,30.0,40
41205,Devasthan,30.342816891566184,79.20749231844384,1495.1161,1678.0,5.658753871917725,27.055,0,2,0.0,30.0,31
41189,Dhamak,30.347438762942875,79.24462955162548,1495.1161,1220.0,33.16145324707031,23.857,0,2,0.0,30.0,56
41179,Duka saud,30.334526197902207,79.15665783267922,1495.1161,1174.0,31.644695281982425,31.685,0,2,0.0,30.0,50
41222,Dukasera,30.327872320213263,79.1630677494125,1495.1161,1020.0,60.20629119873047,31.541,0,2,0.0,30.0,68
41150,Dungar,30.37813718126275,79.19495590463151,1760.8568,1835.0,19.88581657409668,26.166,0,2,0.0,30.0,53
41271,F-2(P-1),30.41768973873742,79.1807228142174,1760.8568,2482.0,14.18881893157959,25.931,0,2,0.0,30.0,48
41272,F-2(P-2),30.32168349359941,79.25052470291503,1495.1161,1869.0,28.21616172790528,25.287,0,2,0.0,30.0,49
41248,Gadona,30.28197316057293,79.19224363784184,1495.1161,1189.0,33.15359115600586,32.39,0,2,0.0,30.0,52
41229,Gailung,30.32092403773256,79.17795811107419,1495.1161,1353.0,23.728302001953125,30.769,0,2,0.0,30.0,43
41172,Ganiyala,30.353925250704823,79.17001693965435,1495.1161,1381.0,28.127178192138672,29.514,0,2,0.0,30.0,48
41259,Girsa,30.30072276313987,79.2859999807854,1495.1161,908.0,16.51234245300293,24.747,0,2,0.0,30.0,40
41160,Godi Giwala,30.37510270804003,79.12261640502486,1958.9734,2213.0,35.441246032714844,32.705,0,2,0.0,30.0,66
41139,Gudam,30.41858419331164,79.22066866199164,1760.8568,1852.0,32.31417465209961,22.22,0,2,0.0,30.0,66
41204,Gugli,30.33607570950049,79.2183868628402,1495.1161,1627.0,34.09886932373047,26.63,0,2,0.0,30.0,56
41207,Guniyala,30.35255828514274,79.20382394781802,1495.1161,1692.0,21.062400817871097,26.768,0,2,0.0,30.0,43
41173,Harishankar,30.356078227557788,79.16372236228659,1495.1161,1662.0,10.605812072753906,29.94,0,2,0.0,30.0,33
41221,Ijjar,30.334480360868,79.17736674310812,1495.1161,1234.0,36.83319854736328,29.987,0,2,0.0,30.0,58
41138,Jakhmala,30.422804322724563,79.20436353756206,1760.8568,1554.0,14.71071720123291,23.591,0,2,0.0,30.0,50
41146,Jaurasi,30.39269335548812,79.20745691835381,1760.8568,1363.0,28.589252471923828,24.409,0,2,0.0,30.0,61
41261,Jhiloti,30.30065758581805,79.27031967576418,1495.1161,1085.0,29.419404983520508,25.689,0,2,0.0,30.0,50
41260,Jilasu,30.305601146861218,79.27356198126841,1495.1161,1330.0,44.43132400512695,25.069,0,2,0.0,30.0,70
41174,Kailab,30.356653376552227,79.15610587613615,1495.1161,1804.0,25.274429321289062,30.566,0,2,0.0,30.0,45
41132,Kalsir,30.441073927721632,79.20708177780391,1760.8568,1794.0,26.02125740051269,22.882,0,2,0.0,30.0,59
41148,Kandai,30.385058805669008,79.21410215846424,1760.8568,1298.0,22.49559211730957,24.175,0,2,0.0,30.0,56
41256,Kandai,30.31193281141796,79.25944451837397,1495.1161,1557.0,33.97516250610352,25.447,0,2,0.0,30.0,56
41193,Kandai Bajetha,30.36359399989211,79.22598914468296,1495.1161,1228.0,41.97998809814453,24.312,0,2,0.0,30.0,67
41217,Kandai Khola,30.333229715115955,79.18735542119894,1495.1161,1459.0,31.02236557006836,29.256,0,2,0.0,30.0,50
41228,Kandalaga Kwidhi,30.32279596708903,79.16387225443155,1495.1161,1213.0,46.85105514526367,31.778,0,2,0.0,30.0,68
41198,Kaphalpani,30.344305143236262,79.22968158756106,1495.1161,1558.0,10.589159965515137,25.214,0,2,0.0,30.0,35
41241,Karchhuna Malla,30.29852581607656,79.18330555170324,1495.1161,951.0,8.347522735595703,31.846,0,2,0.0,30.0,30
41233,Karchhuna Talla,30.307374559344684,79.18255692067886,1495.1161,1394.0,30.349424362182617,31.296,0,2,0.0,30.0,48
41155,Khalbajetha,30.366881061257587,79.21876482282957,1495.1161,1465.0,24.056543350219727,24.72,0,2,0.0,30.0,46
41154,Khanna,30.370785665065537,79.21486292394965,1495.1161,1356.0,16.735824584960938,24.833,0,2,0.0,30.0,40
41168,Khanni,30.36323305749435,79.18120298315442,1495.1161,2070.0,42.02040863037109,28.083,0,2,0.0,30.0,66
41170,Kharki,30.353027514085227,79.1874684362765,1495.1161,1785.0,17.003843307495117,28.093,0,2,0.0,30.0,39
41250,Khas Khal,30.293336034585035,79.2129888373066,1495.1161,1326.0,43.34048461914063,30.069,0,2,0.0,30.0,67
41238,Khori Lagga Rana,30.317418575953266,79.15214724054215,1495.1161,1028.0,39.80915069580078,33.049,0,2,0.0,30.0,60
41232,Khunagad,30.31082331646168,79.19360892346693,1495.1161,1284.0,15.941658973693848,30.222,0,2,0.0,30.0,37
41171,Kimkholi,30.35419860889234,79.17891820291044,1495.1161,1620.0,30.342140197753903,28.747,0,2,0.0,30.0,50
41149,Kimoda,30.38446610410509,79.1999897105787,1760.8568,1610.0,18.97113800048828,25.433,0,2,0.0,30.0,52
41219,Kodhgeed,30.34613750585888,79.18105663653195,1495.1161,1339.0,31.35473251342773,29.01,0,2,0.0,30.0,51
41270,Kolda,30.29215918348425,79.24830440245562,1495.1161,975.0,14.16506004333496,27.786,0,2,0.0,30.0,37
41253,Kujasu,30.30674385399201,79.21292020303406,1495.1161,1397.0,34.939754486083984,29.077,0,2,0.0,30.0,56
41133,Kujni,30.44004011636291,79.22087692015903,1760.8568,2361.0,57.21049880981445,21.603,0,2,0.0,30.0,83
41243,Kumera,30.302612621800407,79.20295381326838,1495.1161,1526.0,30.34321594238281,30.103,0,2,0.0,30.0,49
41249,Kunj lagga khaskhal,30.29545470159089,79.20692774673678,1495.1161,1603.0,44.95503234863281,30.339,0,2,0.0,30.0,69
41239,Kwithi,30.305295783116268,79.15423837531549,1495.1161,1169.0,19.684335708618164,33.631,0,2,0.0,30.0,39
41266,Langali,30.29813805343143,79.23029080721446,1495.1161,1211.0,43.769020080566406,28.501,0,2,0.0,30.0,68
41137,Lostu Panthari,30.41933473396241,79.19315049684252,1760.8568,2003.0,23.32733726501465,24.732,0,2,0.0,30.0,56
41153,Mahar,30.37660344503916,79.218693969352,1760.8568,1341.0,32.142391204833984,24.202,0,2,0.0,30.0,65
41177,Majyadi,30.344042652246145,79.16721202548754,1495.1161,1368.0,28.21616172790528,30.279,0,2,0.0,30.0,47
41161,Malkoti,30.373265431925606,79.12903238405539,1495.1161,2077.0,41.39619064331055,32.202,0,2,0.0,30.0,63
41141,Masauli,30.409372491339333,79.22229326909658,1760.8568,1766.0,30.990215301513672,22.402,0,2,0.0,30.0,64
41262,Mast Gaon,30.295916481505028,79.27151285824152,1495.1161,1033.0,24.96253776550293,26.024,0,2,0.0,30.0,46
41208,Mayani,30.35604098629094,79.19883955087681,1495.1161,2051.0,38.6650390625,26.98,0,2,0.0,30.0,62
41203,Mayoli Laga Gugli,30.33137284943708,79.22625537824652,1495.1161,1583.0,41.136348724365234,26.346,0,2,0.0,30.0,65
41224,Mingad Gaon,30.3289979689657,79.17857544661327,1495.1161,1248.0,38.03838348388672,30.219,0,2,0.0,30.0,59
41188,Nagdhar,30.34054759110177,79.24748991741778,1495.1161,1445.0,36.479305267333984,24.118,0,2,0.0,30.0,60
41140,Nail,30.42113281349421,79.23191192174352,1760.8568,2045.0,17.3455810546875,21.105,0,2,0.0,30.0,53
41192,Nail khalwadi,30.35573831862821,79.22866325549009,1495.1161,1168.0,5.360457420349121,24.567,0,2,0.0,30.0,31
41134,Nauli,30.429758773228308,79.22257817928208,1760.8568,2251.0,24.6259765625,21.701,0,2,0.0,30.0,59
41167,Nautha,30.36732383495824,79.17428382052654,1495.1161,2075.0,33.442562103271484,28.476,0,2,0.0,30.0,54
41195,Pab Laga Vishal,30.356634056817548,79.2109644996161,1495.1161,1519.0,47.70187377929688,25.946,0,2,0.0,30.0,71
41194,Paduli,30.3579001792369,79.22095336061426,1495.1161,1385.0,37.848915100097656,25.057,0,2,0.0,30.0,61
41180,Paidula,30.334200433585824,79.1672592871473,1495.1161,1326.0,32.548439025878906,30.829,0,2,0.0,30.0,52
41254,Paini,30.308732924396523,79.22444654341763,1495.1161,1376.0,30.29808616638184,28.102,0,2,0.0,30.0,50
41268,Panae,30.27896554618678,79.2248265987613,1495.1161,1121.0,39.65939331054688,30.391,0,2,0.0,30.0,61
41145,Parwatipur,30.38300846743501,79.17985371681925,1760.8568,2093.0,18.11841583251953,27.27,0,2,0.0,30.0,51
41135,Pati,30.43175820545824,79.21065138588192,1760.8568,1789.0,21.29987335205078,22.76,0,2,0.0,30.0,55
41147,Patroli,30.39254969087451,79.23262546447664,1760.8568,2017.0,60.76144027709961,22.211,0,2,0.0,30.0,83
41158,Pithatoli,30.369658621230776,79.18717492886074,1495.1161,2085.0,23.346240997314453,27.249,0,2,0.0,30.0,45
41159,Pogatha,30.377895514255524,79.11591101342714,1958.9734,1994.0,17.94900894165039,33.203,0,2,0.0,30.0,49
41152,Raduva,30.38030051450363,79.21505340079645,1760.8568,1370.0,15.941658973693848,24.325,0,2,0.0,30.0,50
41234,Rano,30.307769406775137,79.17276740384978,1495.1161,1451.0,32.58747863769531,32.023,0,2,0.0,30.0,51
41175,Rauta,30.35492294074841,79.14377639661492,1495.1161,1821.0,42.8798828125,31.715,0,2,0.0,30.0,65
41263,Rikhwari,30.297515560610123,79.2618139330094,1495.1161,1062.0,30.64905166625977,26.483,0,2,0.0,30.0,51
41235,Rothla Laga Rano,30.311808555336547,79.1688365788645,1495.1161,1568.0,36.87408447265625,32.067,0,2,0.0,30.0,57
41251,Saimi gwad,30.285389465139342,79.20357912211968,1495.1161,1400.0,34.363555908203125,31.332,0,2,0.0,30.0,54
41142,Salna,30.40629547100878,79.20348736311206,1760.8568,1546.0,30.461549758911133,24.218,0,2,0.0,30.0,62
41185,Sangud,30.34221840362444,79.26370009113141,1495.1161,1084.0,33.710811614990234,22.813,0,2,0.0,30.0,57
41182,Sankari,30.36030725065488,79.23567894201432,1495.1161,1235.0,29.793344497680664,23.725,0,2,0.0,30.0,51
41215,Sankni,30.32209566253977,79.2026225251169,1495.1161,1657.0,34.05303955078125,28.772,0,2,0.0,30.0,55
41244,Sarmola,30.29719590867641,79.19810110927844,1495.1161,1401.0,28.90334129333496,30.848,0,2,0.0,30.0,47
41265,Sarna,30.29915359070961,79.24139815950758,1495.1161,1202.0,33.775882720947266,27.671,0,2,0.0,30.0,55
41197,Sarnachai,30.34405880033936,79.21991804746287,1495.1161,1676.0,18.409177780151367,25.993,0,2,0.0,30.0,41
41166,Satiyana,30.36996175072896,79.16061655748881,1495.1161,1764.0,16.729568481445312,29.544,0,2,0.0,30.0,38
41187,Satud,30.33221649642051,79.2476301791272,1495.1161,1607.0,26.75181198120117,24.706,0,2,0.0,30.0,48
41201,Sauda mangara,30.33214220022231,79.23601377569622,1495.1161,1565.0,23.66253089904785,25.562,0,2,0.0,30.0,46
41267,Selud,30.291941558773537,79.22080088908896,1495.1161,1191.0,17.144954681396484,29.634,0,2,0.0,30.0,39
41183,Sem,30.35609556567469,79.24392346874691,1495.1161,1123.0,11.14664363861084,23.338,0,2,0.0,30.0,37
41257,Semdugra,30.3097664365026,79.27040618649525,1495.1161,1443.0,38.373313903808594,24.916,0,2,0.0,30.0,62
41162,Sera,30.36573773393816,79.13600956536261,1495.1161,1921.0,52.6591796875,31.898,0,2,0.0,30.0,68
41136,Shrigadh,30.43346188140008,79.19830818089156,1760.8568,1860.0,9.62961483001709,23.875,0,2,0.0,30.0,46
41225,Simkholi,30.326330222021216,79.18467769376902,1495.1161,1382.0,36.63554382324219,29.897,0,2,0.0,30.0,58
41176,Simlasu,30.341052872197203,79.1489609093625,1495.1161,1163.0,10.30286693572998,31.973,0,2,0.0,30.0,32
41226,Sinau Palla,30.32580852110881,79.19109731216871,1495.1161,1561.0,25.500732421875,29.423,0,2,0.0,30.0,45
41216,Sinau Talla Malla,30.327567951434435,79.19678406769235,1495.1161,1885.0,14.5775146484375,28.865,0,2,0.0,30.0,37
41269,Siwae,30.28834373400361,79.23982986566976,1495.1161,971.0,36.92275238037109,28.647,0,2,0.0,30.0,59
41246,Sugi,30.28911816805304,79.17844190586368,1495.1161,928.0,34.41127014160156,32.869,0,2,0.0,30.0,53
41163,Tali Kansari,30.36941067007664,79.1495250883464,1495.1161,1839.0,20.28043937683105,30.544,0,2,0.0,30.0,41
41218,Tamundi,30.339452277562668,79.18565365690004,1495.1161,1478.0,20.819101333618164,29.019,0,2,0.0,30.0,42
41165,Thalabair,30.37447450869361,79.16929270476516,1495.1161,2209.0,29.967300415039062,28.578,0,2,0.0,30.0,49
41237,Toli laaga Gailung,30.318943935662404,79.16085865342886,1495.1161,1226.0,27.12811279296875,32.255,0,2,0.0,30.0,45
41236,Tolilagarano,30.313294006584893,79.15992802568996,1495.1161,1262.0,41.56621170043945,32.677,0,2,0.0,30.0,63
41184,Trishula,30.347687461411308,79.2544362352341,1495.1161,1051.0,15.387104034423828,23.1,0,2,0.0,30.0,40
41143,Tunji,30.411042939906544,79.1935840230769,1760.8568,1832.0,56.65305709838867,24.953,0,2,0.0,30.0,81
41213,Udaipur,30.329007329312223,79.20387341683268,1495.1161,1903.0,14.146230697631836,28.218,0,2,0.0,30.0,37
41258,Uttaraun,30.314076705641337,79.29120922610485,1495.1161,1223.0,29.2857666015625,23.269,0,2,0.0,30.0,51
41169,Valli,30.359256150955986,79.18693700291435,1495.1161,2111.0,40.27511978149414,27.802,0,2,0.0,30.0,64
41206,Vishal,30.34860715238529,79.20932536280513,1495.1161,1737.0,23.346240997314453,26.554,0,2,0.0,30.0,45
41684, Ratgaon Chak,30.129644938325296,79.54794576072818,1598.458,2025.0,18.830974578857425,40.027,0,2,0.0,30.0,42
41569,Aali,30.139437609197493,79.38469383440655,1598.458,1259.0,1.4190160036087036,38.006,0,2,0.0,30.0,32
41618,Adra,30.08434131953058,79.46877131973022,1199.082,1225.0,20.53091621398925,43.798,0,2,0.0,30.0,24
41625,Agar Chimni,30.091080495869345,79.41838025564866,1199.082,1778.0,34.234413146972656,43.03,0,2,0.0,30.0,37
41647,Alkot,30.06754439444958,79.44746514055136,1199.082,1695.0,25.539947509765625,45.585,0,2,0.0,30.0,27
41627,Angoth,30.09946427105533,79.4016058062036,1199.082,1409.0,15.756637573242188,42.217,0,2,0.0,30.0,21
41662,Angtoli,30.13767275974769,79.42175341933954,1598.458,1484.0,41.81723785400391,37.855,0,2,0.0,30.0,68
41551,Arkhanda,30.175976261580995,79.38777480060433,1598.458,1491.0,24.021404266357425,33.956,0,2,0.0,30.0,50
41563,Ased,30.14967220923157,79.40789662425163,1598.458,1484.0,21.62065315246582,36.62,0,2,0.0,30.0,46
41719,Ashothi,30.06538142190092,79.50255686750972,1199.082,1443.0,23.714468002319336,46.195,0,2,0.0,30.0,25
41753,Atthu,30.06298647641107,79.56612177450485,1199.082,1872.0,35.23564529418945,47.618,0,2,0.0,30.0,37
41619,Badiyun Sar,30.07878945851628,79.46839331565242,1199.082,1495.0,44.4705810546875,44.41,0,2,0.0,30.0,50
41778,Bahattara,30.14404078323754,79.7112513082519,3826.2017,2302.0,34.234413146972656,45.067,0,2,0.0,30.0,59
41723,Bainoli Malli,30.058089572009976,79.51028436419791,1199.082,1313.0,35.58419418334961,47.095,0,2,0.0,30.0,37
41586,Bainoli Talli,30.1176731052192,79.41189775701928,1199.082,1188.0,41.00814056396485,40.126,0,2,0.0,30.0,48
41741,Baisara,30.08534616731751,79.54592125803804,1199.082,2297.0,22.04344940185547,44.748,0,2,0.0,30.0,24
41798,Bajai,30.02569697369616,79.64643932766661,4163.0312,1562.0,21.062400817871097,53.949,0,2,0.0,30.0,44
41646,Bajwar,30.07286538761702,79.45341154455076,1199.082,1455.0,27.840526580810547,45.006,0,2,0.0,30.0,29
41716,Bajwar,30.06546227959435,79.48645967784381,1199.082,1722.0,35.76042175292969,46.015,0,2,0.0,30.0,38
41776,Balan,30.144418194730697,79.67521083618064,3826.2017,2645.0,64.3983383178711,43.277,0,2,0.0,30.0,75
41744,Baman Bera,30.08181371267638,79.58021335093761,1199.082,1843.0,18.087696075439453,45.976,0,2,0.0,30.0,21
41600,Baman Gaon,30.10821727984169,79.43405098384319,1199.082,1175.0,38.50979232788086,41.079,0,2,0.0,30.0,44
41527,Bamiyala,30.159590008116407,79.31989730908427,1495.1161,1501.0,36.04639053344727,37.258,0,2,0.0,30.0,53
41663,Banela,30.13125431001204,79.41050785173121,1598.458,1335.0,19.575305938720703,38.634,0,2,0.0,30.0,44
41783,Bank,30.12403047945307,79.63862208515903,4163.0312,1851.0,23.382280349731445,43.648,0,2,0.0,30.0,50
41633,Basina,30.07914053963685,79.40003544785706,1199.082,2169.0,27.81831359863281,44.474,0,2,0.0,30.0,29
41559,Bed Gaon,30.15765256559406,79.38962767084473,1598.458,1394.0,38.46039962768555,35.94,0,2,0.0,30.0,65
41570,Bedula,30.141925830435977,79.37187619557925,1495.1161,1080.0,23.86432266235352,37.931,0,2,0.0,30.0,40
41596,Beena Gaon,30.11286066894887,79.43153297222703,1199.082,1166.0,31.003835678100582,40.57,0,2,0.0,30.0,34
41742,Beradhar,30.076344572309075,79.54885355208734,1199.082,2251.0,38.22673416137695,45.784,0,2,0.0,30.0,41
41507,Bethara,30.20073949546934,79.36464264222852,1495.1161,2006.0,29.13850784301757,31.689,0,2,0.0,30.0,47
41538,Bhagoti,30.152585096089435,79.37203638268315,1495.1161,1000.0,48.326202392578125,36.765,0,2,0.0,30.0,65
41516,Bhangota,30.18509049349889,79.38525179737655,1598.458,1567.0,39.13724899291992,32.997,0,2,0.0,30.0,67
41495,Bhatiyana,30.23556338762496,79.34524983290592,1495.1161,1692.0,19.24176406860352,28.497,0,2,0.0,30.0,41
41639,Bhatiyana,30.077561932565818,79.44470444374083,1199.082,1757.0,27.73114967346192,44.472,0,2,0.0,30.0,29
41626,Bhela ,30.09244961401243,79.40686015944775,1199.082,1775.0,25.894296646118164,42.95,0,2,0.0,30.0,28
41709,Bhenta,30.06173675859375,79.48136199728363,1199.082,1926.0,11.492511749267578,46.383,0,2,0.0,30.0,15
41594,Bhidtoly,30.11754392921541,79.42066364383943,1199.082,1168.0,33.958648681640625,40.089,0,2,0.0,30.0,39
41496,Bhulkwani Gwad,30.246670839833342,79.3537683020058,1495.1161,1896.0,36.0610580444336,27.07,0,2,0.0,30.0,58
41604,Bhyadi,30.10073792466211,79.43323805251279,1199.082,1092.0,11.20921802520752,41.91,0,2,0.0,30.0,17
41582,Binayak,30.11933065224868,79.40358737458816,1199.082,1039.0,7.734390735626221,40.007,0,2,0.0,30.0,16
41580,Binwal Gaon,30.125740955967416,79.3966499247141,1598.458,1123.0,39.57608413696289,39.367,0,2,0.0,30.0,64
41529,Budera,30.14784022946843,79.31361859098911,1495.1161,1888.0,20.984575271606445,38.685,0,2,0.0,30.0,37
41733,Budjola,30.032264289992,79.53519113363268,1199.082,1638.0,13.912993431091309,50.304,0,2,0.0,30.0,16
41544,Bunga,30.122416912932405,79.34218671390154,711.58325,1795.0,25.240367889404297,40.635,0,2,0.0,30.0,25
41687,Bunga,30.12249819158633,79.51750296494791,1199.082,1563.0,14.505157470703123,40.159,0,2,0.0,30.0,21
41679,Bunga Chak Goptiyara,30.134781328633192,79.5151000598388,1598.458,1862.0,41.04950714111328,38.779,0,2,0.0,30.0,67
41682,Bursol,30.124011465351405,79.53057242488364,1199.082,1993.0,22.350040435791016,40.243,0,2,0.0,30.0,27
41548,Buwarkot,30.091909136427887,79.37547234207348,1199.082,1724.0,22.48512458801269,43.347,0,2,0.0,30.0,26
41554,Chaliya Pani,30.166525341745924,79.37434168096534,1495.1161,1419.0,31.667299270629883,35.206,0,2,0.0,30.0,48
41800,Chaud,30.02464900973415,79.68015524963471,4163.0312,1574.0,41.62196350097656,55.322,0,2,0.0,30.0,67
41708,Chaunda,30.06946646054829,79.48257227283052,1199.082,1591.0,15.106321334838867,45.539,0,2,0.0,30.0,18
41700,Chepadon,30.04331143480682,79.54529566012766,1199.082,1283.0,19.88581657409668,49.288,0,2,0.0,30.0,21
41602,Chhapali,30.10221011415479,79.43604292799927,1199.082,1210.0,29.602584838867188,41.742,0,2,0.0,30.0,32
41532,Chhekuda,30.14898344575393,79.34259749723331,1495.1161,1706.0,32.28184127807617,37.769,0,2,0.0,30.0,48
41736,Chidanga Khalsa,30.02964394476886,79.55675121068684,1199.082,1321.0,31.38104248046875,51.0,0,2,0.0,30.0,30
41737,Chidanga State,30.02368450786848,79.56612185145755,1199.082,1431.0,21.36457061767578,51.846,0,2,0.0,30.0,21
41668,Chidinga Talla,30.12644461765922,79.43197714289505,1598.458,1761.0,41.80513381958008,39.063,0,2,0.0,30.0,68
41502,Chirkhun,30.218525020813644,79.35092768820516,1495.1161,1463.0,15.076654434204102,30.128,0,2,0.0,30.0,37
41573,Chirona Laga Bedula,30.13092394934413,79.36606247585479,1495.1161,1263.0,29.67215347290039,39.231,0,2,0.0,30.0,44
41518,Chopata,30.18151709045689,79.3722956875933,1495.1161,1414.0,20.795534133911133,33.611,0,2,0.0,30.0,40
41806,Choting,30.04902205308321,79.77302264733977,4163.0312,1582.0,39.69167709350586,57.153,0,2,0.0,30.0,64
41598,Dangtoli,30.10920696760808,79.42023804453389,1199.082,1489.0,18.59851455688477,41.014,0,2,0.0,30.0,24
41677,Darmola Chak Dungri,30.13604712531409,79.5034001485468,1598.458,1841.0,18.59851455688477,38.451,0,2,0.0,30.0,43
41564,Daul,30.14917074378032,79.39905827858124,1598.458,1762.0,25.14706420898437,36.76,0,2,0.0,30.0,49
41530,Deliali Laga Chhekuda,30.146284854763124,79.32568484143829,1495.1161,1730.0,36.16128921508789,38.497,0,2,0.0,30.0,53
41721,Deorada,30.054834333992464,79.50037829897768,1199.082,1569.0,18.44111442565918,47.329,0,2,0.0,30.0,21
41762,Deosari,30.04372931398105,79.58381520007721,1199.082,1469.0,22.228614807128903,50.125,0,2,0.0,30.0,23
41710,Deval,30.06666370573272,79.47437648638501,1199.082,1849.0,17.708772659301758,45.788,0,2,0.0,30.0,20
41768,Devasthali Banudi,30.09342480847181,79.55343221420999,1199.082,2517.0,17.1218204498291,44.047,0,2,0.0,30.0,21
41605,Devpuri,30.10287075735456,79.42723415845734,1199.082,1276.0,23.714468002319336,41.688,0,2,0.0,30.0,27
41672,Dewal Gwar,30.09201601937599,79.47763823901562,1199.082,1267.0,35.76042175292969,43.009,0,2,0.0,30.0,39
41644,Dhalu,30.06946504196093,79.46425914340757,1199.082,1978.0,25.791051864624023,45.421,0,2,0.0,30.0,27
41764,Dhara Talla,30.038991028386896,79.56289009781362,1199.082,1490.0,31.124971389770508,50.124,0,2,0.0,30.0,30
41759,Dharamalla,30.0455702836034,79.5570241356395,1199.082,1710.0,31.94076919555664,49.284,0,2,0.0,30.0,32
41787,Dharkot Laga Suiyya,30.097660359138683,79.6515231256812,4163.0312,1742.0,38.669281005859375,46.821,0,2,0.0,30.0,65
41624,Dharwaram,30.0890224482809,79.43074183379925,1199.082,1274.0,28.90334129333496,43.213,0,2,0.0,30.0,31
41561,Dhulet,30.15758255847028,79.40473939924155,1598.458,1786.0,15.964374542236328,35.775,0,2,0.0,30.0,42
41695,Dhungakholi,30.066703713890423,79.5265919844066,1199.082,1411.0,17.144954681396484,46.401,0,2,0.0,30.0,20
41775,Diden Chak vaan,30.14961492240692,79.64392570832291,3826.2017,2804.0,32.19233703613281,41.348,0,2,0.0,30.0,59
41550,Dobha,30.17343373797788,79.3767377143257,1598.458,1382.0,36.38468551635742,34.411,0,2,0.0,30.0,63
41699,Doding Laga Chepadon,30.04690023955093,79.53930595970044,1199.082,1234.0,6.501572132110596,48.784,0,2,0.0,30.0,10
41553,Dungri,30.16916664497236,79.38623011331417,1598.458,1751.0,29.4364070892334,34.725,0,2,0.0,30.0,54
41676,Dungri,30.123244725492103,79.50353827903834,1199.082,1921.0,16.322511672973633,39.855,0,2,0.0,30.0,23
41692,Eri Chak Suna,30.08299929018119,79.50320138342259,1199.082,1312.0,32.548439025878906,44.267,0,2,0.0,30.0,34
41815,F-1,30.16754057966289,79.35416938091097,1495.1161,991.0,28.451772689819336,35.502,0,2,0.0,30.0,45
41814,F-2,30.21062277618496,79.39521195559868,1598.458,2608.0,35.295692443847656,30.052,0,2,0.0,30.0,63
41816,F-3,30.160671393090137,79.53269200496105,1598.458,2104.0,15.858224868774414,36.331,0,2,0.0,30.0,42
41817,F-4,30.01608857428172,79.52538237553071,1199.082,2357.0,25.06265640258789,51.914,0,2,0.0,30.0,24
41819,F-4 (P-2),30.022424205472504,79.78012554257815,4163.0312,2430.0,33.442562103271484,60.03,0,2,0.0,30.0,54
41818,F-5,30.16467763040881,79.74246041371119,3826.2017,3148.0,46.02320861816406,44.894,0,2,0.0,30.0,74
41667,Gadhkot,30.130391987681204,79.42262000002063,1598.458,1461.0,30.45941162109375,38.658,0,2,0.0,30.0,53
41591,Gadkot,30.10498891308276,79.38999632678406,1199.082,1551.0,28.88181495666504,41.725,0,2,0.0,30.0,31
41543,Gadseera,30.13581745339733,79.33978253352703,1495.1161,1442.0,32.71928024291992,39.25,0,2,0.0,30.0,48
41636,Gairwaram,30.0804540265722,79.42768645154493,1199.082,1402.0,13.739126205444336,44.17,0,2,0.0,30.0,18
41535,Gandik Malla,30.1565732096152,79.36290034658593,1495.1161,1106.0,35.8587760925293,36.502,0,2,0.0,30.0,53
41534,Gandik Talla,30.161963537152044,79.35929667948702,1495.1161,1190.0,36.438018798828125,35.992,0,2,0.0,30.0,54
41523,Gawani,30.176942771605457,79.32975081518688,1495.1161,1065.0,41.534786224365234,35.135,0,2,0.0,30.0,62
41680,Gerur,30.13977002816943,79.52464024456374,1598.458,1964.0,27.12811279296875,38.415,0,2,0.0,30.0,50
41552,Ghariyada Laga Dungri,30.17640400240137,79.3994796216002,1598.458,1735.0,32.78767013549805,33.757,0,2,0.0,30.0,58
41810,Ghat Bagad Chack Harmal,30.05878994525456,79.81892295548363,4163.0312,2313.0,20.47566604614257,58.712,0,2,0.0,30.0,43
41587,Gherbunga,30.11257190251045,79.41414228284384,1199.082,1437.0,33.51976776123047,40.675,0,2,0.0,30.0,38
41781,Ghes,30.119756719337005,79.69847996226483,4163.0312,2464.0,22.904815673828125,46.752,0,2,0.0,30.0,48
41780,Ghes Chack Sarmata,30.12615770160958,79.71915030435318,3826.2017,2287.0,41.05624008178711,47.151,0,2,0.0,30.0,68
41697,Gothinda,30.06356384415231,79.54579067117356,1199.082,1703.0,25.24018669128418,47.101,0,2,0.0,30.0,26
41730,Gudam State,30.03539383399371,79.51784641421463,1199.082,1851.0,15.505807876586914,49.689,0,2,0.0,30.0,17
41703,Gugawa,30.08023444306612,79.47667560247221,1199.082,1521.0,12.963456153869627,44.304,0,2,0.0,30.0,17
41686,Gumad Laga Gerur,30.11804824422221,79.51799819111969,1199.082,1681.0,34.919227600097656,40.653,0,2,0.0,30.0,40
41589,Gwad Laga Gadkot,30.10523147629965,79.39716357945834,1199.082,1244.0,31.38104248046875,41.622,0,2,0.0,30.0,34
41720,Gwad Laga Sunaun,30.06329472037733,79.49487490002629,1199.082,1577.0,11.422149658203123,46.337,0,2,0.0,30.0,15
41739,Gwaldam State,30.012001704253425,79.56729796972539,1199.082,1722.0,7.971547603607178,53.133,0,2,0.0,30.0,10
41588,Hans Koti,30.11165913048076,79.4007700046937,1199.082,1379.0,22.002422332763672,40.879,0,2,0.0,30.0,27
41770,Harani Chak Mundoli,30.121333247488643,79.6048522466832,1199.082,1948.0,34.72525405883789,42.617,0,2,0.0,30.0,38
41714,Harchand,30.049299431460387,79.48718596338534,1199.082,1938.0,16.322511672973633,47.805,0,2,0.0,30.0,19
41685,Hari Nagar Urf Laital,30.113234291825787,79.52724306690924,1199.082,1902.0,29.4364070892334,41.346,0,2,0.0,30.0,32
41809,Harmal,30.06256815326276,79.79763227312094,4163.0312,1697.0,43.83941650390625,57.188,0,2,0.0,30.0,69
41599,Harmani Malli,30.10654353425073,79.42771169027354,1199.082,1224.0,26.91687774658203,41.28,0,2,0.0,30.0,30
41595,Harmani Talli,30.11827092049369,79.42706697963614,1199.082,1197.0,40.76553726196289,39.983,0,2,0.0,30.0,48
41728,Hartoli Laga Thala,30.04124812697381,79.52265505520582,1199.082,1592.0,19.682422637939453,49.119,0,2,0.0,30.0,21
41752,Hat Kalyani,30.06304430158553,79.58827475575967,1199.082,1383.0,31.97436714172364,48.192,0,2,0.0,30.0,32
41779,Himani Chack Bhattara,30.14297978188144,79.73060389984842,3826.2017,2538.0,19.153854370117188,46.186,0,2,0.0,30.0,45
41756,Ichchholi,30.05390849262751,79.58574479928392,1199.082,1330.0,16.322511672973633,49.092,0,2,0.0,30.0,18
41612,Ida,30.09953092186575,79.42459394493325,1199.082,1366.0,23.578582763671875,42.067,0,2,0.0,30.0,27
41650,Ida,30.16173048777464,79.43965684292766,1598.458,2013.0,30.598501205444336,35.142,0,2,0.0,30.0,55
41623,Jabar Kot,30.08081309345972,79.43811690943305,1199.082,1692.0,13.921659469604492,44.112,0,2,0.0,30.0,18
41555,Jakh,30.160539350811703,79.37997383186979,1598.458,1547.0,26.008861541748047,35.765,0,2,0.0,30.0,50
41658,Jakh,30.151672116565468,79.43276819756187,1598.458,2237.0,29.55988311767578,36.266,0,2,0.0,30.0,53
41504,Jakh Laga Sainj,30.21047030665935,79.35769894901935,1495.1161,1867.0,37.80008316040039,30.808,0,2,0.0,30.0,59
41584,Jakhwal Kot,30.115640825325247,79.38268840229075,1199.082,1519.0,41.28467178344727,40.644,0,2,0.0,30.0,48
41659,Jaspur Laga Jakh,30.151938708189707,79.44229962900776,1598.458,2261.0,15.140144348144531,36.227,0,2,0.0,30.0,41
41808,Jhaliya,30.07298808618899,79.79862291913106,4163.0312,2257.0,20.53091621398925,56.294,0,2,0.0,30.0,43
41597,Jhangor Gaon,30.11171225393069,79.42613030394922,1199.082,1237.0,18.41670608520508,40.712,0,2,0.0,30.0,24
41528,Jhijhoni,30.154129724562765,79.32639312733932,1495.1161,1439.0,28.40104484558105,37.645,0,2,0.0,30.0,44
41638,Jhinjholi,30.069205128181125,79.43344268852309,1199.082,1854.0,29.507362365722656,45.404,0,2,0.0,30.0,30
41734,Jola,30.03193552241605,79.54238012082598,1199.082,1531.0,25.61371612548828,50.468,0,2,0.0,30.0,25
41560,Junair,30.15520776563308,79.39777296390444,1598.458,1759.0,16.323976516723633,36.109,0,2,0.0,30.0,42
41609,Jyuda,30.103659506897507,79.40295597859858,1199.082,1362.0,27.00050926208496,41.742,0,2,0.0,30.0,30
41506,Kafar Teer,30.20380288915436,79.35220584086458,1495.1161,1834.0,12.722667694091797,31.661,0,2,0.0,30.0,34
41524,Kafoli Malli,30.16647863453932,79.32056729356806,1495.1161,1725.0,23.888748168945312,36.513,0,2,0.0,30.0,41
41522,Kafoli Talli,30.17144810821098,79.3367580045581,1495.1161,1048.0,49.00307846069336,35.519,0,2,0.0,30.0,66
41755,Kail,30.056078943141618,79.5895261516688,1199.082,1426.0,48.44944381713867,48.966,0,2,0.0,30.0,49
41615,Kakad Toli,30.092549965172022,79.44595179359307,1199.082,1147.0,35.155696868896484,42.812,0,2,0.0,30.0,39
41702,Kakhda,30.081051698664485,79.48458112839945,1199.082,1358.0,20.47566604614257,44.278,0,2,0.0,30.0,23
41746,Kalsiri,30.07555586333609,79.6096896898643,1199.082,1906.0,8.965811729431152,47.528,0,2,0.0,30.0,13
41664,Kanda Gwar,30.13129703337253,79.40385375354859,1598.458,1436.0,33.42439270019531,38.684,0,2,0.0,30.0,57
41745,Kandai,30.08093348997805,79.59373975651387,1199.082,1430.0,3.222289562225342,46.462,0,2,0.0,30.0,10
41526,Kandwal Gaon,30.16484718037937,79.33664132227658,1495.1161,1214.0,46.97791290283203,36.225,0,2,0.0,30.0,66
41592,Kansola,30.09950831298847,79.39101848985946,1199.082,1363.0,32.56306457519531,42.317,0,2,0.0,30.0,35
41740,Karbali Chak Beradhar,30.090646762947884,79.53608429445137,1199.082,2031.0,27.9175968170166,43.97,0,2,0.0,30.0,29
41607,Karchauda,30.10272363497763,79.41320870871184,1199.082,1520.0,18.217002868652344,41.77,0,2,0.0,30.0,23
41713,Kasbi Nagar,30.04511701975155,79.4859443276337,1199.082,1987.0,14.71071720123291,48.256,0,2,0.0,30.0,17
41558,Kathaligad ,30.16276099159503,79.3958205857814,1598.458,1873.0,33.804718017578125,35.3,0,2,0.0,30.0,59
41576,Kaub,30.125330127987933,79.37379917176054,1495.1161,1585.0,5.541357040405273,39.712,0,2,0.0,30.0,24
41660,Kei Painti,30.136893101449967,79.44557309981931,1598.458,2298.0,23.714468002319336,37.897,0,2,0.0,30.0,47
41675,Kera,30.103103561246904,79.49852709287593,1199.082,1822.0,29.419404983520508,41.999,0,2,0.0,30.0,32
41542,Keshawa,30.140076411046586,79.35550569678357,1495.1161,1446.0,28.314332962036133,38.44,0,2,0.0,30.0,43
41540,Kevar Malla,30.147937926986057,79.37376801643373,1495.1161,1057.0,41.41670227050781,37.243,0,2,0.0,30.0,60
41539,Kevar Talla,30.14646890393044,79.37883236645918,1598.458,1096.0,25.24018669128418,37.321,0,2,0.0,30.0,49
41630,Khainoli,30.086275535170618,79.37932646927362,1199.082,1562.0,32.93807601928711,43.913,0,2,0.0,30.0,35
41520,Khaintoli,30.181884143770027,79.35886440571164,1495.1161,1360.0,33.50211715698242,33.851,0,2,0.0,30.0,51
41805,Kheta Manmati,30.03548014814716,79.75259547938269,4163.0312,1747.0,18.0333194732666,57.45,0,2,0.0,30.0,41
41706,Kimani,30.075131498647377,79.48187246682045,1199.082,1515.0,18.133197784423828,44.908,0,2,0.0,30.0,21
41545,Kimoli,30.113842994422303,79.36848353210875,711.58325,1794.0,11.14664363861084,41.053,0,2,0.0,30.0,13
41681,Kolpudi,30.14073014769541,79.53193529514402,1598.458,1758.0,12.361214637756348,38.463,0,2,0.0,30.0,38
41501,Kot,30.22542589439362,79.34721214649639,1495.1161,1403.0,18.782129287719727,29.504,0,2,0.0,30.0,40
41712,Kot Laga Deval,30.05285896078105,79.47717172572749,1199.082,2205.0,22.48512458801269,47.333,0,2,0.0,30.0,24
41801,Koteda,30.02704791028287,79.69579052052192,4163.0312,1796.0,28.599016189575195,55.724,0,2,0.0,30.0,50
41500,Kothali,30.2261314238551,79.35850784816004,1495.1161,1645.0,26.135719299316406,29.114,0,2,0.0,30.0,46
41499,Kothara,30.23191370999308,79.36377446964865,1495.1161,1667.0,9.731427192687988,28.361,0,2,0.0,30.0,33
41766,Kothi,30.034055593449622,79.56294027990214,1199.082,1326.0,35.843467712402344,50.657,0,2,0.0,30.0,36
41661,Kothraj Kundi,30.13357122746533,79.4362778432214,1598.458,1986.0,30.078161239624023,38.266,0,2,0.0,30.0,52
41617,Kulsari,30.08721961881179,79.46111816464385,1199.082,1154.0,17.881000518798828,43.441,0,2,0.0,30.0,22
41603,Kund Bagar,30.0983456637639,79.43816686800243,1199.082,1142.0,16.917356491088867,42.169,0,2,0.0,30.0,22
41696,Kuni,30.06724508325627,79.53805009066508,1199.082,1580.0,20.53091621398925,46.549,0,2,0.0,30.0,22
41688,Kurad,30.10638848881081,79.51498330749938,1199.082,1814.0,38.837646484375,41.875,0,2,0.0,30.0,44
41514,Kush,30.192295097725648,79.38773102717431,1598.458,2058.0,35.83103561401367,32.17,0,2,0.0,30.0,63
41704,Lamkundi,30.07813496787432,79.47340208236886,1199.082,1610.0,28.559232711791992,44.513,0,2,0.0,30.0,30
41571,Leguna,30.137510988289225,79.37562913893021,1598.458,1200.0,23.477352142333984,38.351,0,2,0.0,30.0,47
41799,Lingadi,30.026750039836053,79.66332771479442,4163.0312,1583.0,39.6077766418457,54.456,0,2,0.0,30.0,64
41738,Loda,30.014478112384943,79.55472215028001,1199.082,1778.0,20.495237350463867,52.602,0,2,0.0,30.0,20
41509,Lodhala,30.192668255983502,79.36631928426942,1495.1161,1511.0,29.235254287719727,32.523,0,2,0.0,30.0,47
41724,Lolti,30.04926663756863,79.49487850804178,1199.082,1691.0,19.88581657409668,47.883,0,2,0.0,30.0,21
41751,Losari,30.0606851719456,79.6003276872856,1199.082,1995.0,49.94263458251953,48.793,0,2,0.0,30.0,49
41769,Lwani,30.10253864144176,79.57980807258176,1199.082,2118.0,45.5557746887207,43.77,0,2,0.0,30.0,51
41711,Maal,30.062618066712425,79.4718631686935,1199.082,1983.0,12.963456153869627,46.219,0,2,0.0,30.0,16
41631,Maiduni,30.08592921044925,79.38941380451922,1199.082,1804.0,32.02701568603516,43.83,0,2,0.0,30.0,34
41792,Mailminda,30.054745270629933,79.62840496264488,4163.0312,2063.0,22.78743934631348,50.319,0,2,0.0,30.0,47
41674,Main,30.08981527228947,79.5159050297886,1199.082,1787.0,39.1202392578125,43.701,0,2,0.0,30.0,44
41621,Maita Talla,30.08344484564506,79.45114974367294,1199.082,1451.0,25.45785140991211,43.829,0,2,0.0,30.0,28
41666,Majetha Laga Angtoli,30.12948223693584,79.41639255181404,1598.458,1324.0,25.25132369995117,38.791,0,2,0.0,30.0,48
41634,Mal Laga Jyuda,30.082783386529503,79.41424532209759,1199.082,2014.0,31.96197509765625,43.97,0,2,0.0,30.0,34
41784,Malla,30.110539360922804,79.61410258499495,1199.082,2126.0,25.87483787536621,44.059,0,2,0.0,30.0,28
41614,Maltura,30.093788235299257,79.43784797757948,1199.082,1147.0,10.926916122436523,42.674,0,2,0.0,30.0,17
41531,Manoda,30.142636393830145,79.33711791243815,1495.1161,1787.0,48.375099182128906,38.584,0,2,0.0,30.0,64
41565,Manoor,30.15151206479031,79.39167333156728,1598.458,1612.0,23.39569854736328,36.588,0,2,0.0,30.0,48
41590,Maroda,30.109831279465183,79.38821231976601,1199.082,1699.0,21.41177749633789,41.213,0,2,0.0,30.0,26
41536,Mauna,30.15279987368569,79.35317969097808,1495.1161,1277.0,39.53693008422852,37.114,0,2,0.0,30.0,58
41574,Meeng,30.1337705274823,79.37818755438644,1598.458,1154.0,30.74292182922364,38.721,0,2,0.0,30.0,53
41772,Mela Chak Mundoli,30.1524620324028,79.621488770033,1598.458,2394.0,14.71071720123291,40.093,0,2,0.0,30.0,39
41804,Melkhet,30.022897996760552,79.72402935895828,4163.0312,1511.0,38.98500442504883,57.374,0,2,0.0,30.0,63
41705,Meltha,30.072480024731902,79.4740491348086,1199.082,1749.0,22.61971473693848,45.143,0,2,0.0,30.0,25
41640,Menta Malla,30.076397535417097,79.44980117597706,1199.082,1502.0,37.12193298339844,44.607,0,2,0.0,30.0,40
41790,Moda Chak Padmalla,30.04971035636684,79.61149840109057,1199.082,1791.0,22.537822723388672,50.289,0,2,0.0,30.0,23
41498,Moli Laga Kot,30.239019572936147,79.37132615489159,1495.1161,2218.0,43.62774658203125,27.415,0,2,0.0,30.0,68
41654,Mona Gwar,30.144392516784126,79.4160109349314,1598.458,1522.0,29.28362846374512,37.144,0,2,0.0,30.0,52
41802,Mopata,30.01604851423684,79.69058167895955,4163.0312,1632.0,16.180294036865234,56.608,0,2,0.0,30.0,40
41771,Mundoli,30.143616580408,79.61834054242973,1598.458,2210.0,46.19567489624024,40.853,0,2,0.0,30.0,71
41643,Nail,30.075907588067416,79.46348370565623,1199.082,1595.0,33.5583381652832,44.704,0,2,0.0,30.0,35
41549,Nail ,30.171779852517133,79.36407421851936,1495.1161,1424.0,46.008182525634766,34.83,0,2,0.0,30.0,66
41572,Naini,30.13341010000064,79.35905510263304,1495.1161,1280.0,21.49403953552246,39.091,0,2,0.0,30.0,37
41651,Nakholi,30.15825669182774,79.42672099320208,1598.458,1878.0,32.519832611083984,35.555,0,2,0.0,30.0,57
41803,Naldhura,30.02352350766529,79.71077665991534,4163.0312,1582.0,41.70222473144531,56.719,0,2,0.0,30.0,66
41521,Nalgaon Kadkot,30.177825870311377,79.35219939013186,1495.1161,1225.0,35.53391647338867,34.442,0,2,0.0,30.0,54
41525,Nalgaon Sirgur,30.1723905037686,79.35026466309829,1495.1161,1060.0,58.30857849121094,35.072,0,2,0.0,30.0,66
41635,Nam Tol,30.083101408448176,79.42267512536546,1199.082,1649.0,26.12380027770996,43.894,0,2,0.0,30.0,28
41652,Nand Gaon,30.15956976126184,79.4174163548275,1598.458,1595.0,22.537822723388672,35.456,0,2,0.0,30.0,48
41760,Nand Keshari,30.04425540517912,79.56464620026854,1199.082,1477.0,22.55498695373535,49.596,0,2,0.0,30.0,23
41567,Narayan Bagar,30.145592969726348,79.39356078215282,1598.458,1569.0,32.05488204956055,37.216,0,2,0.0,30.0,55
41593,Nau Gaon,30.095767155027325,79.38993336392598,1199.082,1451.0,33.21397018432617,42.741,0,2,0.0,30.0,36
41645,Nauna,30.069189044527235,79.45599645596073,1199.082,1719.0,33.775882720947266,45.421,0,2,0.0,30.0,36
41581,Nautha,30.124947744522977,79.40399175332128,1199.082,1141.0,16.94384765625,39.383,0,2,0.0,30.0,23
41608,Nawali,30.10780997543089,79.41029809030591,1199.082,1274.0,15.505807876586914,41.227,0,2,0.0,30.0,21
41606,Neeladi,30.10454927264549,79.42080628770601,1199.082,1466.0,24.90997314453125,41.527,0,2,0.0,30.0,28
41796,Odar,30.033150122608465,79.64082250420952,4163.0312,1345.0,14.541654586791992,52.982,0,2,0.0,30.0,39
41789,Padmalla,30.04338554754549,79.60307343088908,1199.082,1311.0,26.727724075317383,50.698,0,2,0.0,30.0,26
41505,Paina,30.20847236646392,79.3670424660644,1495.1161,2027.0,29.00024032592773,30.801,0,2,0.0,30.0,47
41670,Paingadh,30.10531464687913,79.44576118481184,1199.082,1373.0,37.304237365722656,41.397,0,2,0.0,30.0,42
41749,Painthi Laga Ulangra,30.074631771674888,79.58556894563138,1199.082,1453.0,27.39251518249512,46.888,0,2,0.0,30.0,28
41665,Paithani,30.125352471386684,79.41948283021837,1598.458,1519.0,20.642236709594727,39.231,0,2,0.0,30.0,44
41568,Palchhuni,30.139707962938164,79.39740500790347,1598.458,1572.0,23.658472061157227,37.82,0,2,0.0,30.0,47
41583,Pali Malli,30.118898483212053,79.39693908128237,1199.082,1161.0,20.005857467651367,40.118,0,2,0.0,30.0,25
41585,Pali Talli,30.11688106451223,79.39355369005068,1199.082,1293.0,22.150453567504883,40.376,0,2,0.0,30.0,27
41791,Palwara Laga Odar,30.062108032839184,79.61732536614412,1199.082,2035.0,25.08479118347168,49.181,0,2,0.0,30.0,25
41575,Panti,30.13308449917795,79.39101675664175,1598.458,1116.0,40.63677978515625,38.622,0,2,0.0,30.0,66
41562,Parkhal,30.15445826486288,79.40794752834013,1598.458,1591.0,18.87505531311035,36.091,0,2,0.0,30.0,44
41690,Partha Chak Kuni,30.08927942062326,79.52752934933098,1199.082,1840.0,22.832061767578125,43.956,0,2,0.0,30.0,25
41620,Pastoli,30.082929451344008,79.46195859969602,1199.082,1305.0,24.358583450317383,43.92,0,2,0.0,30.0,27
41795,Phainti Gunth,30.04378047096596,79.64518027392697,4163.0312,1898.0,34.890350341796875,52.042,0,2,0.0,30.0,58
41748,Phaldhiya Gaon,30.07175440936692,79.59713869905676,1199.082,1503.0,40.12090301513672,47.531,0,2,0.0,30.0,43
41510,Pharkot,30.18872535222713,79.35221007783593,1495.1161,1261.0,32.57343292236328,33.273,0,2,0.0,30.0,50
41767,Pharsongad,30.02682883475428,79.57265711385512,1199.082,1730.0,31.12395095825196,51.657,0,2,0.0,30.0,30
41782,Pinau Laga Balan,30.121058383256223,79.6716140979683,4163.0312,2151.0,41.431922912597656,45.404,0,2,0.0,30.0,69
41611,Pokhada,30.09839516728601,79.41974850535969,1199.082,1617.0,32.9825325012207,42.213,0,2,0.0,30.0,36
41797,Pokhri Laga Odar,30.035205221897687,79.65612722101247,4163.0312,1522.0,52.09956741333008,53.322,0,2,0.0,30.0,72
41757,Purna,30.05424865817093,79.57265837758975,1199.082,1515.0,25.00537872314453,48.715,0,2,0.0,30.0,25
41648,Raigaon,30.162946906957103,79.40911703441022,1598.458,2023.0,30.653705596923828,35.144,0,2,0.0,30.0,55
41793,Rain Laga Odar,30.037235712535228,79.61629621357999,1199.082,1638.0,39.07512283325195,51.746,0,2,0.0,30.0,40
41512,Rains,30.19262178992229,79.38033453924275,1598.458,1931.0,44.9570198059082,32.256,0,2,0.0,30.0,75
41641,Rampur,30.07743621798545,79.4554312150933,1199.082,1394.0,39.64130401611328,44.505,0,2,0.0,30.0,44
41812,Rampur Laga Harmal,30.043000319653448,79.78993005032711,4163.0312,2109.0,28.605728149414062,58.585,0,2,0.0,30.0,49
41541,Ratani,30.143064802714832,79.36335525684552,1495.1161,1245.0,18.31336212158203,37.96,0,2,0.0,30.0,35
41683,Ratgaon goonth,30.13544563309864,79.54134526440905,1598.458,2011.0,18.45222282409668,39.246,0,2,0.0,30.0,42
41578,Rathiya Malla,30.12124414513304,79.38487885214677,1199.082,1339.0,13.784358024597168,40.0,0,2,0.0,30.0,21
41637,Rei,30.07512777661507,79.4280390109315,1199.082,1556.0,40.44710540771485,44.759,0,2,0.0,30.0,45
41678,Ruisan,30.14157509595341,79.50983738138291,1598.458,2020.0,16.917356491088867,37.948,0,2,0.0,30.0,42
41691,Sagwada,30.075270050252936,79.5207336072339,1199.082,1717.0,19.60857009887696,45.368,0,2,0.0,30.0,22
41694,Sahu Gaon Laga  Junidhar,30.05612042865705,79.52814378979183,1199.082,1309.0,41.27059173583984,47.582,0,2,0.0,30.0,45
41656,Sainar,30.14593644743091,79.42819184268855,1598.458,2168.0,49.09079360961914,36.914,0,2,0.0,30.0,73
41503,Sainj,30.211774382008112,79.34988579068093,1495.1161,1635.0,27.01227569580078,30.874,0,2,0.0,30.0,46
41642,Salpur,30.080563570735865,79.46018427125878,1199.082,1393.0,13.130586624145508,44.175,0,2,0.0,30.0,18
41610,Saned,30.09837122420112,79.41310050994717,1199.082,1642.0,16.180294036865234,42.252,0,2,0.0,30.0,21
41649,Sankot,30.168334196720508,79.43179401820349,1598.458,1895.0,12.64432430267334,34.422,0,2,0.0,30.0,40
41763,Sarkot,30.03349677702013,79.57736488459075,1199.082,1474.0,22.04344940185547,51.054,0,2,0.0,30.0,22
41747,Sawad,30.06951251127366,79.60715400784288,1199.082,1783.0,30.018409729003903,48.078,0,2,0.0,30.0,30
41557,Seeri,30.166956092268176,79.40135256141374,1598.458,2069.0,9.274892807006836,34.776,0,2,0.0,30.0,37
41622,Semal,30.083235087749244,79.44420285046218,1199.082,1619.0,15.242316246032717,43.843,0,2,0.0,30.0,19
41732,Sera Laga Bhenta,30.038691691210417,79.5409397033827,1199.082,1406.0,19.79098892211914,49.707,0,2,0.0,30.0,21
41669,Silaudi,30.11748582507252,79.44051411394328,1199.082,1679.0,30.427698135375977,40.046,0,2,0.0,30.0,34
41754,Silkhola Laga Ichchholi,30.05826627793021,79.58049417801625,1199.082,1399.0,15.140144348144531,48.487,0,2,0.0,30.0,17
41533,Silodi,30.158435096742146,79.35010792959714,1495.1161,1621.0,32.92922592163086,36.576,0,2,0.0,30.0,49
41707,Simal Sain,30.07734258323587,79.48992493530962,1199.082,1335.0,17.779081344604492,44.738,0,2,0.0,30.0,21
41653,Simli,30.150672303818013,79.42006856425036,1598.458,1835.0,47.5109977722168,36.425,0,2,0.0,30.0,73
41718,Sinai Malli,30.0690281714228,79.49774359329287,1199.082,1473.0,35.798580169677734,45.737,0,2,0.0,30.0,38
41717,Sinai Talli,30.067353969041857,79.49271551639272,1199.082,1514.0,12.92363452911377,45.867,0,2,0.0,30.0,17
41761,Soding Laga Trikot,30.04519227096989,79.57262330836237,1199.082,1342.0,57.4388542175293,49.685,0,2,0.0,30.0,49
41511,Solta,30.18703453313672,79.36543134678477,1495.1161,1494.0,39.6910400390625,33.151,0,2,0.0,30.0,60
41701,Sonala,30.085247848911088,79.47894629457602,1199.082,1316.0,21.49403953552246,43.767,0,2,0.0,30.0,25
41758,Sringthal,30.05211814914441,79.55908220672589,1199.082,1725.0,35.01222229003906,48.623,0,2,0.0,30.0,36
41786,Suiyya,30.10277111836024,79.63277766025469,4163.0312,1923.0,40.76553726196289,45.553,0,2,0.0,30.0,68
41673,Suna,30.08883327997474,79.4932339560564,1199.082,1443.0,34.296424865722656,43.506,0,2,0.0,30.0,37
41497,Sunabhi,30.237839322648373,79.3579542297074,1495.1161,1723.0,37.4205436706543,27.884,0,2,0.0,30.0,60
41671,Sunaun,30.093737888306496,79.46032440967764,1199.082,1202.0,32.78767013549805,42.716,0,2,0.0,30.0,36
41715,Sunaun,30.055213629073453,79.48912296072551,1199.082,1802.0,10.107964515686035,47.17,0,2,0.0,30.0,14
41601,Sunsari,30.10524579521983,79.43460994596202,1199.082,1085.0,23.404645919799805,41.408,0,2,0.0,30.0,27
41547,Swan Malla,30.104988477881665,79.38060498834032,1199.082,1866.0,17.212677001953125,41.842,0,2,0.0,30.0,22
41577,Swan Talla,30.12082126337037,79.37217650148705,711.58325,1646.0,6.400083065032959,40.231,0,2,0.0,30.0,10
41628,Syalpur,30.093757490998467,79.39775113990972,1199.082,1697.0,34.647701263427734,42.882,0,2,0.0,30.0,38
41629,Syunta,30.09268238344153,79.38667248942947,1199.082,1478.0,32.95106506347656,43.118,0,2,0.0,30.0,36
41616,Tajpur,30.08964275041438,79.45391114483147,1199.082,1196.0,23.17543601989746,43.149,0,2,0.0,30.0,26
41785,Tajpur Laga Kandai,30.08890941560234,79.60244499428605,1199.082,1387.0,28.80051612854004,45.899,0,2,0.0,30.0,29
41788,Talor,30.0476469010779,79.59193291975605,1199.082,1290.0,3.5097556114196777,49.927,0,2,0.0,30.0,9
41729,Talwari Free Sample State,30.0402873386569,79.51150729217618,1199.082,1839.0,23.07278251647949,49.066,0,2,0.0,30.0,24
41726,Talwari Khalsa,30.04864085988933,79.520205751988,1199.082,1495.0,11.20921802520752,48.273,0,2,0.0,30.0,14
41731,Talwari State,30.0382045056352,79.52996419367402,1199.082,1496.0,49.49711608886719,49.568,0,2,0.0,30.0,49
41566,Tentuda,30.148414934822807,79.38663938346228,1598.458,1257.0,32.20940399169922,36.994,0,2,0.0,30.0,56
41725,Thala,30.04693378835775,79.50739999126999,1199.082,1867.0,14.5775146484375,48.283,0,2,0.0,30.0,17
41689,Thangira,30.102810064781725,79.5056823152751,1199.082,1491.0,34.38278579711914,42.126,0,2,0.0,30.0,38
41693,Tharali,30.068739106942665,79.50996239415001,1199.082,1319.0,38.56660842895508,45.922,0,2,0.0,30.0,42
41556,Thirota Gwad,30.1659629429469,79.39244297320275,1598.458,1994.0,38.82015609741211,34.991,0,2,0.0,30.0,66
41632,Titar Kholi,30.083912069302567,79.4020950275492,1199.082,2090.0,33.20233154296875,43.93,0,2,0.0,30.0,35
41657,Tonda Laga Angtoli,30.144188987387416,79.43889993407569,1598.458,2352.0,41.02081680297852,37.087,0,2,0.0,30.0,68
41813,Torati,30.031977896556064,79.79571845800604,4163.0312,2375.0,57.38492584228516,59.915,0,2,0.0,30.0,70
41735,Trikot,30.03058837624572,79.54858640456098,1199.082,1498.0,39.54346084594727,50.733,0,2,0.0,30.0,41
41698,Tundari,30.05276186850375,79.54651955906014,1199.082,1640.0,34.70708465576172,48.287,0,2,0.0,30.0,36
41519,Tuneda,30.183193293772423,79.36647276633599,1495.1161,1423.0,23.04251289367676,33.545,0,2,0.0,30.0,41
41722,Tungeshwar,30.06107296421319,79.50427811608161,1199.082,1587.0,26.783740997314453,46.69,0,2,0.0,30.0,27
41655,Tuniya Laga Angtoli,30.1407090978084,79.41141898634528,1598.458,1293.0,8.586721420288086,37.582,0,2,0.0,30.0,35
41613,Tyula,30.09532693346275,79.42888666883623,1199.082,1352.0,21.41177749633789,42.519,0,2,0.0,30.0,25
41807,Udaypur Laga Choting,30.076646472659363,79.77237841919872,4163.0312,1943.0,33.97281265258789,54.536,0,2,0.0,30.0,57
41750,Ulangra,30.06935450479567,79.58699034508393,1199.082,1464.0,33.49570846557617,47.487,0,2,0.0,30.0,34
41765,Uni Laga Kothi,30.037247688451124,79.55359687975697,1199.082,1303.0,28.599016189575195,50.112,0,2,0.0,30.0,28
41811,Upathar Chack Harmal,30.04853909168461,79.80662513967891,4163.0312,2329.0,25.55778884887696,58.961,0,2,0.0,30.0,47
41774,Vaan,30.190902780262952,79.62968003419292,3826.2017,2528.0,14.41360569000244,36.676,0,2,0.0,30.0,46
41773,Vaan Madhye Kuling,30.16428792511853,79.62907679672134,3826.2017,2166.0,32.57343292236328,39.244,0,2,0.0,30.0,61
41727,Vijaypur,30.04581668819533,79.52840699310252,1199.082,1486.0,23.66253089904785,48.711,0,2,0.0,30.0,24
