habitation_id,soil_type,soil_depth_cm,soil_moisture,clay_pct,sand_pct,silt_pct,organic_carbon_pct,permeability,geology_type
41118,Brown Forest Soils (Dystric Eutrochrepts),65.0,NA,18.4,49.0,32.6,1.28,moderate,"Garhwal Group / Chamoli Formation (Massive Quartzite, Metavolcanics, Dolomite)"
41084,Brown Forest Soils (Dystric Eutrochrepts),65.0,NA,18.4,49.0,32.6,1.28,moderate,"Garhwal Group / Chamoli Formation (Massive Quartzite, Metavolcanics, Dolomite)"
41009,Brown Forest Soils (Dystric Eutrochrepts),65.0,NA,18.4,49.0,32.6,1.28,moderate,"Garhwal Group / Chamoli Formation (Massive Quartzite, Metavolcanics, Dolomite)"
40991,Sub-montane Meadow and Fluvial Terrace Soils (Udifluvents),110.0,NA,22.5,36.0,41.5,0.92,moderately rapid,"Garhwal Group / Chamoli Formation (Massive Quartzite, Metavolcanics, Dolomite)"
40962,Brown Forest Soils (Dystric Eutrochrepts),65.0,NA,18.4,49.0,32.6,1.28,moderate,"Garhwal Group / Chamoli Formation (Massive Quartzite, Metavolcanics, Dolomite)"
40909,Brown Forest Soils (Dystric Eutrochrepts),65.0,NA,18.4,49.0,32.6,1.28,moderate,"Garhwal Group / Chamoli Formation (Massive Quartzite, Metavolcanics, Dolomite)"
40986,Brown Forest Soils (Dystric Eutrochrepts),65.0,NA,18.4,49.0,32.6,1.28,moderate,"Garhwal Group / Chamoli Formation (Massive Quartzite, Metavolcanics, Dolomite)"
41008,Brown Forest Soils (Dystric Eutrochrepts),65.0,NA,18.4,49.0,32.6,1.28,moderate,"Garhwal Group / Chamoli Formation (Massive Quartzite, Metavolcanics, Dolomite)"
40922,Brown Forest Soils (Dystric Eutrochrepts),65.0,NA,18.4,49.0,32.6,1.28,moderate,"Garhwal Group / Chamoli Formation (Massive Quartzite, Metavolcanics, Dolomite)"
41039,Brown Forest Soils (Dystric Eutrochrepts),65.0,NA,18.4,49.0,32.6,1.28,moderate,"Garhwal Group / Chamoli Formation (Massive Quartzite, Metavolcanics, Dolomite)"
41093,Mountain Meadow Soils (Typic Cryorthents),35.0,NA,12.2,61.0,26.8,2.15,moderately rapid,"Garhwal Group / Chamoli Formation (Massive Quartzite, Metavolcanics, Dolomite)"
40926,Brown Forest Soils (Dystric Eutrochrepts),65.0,NA,18.4,49.0,32.6,1.28,moderate,"Garhwal Group / Chamoli Formation (Massive Quartzite, Metavolcanics, Dolomite)"
41047,Sub-montane Meadow and Fluvial Terrace Soils (Udifluvents),110.0,NA,22.5,36.0,41.5,0.92,moderately rapid,"Garhwal Group / Chamoli Formation (Massive Quartzite, Metavolcanics, Dolomite)"
40924,Brown Forest Soils (Dystric Eutrochrepts),65.0,NA,18.4,49.0,32.6,1.28,moderate,"Garhwal Group / Chamoli Formation (Massive Quartzite, Metavolcanics, Dolomite)"
41122,Brown Forest Soils (Dystric Eutrochrepts),65.0,NA,18.4,49.0,32.6,1.28,moderate,"Garhwal Group / Chamoli Formation (Massive Quartzite, Metavolcanics, Dolomite)"
41104,Brown Forest Soils (Dystric Eutrochrepts),65.0,NA,18.4,49.0,32.6,1.28,moderate,"Garhwal Group / Chamoli Formation (Massive Quartzite, Metavolcanics, Dolomite)"
40974,Brown Forest Soils (Dystric Eutrochrepts),65.0,NA,18.4,49.0,32.6,1.28,moderate,"Garhwal Group / Chamoli Formation (Massive Quartzite, Metavolcanics, Dolomite)"
41026,Brown Forest Soils (Dystric Eutrochrepts),65.0,NA,18.4,49.0,32.6,1.28,moderate,"Garhwal Group / Chamoli Formation (Massive Quartzite, Metavolcanics, Dolomite)"
40963,Brown Forest Soils (Dystric Eutrochrepts),65.0,NA,18.4,49.0,32.6,1.28,moderate,"Garhwal Group / Chamoli Formation (Massive Quartzite, Metavolcanics, Dolomite)"
40941,Brown Forest Soils (Dystric Eutrochrepts),65.0,NA,18.4,49.0,32.6,1.28,moderate,"Garhwal Group / Chamoli Formation (Massive Quartzite, Metavolcanics, Dolomite)"
40989,Brown Forest Soils (Dystric Eutrochrepts),65.0,NA,18.4,49.0,32.6,1.28,moderate,"Garhwal Group / Chamoli Formation (Massive Quartzite, Metavolcanics, Dolomite)"
40934,Brown Forest Soils (Dystric Eutrochrepts),65.0,NA,18.4,49.0,32.6,1.28,moderate,"Garhwal Group / Chamoli Formation (Massive Quartzite, Metavolcanics, Dolomite)"
40919,Brown Forest Soils (Dystric Eutrochrepts),65.0,NA,18.4,49.0,32.6,1.28,moderate,"Garhwal Group / Chamoli Formation (Massive Quartzite, Metavolcanics, Dolomite)"
41082,Mountain Meadow Soils (Typic Cryorthents),35.0,NA,12.2,61.0,26.8,2.15,moderately rapid,"Garhwal Group / Chamoli Formation (Massive Quartzite, Metavolcanics, Dolomite)"
41121,Mountain Meadow Soils (Typic Cryorthents),35.0,NA,12.2,61.0,26.8,2.15,moderately rapid,"Garhwal Group / Chamoli Formation (Massive Quartzite, Metavolcanics, Dolomite)"
41033,Brown Forest Soils (Dystric Eutrochrepts),65.0,NA,18.4,49.0,32.6,1.28,moderate,"Garhwal Group / Chamoli Formation (Massive Quartzite, Metavolcanics, Dolomite)"
41017,Brown Forest Soils (Dystric Eutrochrepts),65.0,NA,18.4,49.0,32.6,1.28,moderate,"Garhwal Group / Chamoli Formation (Massive Quartzite, Metavolcanics, Dolomite)"
41114,Brown Forest Soils (Dystric Eutrochrepts),65.0,NA,18.4,49.0,32.6,1.28,moderate,"Garhwal Group / Chamoli Formation (Massive Quartzite, Metavolcanics, Dolomite)"
40965,Brown Forest Soils (Dystric Eutrochrepts),65.0,NA,18.4,49.0,32.6,1.28,moderate,"Garhwal Group / Chamoli Formation (Massive Quartzite, Metavolcanics, Dolomite)"
41099,Brown Forest Soils (Dystric Eutrochrepts),65.0,NA,18.4,49.0,32.6,1.28,moderate,"Garhwal Group / Chamoli Formation (Massive Quartzite, Metavolcanics, Dolomite)"
40971,Sub-montane Meadow and Fluvial Terrace Soils (Udifluvents),110.0,NA,22.5,36.0,41.5,0.92,moderately rapid,"Garhwal Group / Chamoli Formation (Massive Quartzite, Metavolcanics, Dolomite)"
40996,Brown Forest Soils (Dystric Eutrochrepts),65.0,NA,18.4,49.0,32.6,1.28,moderate,"Garhwal Group / Chamoli Formation (Massive Quartzite, Metavolcanics, Dolomite)"
41085,Mountain Meadow Soils (Typic Cryorthents),35.0,NA,12.2,61.0,26.8,2.15,moderately rapid,"Garhwal Group / Chamoli Formation (Massive Quartzite, Metavolcanics, Dolomite)"
41044,Brown Forest Soils (Dystric Eutrochrepts),65.0,NA,18.4,49.0,32.6,1.28,moderate,"Garhwal Group / Chamoli Formation (Massive Quartzite, Metavolcanics, Dolomite)"
40937,Brown Forest Soils (Dystric Eutrochrepts),65.0,NA,18.4,49.0,32.6,1.28,moderate,"Garhwal Group / Chamoli Formation (Massive Quartzite, Metavolcanics, Dolomite)"
40959,Brown Forest Soils (Dystric Eutrochrepts),65.0,NA,18.4,49.0,32.6,1.28,moderate,"Garhwal Group / Chamoli Formation (Massive Quartzite, Metavolcanics, Dolomite)"
41066,Brown Forest Soils (Dystric Eutrochrepts),65.0,NA,18.4,49.0,32.6,1.28,moderate,"Garhwal Group / Chamoli Formation (Massive Quartzite, Metavolcanics, Dolomite)"
41052,Brown Forest Soils (Dystric Eutrochrepts),65.0,NA,18.4,49.0,32.6,1.28,moderate,"Garhwal Group / Chamoli Formation (Massive Quartzite, Metavolcanics, Dolomite)"
40966,Brown Forest Soils (Dystric Eutrochrepts),65.0,NA,18.4,49.0,32.6,1.28,moderate,"Garhwal Group / Chamoli Formation (Massive Quartzite, Metavolcanics, Dolomite)"
40943,Brown Forest Soils (Dystric Eutrochrepts),65.0,NA,18.4,49.0,32.6,1.28,moderate,"Garhwal Group / Chamoli Formation (Massive Quartzite, Metavolcanics, Dolomite)"
41022,Sub-montane Meadow and Fluvial Terrace Soils (Udifluvents),110.0,NA,22.5,36.0,41.5,0.92,moderately rapid,"Garhwal Group / Chamoli Formation (Massive Quartzite, Metavolcanics, Dolomite)"
40940,Brown Forest Soils (Dystric Eutrochrepts),65.0,NA,18.4,49.0,32.6,1.28,moderate,"Garhwal Group / Chamoli Formation (Massive Quartzite, Metavolcanics, Dolomite)"
40918,Brown Forest Soils (Dystric Eutrochrepts),65.0,NA,18.4,49.0,32.6,1.28,moderate,"Garhwal Group / Chamoli Formation (Massive Quartzite, Metavolcanics, Dolomite)"
41021,Brown Forest Soils (Dystric Eutrochrepts),65.0,NA,18.4,49.0,32.6,1.28,moderate,"Garhwal Group / Chamoli Formation (Massive Quartzite, Metavolcanics, Dolomite)"
40951,Brown Forest Soils (Dystric Eutrochrepts),65.0,NA,18.4,49.0,32.6,1.28,moderate,"Garhwal Group / Chamoli Formation (Massive Quartzite, Metavolcanics, Dolomite)"
40915,Brown Forest Soils (Dystric Eutrochrepts),65.0,NA,18.4,49.0,32.6,1.28,moderate,"Garhwal Group / Chamoli Formation (Massive Quartzite, Metavolcanics, Dolomite)"
41112,Sub-montane Meadow and Fluvial Terrace Soils (Udifluvents),110.0,NA,22.5,36.0,41.5,0.92,moderately rapid,"Garhwal Group / Chamoli Formation (Massive Quartzite, Metavolcanics, Dolomite)"
41071,Brown Forest Soils (Dystric Eutrochrepts),65.0,NA,18.4,49.0,32.6,1.28,moderate,"Garhwal Group / Chamoli Formation (Massive Quartzite, Metavolcanics, Dolomite)"
41024,Sub-montane Meadow and Fluvial Terrace Soils (Udifluvents),110.0,NA,22.5,36.0,41.5,0.92,moderately rapid,"Garhwal Group / Chamoli Formation (Massive Quartzite, Metavolcanics, Dolomite)"
41079,Mountain Meadow Soils (Typic Cryorthents),35.0,NA,12.2,61.0,26.8,2.15,moderately rapid,"Garhwal Group / Chamoli Formation (Massive Quartzite, Metavolcanics, Dolomite)"
40925,Brown Forest Soils (Dystric Eutrochrepts),65.0,NA,18.4,49.0,32.6,1.28,moderate,"Garhwal Group / Chamoli Formation (Massive Quartzite, Metavolcanics, Dolomite)"
41101,Brown Forest Soils (Dystric Eutrochrepts),65.0,NA,18.4,49.0,32.6,1.28,moderate,"Garhwal Group / Chamoli Formation (Massive Quartzite, Metavolcanics, Dolomite)"
41110,Brown Forest Soils (Dystric Eutrochrepts),65.0,NA,18.4,49.0,32.6,1.28,moderate,"Garhwal Group / Chamoli Formation (Massive Quartzite, Metavolcanics, Dolomite)"
40967,Brown Forest Soils (Dystric Eutrochrepts),65.0,NA,18.4,49.0,32.6,1.28,moderate,"Garhwal Group / Chamoli Formation (Massive Quartzite, Metavolcanics, Dolomite)"
40947,Brown Forest Soils (Dystric Eutrochrepts),65.0,NA,18.4,49.0,32.6,1.28,moderate,"Garhwal Group / Chamoli Formation (Massive Quartzite, Metavolcanics, Dolomite)"
40979,Brown Forest Soils (Dystric Eutrochrepts),65.0,NA,18.4,49.0,32.6,1.28,moderate,"Garhwal Group / Chamoli Formation (Massive Quartzite, Metavolcanics, Dolomite)"
40994,Sub-montane Meadow and Fluvial Terrace Soils (Udifluvents),110.0,NA,22.5,36.0,41.5,0.92,moderately rapid,"Garhwal Group / Chamoli Formation (Massive Quartzite, Metavolcanics, Dolomite)"
41126,Mountain Meadow Soils (Typic Cryorthents),35.0,NA,12.2,61.0,26.8,2.15,moderately rapid,"Garhwal Group / Chamoli Formation (Massive Quartzite, Metavolcanics, Dolomite)"
40972,Sub-montane Meadow and Fluvial Terrace Soils (Udifluvents),110.0,NA,22.5,36.0,41.5,0.92,moderately rapid,"Garhwal Group / Chamoli Formation (Massive Quartzite, Metavolcanics, Dolomite)"
40964,Brown Forest Soils (Dystric Eutrochrepts),65.0,NA,18.4,49.0,32.6,1.28,moderate,"Garhwal Group / Chamoli Formation (Massive Quartzite, Metavolcanics, Dolomite)"
40927,Brown Forest Soils (Dystric Eutrochrepts),65.0,NA,18.4,49.0,32.6,1.28,moderate,"Garhwal Group / Chamoli Formation (Massive Quartzite, Metavolcanics, Dolomite)"
41089,Brown Forest Soils (Dystric Eutrochrepts),65.0,NA,18.4,49.0,32.6,1.28,moderate,"Garhwal Group / Chamoli Formation (Massive Quartzite, Metavolcanics, Dolomite)"
41042,Sub-montane Meadow and Fluvial Terrace Soils (Udifluvents),110.0,NA,22.5,36.0,41.5,0.92,moderately rapid,"Garhwal Group / Chamoli Formation (Massive Quartzite, Metavolcanics, Dolomite)"
40978,Brown Forest Soils (Dystric Eutrochrepts),65.0,NA,18.4,49.0,32.6,1.28,moderate,"Garhwal Group / Chamoli Formation (Massive Quartzite, Metavolcanics, Dolomite)"
40977,Brown Forest Soils (Dystric Eutrochrepts),65.0,NA,18.4,49.0,32.6,1.28,moderate,"Garhwal Group / Chamoli Formation (Massive Quartzite, Metavolcanics, Dolomite)"
40917,Brown Forest Soils (Dystric Eutrochrepts),65.0,NA,18.4,49.0,32.6,1.28,moderate,"Garhwal Group / Chamoli Formation (Massive Quartzite, Metavolcanics, Dolomite)"
40997,Brown Forest Soils (Dystric Eutrochrepts),65.0,NA,18.4,49.0,32.6,1.28,moderate,"Garhwal Group / Chamoli Formation (Massive Quartzite, Metavolcanics, Dolomite)"
41077,Mountain Meadow Soils (Typic Cryorthents),35.0,NA,12.2,61.0,26.8,2.15,moderately rapid,"Garhwal Group / Chamoli Formation (Massive Quartzite, Metavolcanics, Dolomite)"
40993,Brown Forest Soils (Dystric Eutrochrepts),65.0,NA,18.4,49.0,32.6,1.28,moderate,"Garhwal Group / Chamoli Formation (Massive Quartzite, Metavolcanics, Dolomite)"
41031,Sub-montane Meadow and Fluvial Terrace Soils (Udifluvents),110.0,NA,22.5,36.0,41.5,0.92,moderately rapid,"Garhwal Group / Chamoli Formation (Massive Quartzite, Metavolcanics, Dolomite)"
41083,Brown Forest Soils (Dystric Eutrochrepts),65.0,NA,18.4,49.0,32.6,1.28,moderate,"Garhwal Group / Chamoli Formation (Massive Quartzite, Metavolcanics, Dolomite)"
40935,Brown Forest Soils (Dystric Eutrochrepts),65.0,NA,18.4,49.0,32.6,1.28,moderate,"Garhwal Group / Chamoli Formation (Massive Quartzite, Metavolcanics, Dolomite)"
40975,Brown Forest Soils (Dystric Eutrochrepts),65.0,NA,18.4,49.0,32.6,1.28,moderate,"Garhwal Group / Chamoli Formation (Massive Quartzite, Metavolcanics, Dolomite)"
41001,Brown Forest Soils (Dystric Eutrochrepts),65.0,NA,18.4,49.0,32.6,1.28,moderate,"Garhwal Group / Chamoli Formation (Massive Quartzite, Metavolcanics, Dolomite)"
40938,Sub-montane Meadow and Fluvial Terrace Soils (Udifluvents),110.0,NA,22.5,36.0,41.5,0.92,moderately rapid,"Garhwal Group / Chamoli Formation (Massive Quartzite, Metavolcanics, Dolomite)"
41055,Sub-montane Meadow and Fluvial Terrace Soils (Udifluvents),110.0,NA,22.5,36.0,41.5,0.92,moderately rapid,"Garhwal Group / Chamoli Formation (Massive Quartzite, Metavolcanics, Dolomite)"
41075,Mountain Meadow Soils (Typic Cryorthents),35.0,NA,12.2,61.0,26.8,2.15,moderately rapid,"Garhwal Group / Chamoli Formation (Massive Quartzite, Metavolcanics, Dolomite)"
40982,Brown Forest Soils (Dystric Eutrochrepts),65.0,NA,18.4,49.0,32.6,1.28,moderate,"Garhwal Group / Chamoli Formation (Massive Quartzite, Metavolcanics, Dolomite)"
40939,Brown Forest Soils (Dystric Eutrochrepts),65.0,NA,18.4,49.0,32.6,1.28,moderate,"Garhwal Group / Chamoli Formation (Massive Quartzite, Metavolcanics, Dolomite)"
41028,Sub-montane Meadow and Fluvial Terrace Soils (Udifluvents),110.0,NA,22.5,36.0,41.5,0.92,moderately rapid,"Garhwal Group / Chamoli Formation (Massive Quartzite, Metavolcanics, Dolomite)"
41060,Brown Forest Soils (Dystric Eutrochrepts),65.0,NA,18.4,49.0,32.6,1.28,moderate,"Garhwal Group / Chamoli Formation (Massive Quartzite, Metavolcanics, Dolomite)"
41087,Brown Forest Soils (Dystric Eutrochrepts),65.0,NA,18.4,49.0,32.6,1.28,moderate,"Garhwal Group / Chamoli Formation (Massive Quartzite, Metavolcanics, Dolomite)"
41020,Sub-montane Meadow and Fluvial Terrace Soils (Udifluvents),110.0,NA,22.5,36.0,41.5,0.92,moderately rapid,"Garhwal Group / Chamoli Formation (Massive Quartzite, Metavolcanics, Dolomite)"
40958,Brown Forest Soils (Dystric Eutrochrepts),65.0,NA,18.4,49.0,32.6,1.28,moderate,"Garhwal Group / Chamoli Formation (Massive Quartzite, Metavolcanics, Dolomite)"
40942,Brown Forest Soils (Dystric Eutrochrepts),65.0,NA,18.4,49.0,32.6,1.28,moderate,"Garhwal Group / Chamoli Formation (Massive Quartzite, Metavolcanics, Dolomite)"
41061,Brown Forest Soils (Dystric Eutrochrepts),65.0,NA,18.4,49.0,32.6,1.28,moderate,"Garhwal Group / Chamoli Formation (Massive Quartzite, Metavolcanics, Dolomite)"
41049,Brown Forest Soils (Dystric Eutrochrepts),65.0,NA,18.4,49.0,32.6,1.28,moderate,"Garhwal Group / Chamoli Formation (Massive Quartzite, Metavolcanics, Dolomite)"
41010,Brown Forest Soils (Dystric Eutrochrepts),65.0,NA,18.4,49.0,32.6,1.28,moderate,"Garhwal Group / Chamoli Formation (Massive Quartzite, Metavolcanics, Dolomite)"
41094,Mountain Meadow Soils (Typic Cryorthents),35.0,NA,12.2,61.0,26.8,2.15,moderately rapid,"Garhwal Group / Chamoli Formation (Massive Quartzite, Metavolcanics, Dolomite)"
40928,Brown Forest Soils (Dystric Eutrochrepts),65.0,NA,18.4,49.0,32.6,1.28,moderate,"Garhwal Group / Chamoli Formation (Massive Quartzite, Metavolcanics, Dolomite)"
40956,Brown Forest Soils (Dystric Eutrochrepts),65.0,NA,18.4,49.0,32.6,1.28,moderate,"Garhwal Group / Chamoli Formation (Massive Quartzite, Metavolcanics, Dolomite)"
40913,Brown Forest Soils (Dystric Eutrochrepts),65.0,NA,18.4,49.0,32.6,1.28,moderate,"Garhwal Group / Chamoli Formation (Massive Quartzite, Metavolcanics, Dolomite)"
41045,Brown Forest Soils (Dystric Eutrochrepts),65.0,NA,18.4,49.0,32.6,1.28,moderate,"Garhwal Group / Chamoli Formation (Massive Quartzite, Metavolcanics, Dolomite)"
41058,Brown Forest Soils (Dystric Eutrochrepts),65.0,NA,18.4,49.0,32.6,1.28,moderate,"Garhwal Group / Chamoli Formation (Massive Quartzite, Metavolcanics, Dolomite)"
40985,Brown Forest Soils (Dystric Eutrochrepts),65.0,NA,18.4,49.0,32.6,1.28,moderate,"Garhwal Group / Chamoli Formation (Massive Quartzite, Metavolcanics, Dolomite)"
40914,Brown Forest Soils (Dystric Eutrochrepts),65.0,NA,18.4,49.0,32.6,1.28,moderate,"Garhwal Group / Chamoli Formation (Massive Quartzite, Metavolcanics, Dolomite)"
40949,Brown Forest Soils (Dystric Eutrochrepts),65.0,NA,18.4,49.0,32.6,1.28,moderate,"Garhwal Group / Chamoli Formation (Massive Quartzite, Metavolcanics, Dolomite)"
41074,Brown Forest Soils (Dystric Eutrochrepts),65.0,NA,18.4,49.0,32.6,1.28,moderate,"Garhwal Group / Chamoli Formation (Massive Quartzite, Metavolcanics, Dolomite)"
41072,Brown Forest Soils (Dystric Eutrochrepts),65.0,NA,18.4,49.0,32.6,1.28,moderate,"Garhwal Group / Chamoli Formation (Massive Quartzite, Metavolcanics, Dolomite)"
41106,Brown Forest Soils (Dystric Eutrochrepts),65.0,NA,18.4,49.0,32.6,1.28,moderate,"Garhwal Group / Chamoli Formation (Massive Quartzite, Metavolcanics, Dolomite)"
40945,Brown Forest Soils (Dystric Eutrochrepts),65.0,NA,18.4,49.0,32.6,1.28,moderate,"Garhwal Group / Chamoli Formation (Massive Quartzite, Metavolcanics, Dolomite)"
40955,Brown Forest Soils (Dystric Eutrochrepts),65.0,NA,18.4,49.0,32.6,1.28,moderate,"Garhwal Group / Chamoli Formation (Massive Quartzite, Metavolcanics, Dolomite)"
40921,Brown Forest Soils (Dystric Eutrochrepts),65.0,NA,18.4,49.0,32.6,1.28,moderate,"Garhwal Group / Chamoli Formation (Massive Quartzite, Metavolcanics, Dolomite)"
41116,Brown Forest Soils (Dystric Eutrochrepts),65.0,NA,18.4,49.0,32.6,1.28,moderate,"Garhwal Group / Chamoli Formation (Massive Quartzite, Metavolcanics, Dolomite)"
41120,Brown Forest Soils (Dystric Eutrochrepts),65.0,NA,18.4,49.0,32.6,1.28,moderate,"Garhwal Group / Chamoli Formation (Massive Quartzite, Metavolcanics, Dolomite)"
41068,Brown Forest Soils (Dystric Eutrochrepts),65.0,NA,18.4,49.0,32.6,1.28,moderate,"Garhwal Group / Chamoli Formation (Massive Quartzite, Metavolcanics, Dolomite)"
41062,Brown Forest Soils (Dystric Eutrochrepts),65.0,NA,18.4,49.0,32.6,1.28,moderate,"Garhwal Group / Chamoli Formation (Massive Quartzite, Metavolcanics, Dolomite)"
40998,Brown Forest Soils (Dystric Eutrochrepts),65.0,NA,18.4,49.0,32.6,1.28,moderate,"Garhwal Group / Chamoli Formation (Massive Quartzite, Metavolcanics, Dolomite)"
41038,Brown Forest Soils (Dystric Eutrochrepts),65.0,NA,18.4,49.0,32.6,1.28,moderate,"Garhwal Group / Chamoli Formation (Massive Quartzite, Metavolcanics, Dolomite)"
41117,Brown Forest Soils (Dystric Eutrochrepts),65.0,NA,18.4,49.0,32.6,1.28,moderate,"Garhwal Group / Chamoli Formation (Massive Quartzite, Metavolcanics, Dolomite)"
40992,Brown Forest Soils (Dystric Eutrochrepts),65.0,NA,18.4,49.0,32.6,1.28,moderate,"Garhwal Group / Chamoli Formation (Massive Quartzite, Metavolcanics, Dolomite)"
41002,Brown Forest Soils (Dystric Eutrochrepts),65.0,NA,18.4,49.0,32.6,1.28,moderate,"Garhwal Group / Chamoli Formation (Massive Quartzite, Metavolcanics, Dolomite)"
41063,Brown Forest Soils (Dystric Eutrochrepts),65.0,NA,18.4,49.0,32.6,1.28,moderate,"Garhwal Group / Chamoli Formation (Massive Quartzite, Metavolcanics, Dolomite)"
40969,Brown Forest Soils (Dystric Eutrochrepts),65.0,NA,18.4,49.0,32.6,1.28,moderate,"Garhwal Group / Chamoli Formation (Massive Quartzite, Metavolcanics, Dolomite)"
41065,Mountain Meadow Soils (Typic Cryorthents),35.0,NA,12.2,61.0,26.8,2.15,moderately rapid,"Garhwal Group / Chamoli Formation (Massive Quartzite, Metavolcanics, Dolomite)"
41029,Brown Forest Soils (Dystric Eutrochrepts),65.0,NA,18.4,49.0,32.6,1.28,moderate,"Garhwal Group / Chamoli Formation (Massive Quartzite, Metavolcanics, Dolomite)"
40968,Brown Forest Soils (Dystric Eutrochrepts),65.0,NA,18.4,49.0,32.6,1.28,moderate,"Garhwal Group / Chamoli Formation (Massive Quartzite, Metavolcanics, Dolomite)"
41006,Sub-montane Meadow and Fluvial Terrace Soils (Udifluvents),110.0,NA,22.5,36.0,41.5,0.92,moderately rapid,"Garhwal Group / Chamoli Formation (Massive Quartzite, Metavolcanics, Dolomite)"
41003,Brown Forest Soils (Dystric Eutrochrepts),65.0,NA,18.4,49.0,32.6,1.28,moderate,"Garhwal Group / Chamoli Formation (Massive Quartzite, Metavolcanics, Dolomite)"
40933,Brown Forest Soils (Dystric Eutrochrepts),65.0,NA,18.4,49.0,32.6,1.28,moderate,"Garhwal Group / Chamoli Formation (Massive Quartzite, Metavolcanics, Dolomite)"
40920,Brown Forest Soils (Dystric Eutrochrepts),65.0,NA,18.4,49.0,32.6,1.28,moderate,"Garhwal Group / Chamoli Formation (Massive Quartzite, Metavolcanics, Dolomite)"
40950,Brown Forest Soils (Dystric Eutrochrepts),65.0,NA,18.4,49.0,32.6,1.28,moderate,"Garhwal Group / Chamoli Formation (Massive Quartzite, Metavolcanics, Dolomite)"
41051,Brown Forest Soils (Dystric Eutrochrepts),65.0,NA,18.4,49.0,32.6,1.28,moderate,"Garhwal Group / Chamoli Formation (Massive Quartzite, Metavolcanics, Dolomite)"
40908,Brown Forest Soils (Dystric Eutrochrepts),65.0,NA,18.4,49.0,32.6,1.28,moderate,"Garhwal Group / Chamoli Formation (Massive Quartzite, Metavolcanics, Dolomite)"
41023,Sub-montane Meadow and Fluvial Terrace Soils (Udifluvents),110.0,NA,22.5,36.0,41.5,0.92,moderately rapid,"Garhwal Group / Chamoli Formation (Massive Quartzite, Metavolcanics, Dolomite)"
41040,Brown Forest Soils (Dystric Eutrochrepts),65.0,NA,18.4,49.0,32.6,1.28,moderate,"Garhwal Group / Chamoli Formation (Massive Quartzite, Metavolcanics, Dolomite)"
40936,Brown Forest Soils (Dystric Eutrochrepts),65.0,NA,18.4,49.0,32.6,1.28,moderate,"Garhwal Group / Chamoli Formation (Massive Quartzite, Metavolcanics, Dolomite)"
41018,Brown Forest Soils (Dystric Eutrochrepts),65.0,NA,18.4,49.0,32.6,1.28,moderate,"Garhwal Group / Chamoli Formation (Massive Quartzite, Metavolcanics, Dolomite)"
41067,Mountain Meadow Soils (Typic Cryorthents),35.0,NA,12.2,61.0,26.8,2.15,moderately rapid,"Garhwal Group / Chamoli Formation (Massive Quartzite, Metavolcanics, Dolomite)"
40988,Brown Forest Soils (Dystric Eutrochrepts),65.0,NA,18.4,49.0,32.6,1.28,moderate,"Garhwal Group / Chamoli Formation (Massive Quartzite, Metavolcanics, Dolomite)"
40954,Brown Forest Soils (Dystric Eutrochrepts),65.0,NA,18.4,49.0,32.6,1.28,moderate,"Garhwal Group / Chamoli Formation (Massive Quartzite, Metavolcanics, Dolomite)"
41019,Brown Forest Soils (Dystric Eutrochrepts),65.0,NA,18.4,49.0,32.6,1.28,moderate,"Garhwal Group / Chamoli Formation (Massive Quartzite, Metavolcanics, Dolomite)"
41013,Brown Forest Soils (Dystric Eutrochrepts),65.0,NA,18.4,49.0,32.6,1.28,moderate,"Garhwal Group / Chamoli Formation (Massive Quartzite, Metavolcanics, Dolomite)"
41107,Brown Forest Soils (Dystric Eutrochrepts),65.0,NA,18.4,49.0,32.6,1.28,moderate,"Garhwal Group / Chamoli Formation (Massive Quartzite, Metavolcanics, Dolomite)"
41108,Mountain Meadow Soils (Typic Cryorthents),35.0,NA,12.2,61.0,26.8,2.15,moderately rapid,"Garhwal Group / Chamoli Formation (Massive Quartzite, Metavolcanics, Dolomite)"
41105,Brown Forest Soils (Dystric Eutrochrepts),65.0,NA,18.4,49.0,32.6,1.28,moderate,"Garhwal Group / Chamoli Formation (Massive Quartzite, Metavolcanics, Dolomite)"
41046,Brown Forest Soils (Dystric Eutrochrepts),65.0,NA,18.4,49.0,32.6,1.28,moderate,"Garhwal Group / Chamoli Formation (Massive Quartzite, Metavolcanics, Dolomite)"
41027,Brown Forest Soils (Dystric Eutrochrepts),65.0,NA,18.4,49.0,32.6,1.28,moderate,"Garhwal Group / Chamoli Formation (Massive Quartzite, Metavolcanics, Dolomite)"
40923,Brown Forest Soils (Dystric Eutrochrepts),65.0,NA,18.4,49.0,32.6,1.28,moderate,"Garhwal Group / Chamoli Formation (Massive Quartzite, Metavolcanics, Dolomite)"
41070,Brown Forest Soils (Dystric Eutrochrepts),65.0,NA,18.4,49.0,32.6,1.28,moderate,"Garhwal Group / Chamoli Formation (Massive Quartzite, Metavolcanics, Dolomite)"
40953,Brown Forest Soils (Dystric Eutrochrepts),65.0,NA,18.4,49.0,32.6,1.28,moderate,"Garhwal Group / Chamoli Formation (Massive Quartzite, Metavolcanics, Dolomite)"
41054,Brown Forest Soils (Dystric Eutrochrepts),65.0,NA,18.4,49.0,32.6,1.28,moderate,"Garhwal Group / Chamoli Formation (Massive Quartzite, Metavolcanics, Dolomite)"
41014,Brown Forest Soils (Dystric Eutrochrepts),65.0,NA,18.4,49.0,32.6,1.28,moderate,"Garhwal Group / Chamoli Formation (Massive Quartzite, Metavolcanics, Dolomite)"
41073,Brown Forest Soils (Dystric Eutrochrepts),65.0,NA,18.4,49.0,32.6,1.28,moderate,"Garhwal Group / Chamoli Formation (Massive Quartzite, Metavolcanics, Dolomite)"
41048,Sub-montane Meadow and Fluvial Terrace Soils (Udifluvents),110.0,NA,22.5,36.0,41.5,0.92,moderately rapid,"Garhwal Group / Chamoli Formation (Massive Quartzite, Metavolcanics, Dolomite)"
40957,Brown Forest Soils (Dystric Eutrochrepts),65.0,NA,18.4,49.0,32.6,1.28,moderate,"Garhwal Group / Chamoli Formation (Massive Quartzite, Metavolcanics, Dolomite)"
41004,Brown Forest Soils (Dystric Eutrochrepts),65.0,NA,18.4,49.0,32.6,1.28,moderate,"Garhwal Group / Chamoli Formation (Massive Quartzite, Metavolcanics, Dolomite)"
40976,Brown Forest Soils (Dystric Eutrochrepts),65.0,NA,18.4,49.0,32.6,1.28,moderate,"Garhwal Group / Chamoli Formation (Massive Quartzite, Metavolcanics, Dolomite)"
41076,Mountain Meadow Soils (Typic Cryorthents),35.0,NA,12.2,61.0,26.8,2.15,moderately rapid,"Garhwal Group / Chamoli Formation (Massive Quartzite, Metavolcanics, Dolomite)"
40980,Brown Forest Soils (Dystric Eutrochrepts),65.0,NA,18.4,49.0,32.6,1.28,moderate,"Garhwal Group / Chamoli Formation (Massive Quartzite, Metavolcanics, Dolomite)"
41050,Brown Forest Soils (Dystric Eutrochrepts),65.0,NA,18.4,49.0,32.6,1.28,moderate,"Garhwal Group / Chamoli Formation (Massive Quartzite, Metavolcanics, Dolomite)"
41090,Mountain Meadow Soils (Typic Cryorthents),35.0,NA,12.2,61.0,26.8,2.15,moderately rapid,"Garhwal Group / Chamoli Formation (Massive Quartzite, Metavolcanics, Dolomite)"
41012,Sub-montane Meadow and Fluvial Terrace Soils (Udifluvents),110.0,NA,22.5,36.0,41.5,0.92,moderately rapid,"Garhwal Group / Chamoli Formation (Massive Quartzite, Metavolcanics, Dolomite)"
40981,Brown Forest Soils (Dystric Eutrochrepts),65.0,NA,18.4,49.0,32.6,1.28,moderate,"Garhwal Group / Chamoli Formation (Massive Quartzite, Metavolcanics, Dolomite)"
41032,Brown Forest Soils (Dystric Eutrochrepts),65.0,NA,18.4,49.0,32.6,1.28,moderate,"Garhwal Group / Chamoli Formation (Massive Quartzite, Metavolcanics, Dolomite)"
41095,Mountain Meadow Soils (Typic Cryorthents),35.0,NA,12.2,61.0,26.8,2.15,moderately rapid,"Garhwal Group / Chamoli Formation (Massive Quartzite, Metavolcanics, Dolomite)"
41123,Brown Forest Soils (Dystric Eutrochrepts),65.0,NA,18.4,49.0,32.6,1.28,moderate,"Garhwal Group / Chamoli Formation (Massive Quartzite, Metavolcanics, Dolomite)"
41111,Brown Forest Soils (Dystric Eutrochrepts),65.0,NA,18.4,49.0,32.6,1.28,moderate,"Garhwal Group / Chamoli Formation (Massive Quartzite, Metavolcanics, Dolomite)"
40999,Brown Forest Soils (Dystric Eutrochrepts),65.0,NA,18.4,49.0,32.6,1.28,moderate,"Garhwal Group / Chamoli Formation (Massive Quartzite, Metavolcanics, Dolomite)"
41037,Brown Forest Soils (Dystric Eutrochrepts),65.0,NA,18.4,49.0,32.6,1.28,moderate,"Garhwal Group / Chamoli Formation (Massive Quartzite, Metavolcanics, Dolomite)"
41015,Brown Forest Soils (Dystric Eutrochrepts),65.0,NA,18.4,49.0,32.6,1.28,moderate,"Garhwal Group / Chamoli Formation (Massive Quartzite, Metavolcanics, Dolomite)"
41035,Brown Forest Soils (Dystric Eutrochrepts),65.0,NA,18.4,49.0,32.6,1.28,moderate,"Garhwal Group / Chamoli Formation (Massive Quartzite, Metavolcanics, Dolomite)"
41078,Mountain Meadow Soils (Typic Cryorthents),35.0,NA,12.2,61.0,26.8,2.15,moderately rapid,"Garhwal Group / Chamoli Formation (Massive Quartzite, Metavolcanics, Dolomite)"
40990,Brown Forest Soils (Dystric Eutrochrepts),65.0,NA,18.4,49.0,32.6,1.28,moderate,"Garhwal Group / Chamoli Formation (Massive Quartzite, Metavolcanics, Dolomite)"
41125,Brown Forest Soils (Dystric Eutrochrepts),65.0,NA,18.4,49.0,32.6,1.28,moderate,"Garhwal Group / Chamoli Formation (Massive Quartzite, Metavolcanics, Dolomite)"
40952,Brown Forest Soils (Dystric Eutrochrepts),65.0,NA,18.4,49.0,32.6,1.28,moderate,"Garhwal Group / Chamoli Formation (Massive Quartzite, Metavolcanics, Dolomite)"
40983,Mountain Meadow Soils (Typic Cryorthents),35.0,NA,12.2,61.0,26.8,2.15,moderately rapid,"Garhwal Group / Chamoli Formation (Massive Quartzite, Metavolcanics, Dolomite)"
41000,Sub-montane Meadow and Fluvial Terrace Soils (Udifluvents),110.0,NA,22.5,36.0,41.5,0.92,moderately rapid,"Garhwal Group / Chamoli Formation (Massive Quartzite, Metavolcanics, Dolomite)"
41007,Brown Forest Soils (Dystric Eutrochrepts),65.0,NA,18.4,49.0,32.6,1.28,moderate,"Garhwal Group / Chamoli Formation (Massive Quartzite, Metavolcanics, Dolomite)"
40929,Brown Forest Soils (Dystric Eutrochrepts),65.0,NA,18.4,49.0,32.6,1.28,moderate,"Garhwal Group / Chamoli Formation (Massive Quartzite, Metavolcanics, Dolomite)"
41115,Brown Forest Soils (Dystric Eutrochrepts),65.0,NA,18.4,49.0,32.6,1.28,moderate,"Garhwal Group / Chamoli Formation (Massive Quartzite, Metavolcanics, Dolomite)"
41098,Brown Forest Soils (Dystric Eutrochrepts),65.0,NA,18.4,49.0,32.6,1.28,moderate,"Garhwal Group / Chamoli Formation (Massive Quartzite, Metavolcanics, Dolomite)"
41030,Brown Forest Soils (Dystric Eutrochrepts),65.0,NA,18.4,49.0,32.6,1.28,moderate,"Garhwal Group / Chamoli Formation (Massive Quartzite, Metavolcanics, Dolomite)"
40961,Brown Forest Soils (Dystric Eutrochrepts),65.0,NA,18.4,49.0,32.6,1.28,moderate,"Garhwal Group / Chamoli Formation (Massive Quartzite, Metavolcanics, Dolomite)"
40973,Brown Forest Soils (Dystric Eutrochrepts),65.0,NA,18.4,49.0,32.6,1.28,moderate,"Garhwal Group / Chamoli Formation (Massive Quartzite, Metavolcanics, Dolomite)"
41113,Brown Forest Soils (Dystric Eutrochrepts),65.0,NA,18.4,49.0,32.6,1.28,moderate,"Garhwal Group / Chamoli Formation (Massive Quartzite, Metavolcanics, Dolomite)"
41025,Brown Forest Soils (Dystric Eutrochrepts),65.0,NA,18.4,49.0,32.6,1.28,moderate,"Garhwal Group / Chamoli Formation (Massive Quartzite, Metavolcanics, Dolomite)"
40960,Brown Forest Soils (Dystric Eutrochrepts),65.0,NA,18.4,49.0,32.6,1.28,moderate,"Garhwal Group / Chamoli Formation (Massive Quartzite, Metavolcanics, Dolomite)"
41086,Mountain Meadow Soils (Typic Cryorthents),35.0,NA,12.2,61.0,26.8,2.15,moderately rapid,"Garhwal Group / Chamoli Formation (Massive Quartzite, Metavolcanics, Dolomite)"
41041,Brown Forest Soils (Dystric Eutrochrepts),65.0,NA,18.4,49.0,32.6,1.28,moderate,"Garhwal Group / Chamoli Formation (Massive Quartzite, Metavolcanics, Dolomite)"
41005,Brown Forest Soils (Dystric Eutrochrepts),65.0,NA,18.4,49.0,32.6,1.28,moderate,"Garhwal Group / Chamoli Formation (Massive Quartzite, Metavolcanics, Dolomite)"
41097,Sub-montane Meadow and Fluvial Terrace Soils (Udifluvents),110.0,NA,22.5,36.0,41.5,0.92,moderately rapid,"Garhwal Group / Chamoli Formation (Massive Quartzite, Metavolcanics, Dolomite)"
41036,Brown Forest Soils (Dystric Eutrochrepts),65.0,NA,18.4,49.0,32.6,1.28,moderate,"Garhwal Group / Chamoli Formation (Massive Quartzite, Metavolcanics, Dolomite)"
41034,Brown Forest Soils (Dystric Eutrochrepts),65.0,NA,18.4,49.0,32.6,1.28,moderate,"Garhwal Group / Chamoli Formation (Massive Quartzite, Metavolcanics, Dolomite)"
40912,Brown Forest Soils (Dystric Eutrochrepts),65.0,NA,18.4,49.0,32.6,1.28,moderate,"Garhwal Group / Chamoli Formation (Massive Quartzite, Metavolcanics, Dolomite)"
40930,Brown Forest Soils (Dystric Eutrochrepts),65.0,NA,18.4,49.0,32.6,1.28,moderate,"Garhwal Group / Chamoli Formation (Massive Quartzite, Metavolcanics, Dolomite)"
41069,Brown Forest Soils (Dystric Eutrochrepts),65.0,NA,18.4,49.0,32.6,1.28,moderate,"Garhwal Group / Chamoli Formation (Massive Quartzite, Metavolcanics, Dolomite)"
41088,Brown Forest Soils (Dystric Eutrochrepts),65.0,NA,18.4,49.0,32.6,1.28,moderate,"Garhwal Group / Chamoli Formation (Massive Quartzite, Metavolcanics, Dolomite)"
40987,Brown Forest Soils (Dystric Eutrochrepts),65.0,NA,18.4,49.0,32.6,1.28,moderate,"Garhwal Group / Chamoli Formation (Massive Quartzite, Metavolcanics, Dolomite)"
41064,Brown Forest Soils (Dystric Eutrochrepts),65.0,NA,18.4,49.0,32.6,1.28,moderate,"Garhwal Group / Chamoli Formation (Massive Quartzite, Metavolcanics, Dolomite)"
41043,Sub-montane Meadow and Fluvial Terrace Soils (Udifluvents),110.0,NA,22.5,36.0,41.5,0.92,moderately rapid,"Garhwal Group / Chamoli Formation (Massive Quartzite, Metavolcanics, Dolomite)"
41092,Mountain Meadow Soils (Typic Cryorthents),35.0,NA,12.2,61.0,26.8,2.15,moderately rapid,"Garhwal Group / Chamoli Formation (Massive Quartzite, Metavolcanics, Dolomite)"
40946,Brown Forest Soils (Dystric Eutrochrepts),65.0,NA,18.4,49.0,32.6,1.28,moderate,"Garhwal Group / Chamoli Formation (Massive Quartzite, Metavolcanics, Dolomite)"
41124,Brown Forest Soils (Dystric Eutrochrepts),65.0,NA,18.4,49.0,32.6,1.28,moderate,"Garhwal Group / Chamoli Formation (Massive Quartzite, Metavolcanics, Dolomite)"
40931,Brown Forest Soils (Dystric Eutrochrepts),65.0,NA,18.4,49.0,32.6,1.28,moderate,"Garhwal Group / Chamoli Formation (Massive Quartzite, Metavolcanics, Dolomite)"
40984,Brown Forest Soils (Dystric Eutrochrepts),65.0,NA,18.4,49.0,32.6,1.28,moderate,"Garhwal Group / Chamoli Formation (Massive Quartzite, Metavolcanics, Dolomite)"
41059,Brown Forest Soils (Dystric Eutrochrepts),65.0,NA,18.4,49.0,32.6,1.28,moderate,"Garhwal Group / Chamoli Formation (Massive Quartzite, Metavolcanics, Dolomite)"
41091,Mountain Meadow Soils (Typic Cryorthents),35.0,NA,12.2,61.0,26.8,2.15,moderately rapid,"Garhwal Group / Chamoli Formation (Massive Quartzite, Metavolcanics, Dolomite)"
40995,Brown Forest Soils (Dystric Eutrochrepts),65.0,NA,18.4,49.0,32.6,1.28,moderate,"Garhwal Group / Chamoli Formation (Massive Quartzite, Metavolcanics, Dolomite)"
41080,Brown Forest Soils (Dystric Eutrochrepts),65.0,NA,18.4,49.0,32.6,1.28,moderate,"Garhwal Group / Chamoli Formation (Massive Quartzite, Metavolcanics, Dolomite)"
41100,Brown Forest Soils (Dystric Eutrochrepts),65.0,NA,18.4,49.0,32.6,1.28,moderate,"Garhwal Group / Chamoli Formation (Massive Quartzite, Metavolcanics, Dolomite)"
41081,Brown Forest Soils (Dystric Eutrochrepts),65.0,NA,18.4,49.0,32.6,1.28,moderate,"Garhwal Group / Chamoli Formation (Massive Quartzite, Metavolcanics, Dolomite)"
41850,Brown Forest Soils (Dystric Eutrochrepts),65.0,NA,18.4,49.0,32.6,1.28,moderate,"Dudatoli-Almora Crystalline Complex (Granitic Gneiss, Schist, Quartzite)"
41849,Brown Forest Soils (Dystric Eutrochrepts),65.0,NA,18.4,49.0,32.6,1.28,moderate,"Dudatoli-Almora Crystalline Complex (Granitic Gneiss, Schist, Quartzite)"
41971,Brown Forest Soils (Dystric Eutrochrepts),65.0,NA,18.4,49.0,32.6,1.28,moderate,"Dudatoli-Almora Crystalline Complex (Granitic Gneiss, Schist, Quartzite)"
41973,Brown Forest Soils (Dystric Eutrochrepts),65.0,NA,18.4,49.0,32.6,1.28,moderate,"Dudatoli-Almora Crystalline Complex (Granitic Gneiss, Schist, Quartzite)"
41835,Brown Forest Soils (Dystric Eutrochrepts),65.0,NA,18.4,49.0,32.6,1.28,moderate,"Dudatoli-Almora Crystalline Complex (Granitic Gneiss, Schist, Quartzite)"
41959,Brown Forest Soils (Dystric Eutrochrepts),65.0,NA,18.4,49.0,32.6,1.28,moderate,"Dudatoli-Almora Crystalline Complex (Granitic Gneiss, Schist, Quartzite)"
41919,Brown Forest Soils (Dystric Eutrochrepts),65.0,NA,18.4,49.0,32.6,1.28,moderate,"Dudatoli-Almora Crystalline Complex (Granitic Gneiss, Schist, Quartzite)"
42025,Brown Forest Soils (Dystric Eutrochrepts),65.0,NA,18.4,49.0,32.6,1.28,moderate,"Dudatoli-Almora Crystalline Complex (Granitic Gneiss, Schist, Quartzite)"
42045,Brown Forest Soils (Dystric Eutrochrepts),65.0,NA,18.4,49.0,32.6,1.28,moderate,"Dudatoli-Almora Crystalline Complex (Granitic Gneiss, Schist, Quartzite)"
41988,Brown Forest Soils (Dystric Eutrochrepts),65.0,NA,18.4,49.0,32.6,1.28,moderate,"Dudatoli-Almora Crystalline Complex (Granitic Gneiss, Schist, Quartzite)"
41964,Brown Forest Soils (Dystric Eutrochrepts),65.0,NA,18.4,49.0,32.6,1.28,moderate,"Dudatoli-Almora Crystalline Complex (Granitic Gneiss, Schist, Quartzite)"
41840,Brown Forest Soils (Dystric Eutrochrepts),65.0,NA,18.4,49.0,32.6,1.28,moderate,"Dudatoli-Almora Crystalline Complex (Granitic Gneiss, Schist, Quartzite)"
42018,Brown Forest Soils (Dystric Eutrochrepts),65.0,NA,18.4,49.0,32.6,1.28,moderate,"Dudatoli-Almora Crystalline Complex (Granitic Gneiss, Schist, Quartzite)"
41841,Brown Forest Soils (Dystric Eutrochrepts),65.0,NA,18.4,49.0,32.6,1.28,moderate,"Dudatoli-Almora Crystalline Complex (Granitic Gneiss, Schist, Quartzite)"
41862,Brown Forest Soils (Dystric Eutrochrepts),65.0,NA,18.4,49.0,32.6,1.28,moderate,"Dudatoli-Almora Crystalline Complex (Granitic Gneiss, Schist, Quartzite)"
41942,Brown Forest Soils (Dystric Eutrochrepts),65.0,NA,18.4,49.0,32.6,1.28,moderate,"Dudatoli-Almora Crystalline Complex (Granitic Gneiss, Schist, Quartzite)"
41887,Brown Forest Soils (Dystric Eutrochrepts),65.0,NA,18.4,49.0,32.6,1.28,moderate,"Dudatoli-Almora Crystalline Complex (Granitic Gneiss, Schist, Quartzite)"
41877,Brown Forest Soils (Dystric Eutrochrepts),65.0,NA,18.4,49.0,32.6,1.28,moderate,"Dudatoli-Almora Crystalline Complex (Granitic Gneiss, Schist, Quartzite)"
41920,Brown Forest Soils (Dystric Eutrochrepts),65.0,NA,18.4,49.0,32.6,1.28,moderate,"Dudatoli-Almora Crystalline Complex (Granitic Gneiss, Schist, Quartzite)"
41871,Brown Forest Soils (Dystric Eutrochrepts),65.0,NA,18.4,49.0,32.6,1.28,moderate,"Dudatoli-Almora Crystalline Complex (Granitic Gneiss, Schist, Quartzite)"
41999,Brown Forest Soils (Dystric Eutrochrepts),65.0,NA,18.4,49.0,32.6,1.28,moderate,"Dudatoli-Almora Crystalline Complex (Granitic Gneiss, Schist, Quartzite)"
41980,Brown Forest Soils (Dystric Eutrochrepts),65.0,NA,18.4,49.0,32.6,1.28,moderate,"Dudatoli-Almora Crystalline Complex (Granitic Gneiss, Schist, Quartzite)"
41824,Mountain Meadow Soils (Typic Cryorthents),35.0,NA,12.2,61.0,26.8,2.15,moderately rapid,"Dudatoli-Almora Crystalline Complex (Granitic Gneiss, Schist, Quartzite)"
41961,Brown Forest Soils (Dystric Eutrochrepts),65.0,NA,18.4,49.0,32.6,1.28,moderate,"Dudatoli-Almora Crystalline Complex (Granitic Gneiss, Schist, Quartzite)"
41966,Brown Forest Soils (Dystric Eutrochrepts),65.0,NA,18.4,49.0,32.6,1.28,moderate,"Dudatoli-Almora Crystalline Complex (Granitic Gneiss, Schist, Quartzite)"
41987,Brown Forest Soils (Dystric Eutrochrepts),65.0,NA,18.4,49.0,32.6,1.28,moderate,"Dudatoli-Almora Crystalline Complex (Granitic Gneiss, Schist, Quartzite)"
41979,Brown Forest Soils (Dystric Eutrochrepts),65.0,NA,18.4,49.0,32.6,1.28,moderate,"Dudatoli-Almora Crystalline Complex (Granitic Gneiss, Schist, Quartzite)"
41820,Mountain Meadow Soils (Typic Cryorthents),35.0,NA,12.2,61.0,26.8,2.15,moderately rapid,"Dudatoli-Almora Crystalline Complex (Granitic Gneiss, Schist, Quartzite)"
41998,Brown Forest Soils (Dystric Eutrochrepts),65.0,NA,18.4,49.0,32.6,1.28,moderate,"Dudatoli-Almora Crystalline Complex (Granitic Gneiss, Schist, Quartzite)"
41855,Brown Forest Soils (Dystric Eutrochrepts),65.0,NA,18.4,49.0,32.6,1.28,moderate,"Dudatoli-Almora Crystalline Complex (Granitic Gneiss, Schist, Quartzite)"
41856,Brown Forest Soils (Dystric Eutrochrepts),65.0,NA,18.4,49.0,32.6,1.28,moderate,"Dudatoli-Almora Crystalline Complex (Granitic Gneiss, Schist, Quartzite)"
41907,Brown Forest Soils (Dystric Eutrochrepts),65.0,NA,18.4,49.0,32.6,1.28,moderate,"Dudatoli-Almora Crystalline Complex (Granitic Gneiss, Schist, Quartzite)"
41955,Brown Forest Soils (Dystric Eutrochrepts),65.0,NA,18.4,49.0,32.6,1.28,moderate,"Dudatoli-Almora Crystalline Complex (Granitic Gneiss, Schist, Quartzite)"
42007,Brown Forest Soils (Dystric Eutrochrepts),65.0,NA,18.4,49.0,32.6,1.28,moderate,"Dudatoli-Almora Crystalline Complex (Granitic Gneiss, Schist, Quartzite)"
41888,Brown Forest Soils (Dystric Eutrochrepts),65.0,NA,18.4,49.0,32.6,1.28,moderate,"Dudatoli-Almora Crystalline Complex (Granitic Gneiss, Schist, Quartzite)"
41890,Mountain Meadow Soils (Typic Cryorthents),35.0,NA,12.2,61.0,26.8,2.15,moderately rapid,"Dudatoli-Almora Crystalline Complex (Granitic Gneiss, Schist, Quartzite)"
41883,Brown Forest Soils (Dystric Eutrochrepts),65.0,NA,18.4,49.0,32.6,1.28,moderate,"Dudatoli-Almora Crystalline Complex (Granitic Gneiss, Schist, Quartzite)"
41945,Brown Forest Soils (Dystric Eutrochrepts),65.0,NA,18.4,49.0,32.6,1.28,moderate,"Dudatoli-Almora Crystalline Complex (Granitic Gneiss, Schist, Quartzite)"
41958,Brown Forest Soils (Dystric Eutrochrepts),65.0,NA,18.4,49.0,32.6,1.28,moderate,"Dudatoli-Almora Crystalline Complex (Granitic Gneiss, Schist, Quartzite)"
41917,Brown Forest Soils (Dystric Eutrochrepts),65.0,NA,18.4,49.0,32.6,1.28,moderate,"Dudatoli-Almora Crystalline Complex (Granitic Gneiss, Schist, Quartzite)"
41848,Brown Forest Soils (Dystric Eutrochrepts),65.0,NA,18.4,49.0,32.6,1.28,moderate,"Dudatoli-Almora Crystalline Complex (Granitic Gneiss, Schist, Quartzite)"
42046,Brown Forest Soils (Dystric Eutrochrepts),65.0,NA,18.4,49.0,32.6,1.28,moderate,"Dudatoli-Almora Crystalline Complex (Granitic Gneiss, Schist, Quartzite)"
42021,Brown Forest Soils (Dystric Eutrochrepts),65.0,NA,18.4,49.0,32.6,1.28,moderate,"Dudatoli-Almora Crystalline Complex (Granitic Gneiss, Schist, Quartzite)"
42024,Brown Forest Soils (Dystric Eutrochrepts),65.0,NA,18.4,49.0,32.6,1.28,moderate,"Dudatoli-Almora Crystalline Complex (Granitic Gneiss, Schist, Quartzite)"
42019,Brown Forest Soils (Dystric Eutrochrepts),65.0,NA,18.4,49.0,32.6,1.28,moderate,"Dudatoli-Almora Crystalline Complex (Granitic Gneiss, Schist, Quartzite)"
42041,Brown Forest Soils (Dystric Eutrochrepts),65.0,NA,18.4,49.0,32.6,1.28,moderate,"Dudatoli-Almora Crystalline Complex (Granitic Gneiss, Schist, Quartzite)"
41868,Brown Forest Soils (Dystric Eutrochrepts),65.0,NA,18.4,49.0,32.6,1.28,moderate,"Dudatoli-Almora Crystalline Complex (Granitic Gneiss, Schist, Quartzite)"
41939,Brown Forest Soils (Dystric Eutrochrepts),65.0,NA,18.4,49.0,32.6,1.28,moderate,"Dudatoli-Almora Crystalline Complex (Granitic Gneiss, Schist, Quartzite)"
41985,Brown Forest Soils (Dystric Eutrochrepts),65.0,NA,18.4,49.0,32.6,1.28,moderate,"Dudatoli-Almora Crystalline Complex (Granitic Gneiss, Schist, Quartzite)"
42028,Brown Forest Soils (Dystric Eutrochrepts),65.0,NA,18.4,49.0,32.6,1.28,moderate,"Dudatoli-Almora Crystalline Complex (Granitic Gneiss, Schist, Quartzite)"
42034,Brown Forest Soils (Dystric Eutrochrepts),65.0,NA,18.4,49.0,32.6,1.28,moderate,"Dudatoli-Almora Crystalline Complex (Granitic Gneiss, Schist, Quartzite)"
41884,Brown Forest Soils (Dystric Eutrochrepts),65.0,NA,18.4,49.0,32.6,1.28,moderate,"Dudatoli-Almora Crystalline Complex (Granitic Gneiss, Schist, Quartzite)"
41997,Brown Forest Soils (Dystric Eutrochrepts),65.0,NA,18.4,49.0,32.6,1.28,moderate,"Dudatoli-Almora Crystalline Complex (Granitic Gneiss, Schist, Quartzite)"
41873,Brown Forest Soils (Dystric Eutrochrepts),65.0,NA,18.4,49.0,32.6,1.28,moderate,"Dudatoli-Almora Crystalline Complex (Granitic Gneiss, Schist, Quartzite)"
41918,Brown Forest Soils (Dystric Eutrochrepts),65.0,NA,18.4,49.0,32.6,1.28,moderate,"Dudatoli-Almora Crystalline Complex (Granitic Gneiss, Schist, Quartzite)"
41900,Brown Forest Soils (Dystric Eutrochrepts),65.0,NA,18.4,49.0,32.6,1.28,moderate,"Dudatoli-Almora Crystalline Complex (Granitic Gneiss, Schist, Quartzite)"
41899,Brown Forest Soils (Dystric Eutrochrepts),65.0,NA,18.4,49.0,32.6,1.28,moderate,"Dudatoli-Almora Crystalline Complex (Granitic Gneiss, Schist, Quartzite)"
41976,Brown Forest Soils (Dystric Eutrochrepts),65.0,NA,18.4,49.0,32.6,1.28,moderate,"Dudatoli-Almora Crystalline Complex (Granitic Gneiss, Schist, Quartzite)"
42031,Brown Forest Soils (Dystric Eutrochrepts),65.0,NA,18.4,49.0,32.6,1.28,moderate,"Dudatoli-Almora Crystalline Complex (Granitic Gneiss, Schist, Quartzite)"
41937,Brown Forest Soils (Dystric Eutrochrepts),65.0,NA,18.4,49.0,32.6,1.28,moderate,"Dudatoli-Almora Crystalline Complex (Granitic Gneiss, Schist, Quartzite)"
41930,Mountain Meadow Soils (Typic Cryorthents),35.0,NA,12.2,61.0,26.8,2.15,moderately rapid,"Dudatoli-Almora Crystalline Complex (Granitic Gneiss, Schist, Quartzite)"
41924,Brown Forest Soils (Dystric Eutrochrepts),65.0,NA,18.4,49.0,32.6,1.28,moderate,"Dudatoli-Almora Crystalline Complex (Granitic Gneiss, Schist, Quartzite)"
41954,Brown Forest Soils (Dystric Eutrochrepts),65.0,NA,18.4,49.0,32.6,1.28,moderate,"Dudatoli-Almora Crystalline Complex (Granitic Gneiss, Schist, Quartzite)"
41904,Mountain Meadow Soils (Typic Cryorthents),35.0,NA,12.2,61.0,26.8,2.15,moderately rapid,"Dudatoli-Almora Crystalline Complex (Granitic Gneiss, Schist, Quartzite)"
42044,Brown Forest Soils (Dystric Eutrochrepts),65.0,NA,18.4,49.0,32.6,1.28,moderate,"Dudatoli-Almora Crystalline Complex (Granitic Gneiss, Schist, Quartzite)"
41822,Mountain Meadow Soils (Typic Cryorthents),35.0,NA,12.2,61.0,26.8,2.15,moderately rapid,"Dudatoli-Almora Crystalline Complex (Granitic Gneiss, Schist, Quartzite)"
41842,Brown Forest Soils (Dystric Eutrochrepts),65.0,NA,18.4,49.0,32.6,1.28,moderate,"Dudatoli-Almora Crystalline Complex (Granitic Gneiss, Schist, Quartzite)"
42010,Brown Forest Soils (Dystric Eutrochrepts),65.0,NA,18.4,49.0,32.6,1.28,moderate,"Dudatoli-Almora Crystalline Complex (Granitic Gneiss, Schist, Quartzite)"
42011,Brown Forest Soils (Dystric Eutrochrepts),65.0,NA,18.4,49.0,32.6,1.28,moderate,"Dudatoli-Almora Crystalline Complex (Granitic Gneiss, Schist, Quartzite)"
41932,Brown Forest Soils (Dystric Eutrochrepts),65.0,NA,18.4,49.0,32.6,1.28,moderate,"Dudatoli-Almora Crystalline Complex (Granitic Gneiss, Schist, Quartzite)"
41878,Brown Forest Soils (Dystric Eutrochrepts),65.0,NA,18.4,49.0,32.6,1.28,moderate,"Dudatoli-Almora Crystalline Complex (Granitic Gneiss, Schist, Quartzite)"
41858,Brown Forest Soils (Dystric Eutrochrepts),65.0,NA,18.4,49.0,32.6,1.28,moderate,"Dudatoli-Almora Crystalline Complex (Granitic Gneiss, Schist, Quartzite)"
41969,Brown Forest Soils (Dystric Eutrochrepts),65.0,NA,18.4,49.0,32.6,1.28,moderate,"Dudatoli-Almora Crystalline Complex (Granitic Gneiss, Schist, Quartzite)"
41967,Brown Forest Soils (Dystric Eutrochrepts),65.0,NA,18.4,49.0,32.6,1.28,moderate,"Dudatoli-Almora Crystalline Complex (Granitic Gneiss, Schist, Quartzite)"
41994,Brown Forest Soils (Dystric Eutrochrepts),65.0,NA,18.4,49.0,32.6,1.28,moderate,"Dudatoli-Almora Crystalline Complex (Granitic Gneiss, Schist, Quartzite)"
41990,Brown Forest Soils (Dystric Eutrochrepts),65.0,NA,18.4,49.0,32.6,1.28,moderate,"Dudatoli-Almora Crystalline Complex (Granitic Gneiss, Schist, Quartzite)"
41991,Brown Forest Soils (Dystric Eutrochrepts),65.0,NA,18.4,49.0,32.6,1.28,moderate,"Dudatoli-Almora Crystalline Complex (Granitic Gneiss, Schist, Quartzite)"
41870,Brown Forest Soils (Dystric Eutrochrepts),65.0,NA,18.4,49.0,32.6,1.28,moderate,"Dudatoli-Almora Crystalline Complex (Granitic Gneiss, Schist, Quartzite)"
41933,Brown Forest Soils (Dystric Eutrochrepts),65.0,NA,18.4,49.0,32.6,1.28,moderate,"Dudatoli-Almora Crystalline Complex (Granitic Gneiss, Schist, Quartzite)"
41825,Mountain Meadow Soils (Typic Cryorthents),35.0,NA,12.2,61.0,26.8,2.15,moderately rapid,"Dudatoli-Almora Crystalline Complex (Granitic Gneiss, Schist, Quartzite)"
42023,Brown Forest Soils (Dystric Eutrochrepts),65.0,NA,18.4,49.0,32.6,1.28,moderate,"Dudatoli-Almora Crystalline Complex (Granitic Gneiss, Schist, Quartzite)"
42015,Brown Forest Soils (Dystric Eutrochrepts),65.0,NA,18.4,49.0,32.6,1.28,moderate,"Dudatoli-Almora Crystalline Complex (Granitic Gneiss, Schist, Quartzite)"
42047,Brown Forest Soils (Dystric Eutrochrepts),65.0,NA,18.4,49.0,32.6,1.28,moderate,"Dudatoli-Almora Crystalline Complex (Granitic Gneiss, Schist, Quartzite)"
41977,Brown Forest Soils (Dystric Eutrochrepts),65.0,NA,18.4,49.0,32.6,1.28,moderate,"Dudatoli-Almora Crystalline Complex (Granitic Gneiss, Schist, Quartzite)"
41861,Brown Forest Soils (Dystric Eutrochrepts),65.0,NA,18.4,49.0,32.6,1.28,moderate,"Dudatoli-Almora Crystalline Complex (Granitic Gneiss, Schist, Quartzite)"
42002,Brown Forest Soils (Dystric Eutrochrepts),65.0,NA,18.4,49.0,32.6,1.28,moderate,"Dudatoli-Almora Crystalline Complex (Granitic Gneiss, Schist, Quartzite)"
41829,Brown Forest Soils (Dystric Eutrochrepts),65.0,NA,18.4,49.0,32.6,1.28,moderate,"Dudatoli-Almora Crystalline Complex (Granitic Gneiss, Schist, Quartzite)"
41846,Brown Forest Soils (Dystric Eutrochrepts),65.0,NA,18.4,49.0,32.6,1.28,moderate,"Dudatoli-Almora Crystalline Complex (Granitic Gneiss, Schist, Quartzite)"
42027,Brown Forest Soils (Dystric Eutrochrepts),65.0,NA,18.4,49.0,32.6,1.28,moderate,"Dudatoli-Almora Crystalline Complex (Granitic Gneiss, Schist, Quartzite)"
42035,Brown Forest Soils (Dystric Eutrochrepts),65.0,NA,18.4,49.0,32.6,1.28,moderate,"Dudatoli-Almora Crystalline Complex (Granitic Gneiss, Schist, Quartzite)"
42026,Brown Forest Soils (Dystric Eutrochrepts),65.0,NA,18.4,49.0,32.6,1.28,moderate,"Dudatoli-Almora Crystalline Complex (Granitic Gneiss, Schist, Quartzite)"
42000,Brown Forest Soils (Dystric Eutrochrepts),65.0,NA,18.4,49.0,32.6,1.28,moderate,"Dudatoli-Almora Crystalline Complex (Granitic Gneiss, Schist, Quartzite)"
41995,Brown Forest Soils (Dystric Eutrochrepts),65.0,NA,18.4,49.0,32.6,1.28,moderate,"Dudatoli-Almora Crystalline Complex (Granitic Gneiss, Schist, Quartzite)"
41828,Brown Forest Soils (Dystric Eutrochrepts),65.0,NA,18.4,49.0,32.6,1.28,moderate,"Dudatoli-Almora Crystalline Complex (Granitic Gneiss, Schist, Quartzite)"
41923,Brown Forest Soils (Dystric Eutrochrepts),65.0,NA,18.4,49.0,32.6,1.28,moderate,"Dudatoli-Almora Crystalline Complex (Granitic Gneiss, Schist, Quartzite)"
41854,Brown Forest Soils (Dystric Eutrochrepts),65.0,NA,18.4,49.0,32.6,1.28,moderate,"Dudatoli-Almora Crystalline Complex (Granitic Gneiss, Schist, Quartzite)"
42017,Brown Forest Soils (Dystric Eutrochrepts),65.0,NA,18.4,49.0,32.6,1.28,moderate,"Dudatoli-Almora Crystalline Complex (Granitic Gneiss, Schist, Quartzite)"
41847,Brown Forest Soils (Dystric Eutrochrepts),65.0,NA,18.4,49.0,32.6,1.28,moderate,"Dudatoli-Almora Crystalline Complex (Granitic Gneiss, Schist, Quartzite)"
41860,Brown Forest Soils (Dystric Eutrochrepts),65.0,NA,18.4,49.0,32.6,1.28,moderate,"Dudatoli-Almora Crystalline Complex (Granitic Gneiss, Schist, Quartzite)"
41892,Mountain Meadow Soils (Typic Cryorthents),35.0,NA,12.2,61.0,26.8,2.15,moderately rapid,"Dudatoli-Almora Crystalline Complex (Granitic Gneiss, Schist, Quartzite)"
41940,Brown Forest Soils (Dystric Eutrochrepts),65.0,NA,18.4,49.0,32.6,1.28,moderate,"Dudatoli-Almora Crystalline Complex (Granitic Gneiss, Schist, Quartzite)"
41845,Brown Forest Soils (Dystric Eutrochrepts),65.0,NA,18.4,49.0,32.6,1.28,moderate,"Dudatoli-Almora Crystalline Complex (Granitic Gneiss, Schist, Quartzite)"
41875,Brown Forest Soils (Dystric Eutrochrepts),65.0,NA,18.4,49.0,32.6,1.28,moderate,"Dudatoli-Almora Crystalline Complex (Granitic Gneiss, Schist, Quartzite)"
41823,Mountain Meadow Soils (Typic Cryorthents),35.0,NA,12.2,61.0,26.8,2.15,moderately rapid,"Dudatoli-Almora Crystalline Complex (Granitic Gneiss, Schist, Quartzite)"
41992,Brown Forest Soils (Dystric Eutrochrepts),65.0,NA,18.4,49.0,32.6,1.28,moderate,"Dudatoli-Almora Crystalline Complex (Granitic Gneiss, Schist, Quartzite)"
41831,Brown Forest Soils (Dystric Eutrochrepts),65.0,NA,18.4,49.0,32.6,1.28,moderate,"Dudatoli-Almora Crystalline Complex (Granitic Gneiss, Schist, Quartzite)"
41975,Brown Forest Soils (Dystric Eutrochrepts),65.0,NA,18.4,49.0,32.6,1.28,moderate,"Dudatoli-Almora Crystalline Complex (Granitic Gneiss, Schist, Quartzite)"
42042,Brown Forest Soils (Dystric Eutrochrepts),65.0,NA,18.4,49.0,32.6,1.28,moderate,"Dudatoli-Almora Crystalline Complex (Granitic Gneiss, Schist, Quartzite)"
41929,Mountain Meadow Soils (Typic Cryorthents),35.0,NA,12.2,61.0,26.8,2.15,moderately rapid,"Dudatoli-Almora Crystalline Complex (Granitic Gneiss, Schist, Quartzite)"
42040,Brown Forest Soils (Dystric Eutrochrepts),65.0,NA,18.4,49.0,32.6,1.28,moderate,"Dudatoli-Almora Crystalline Complex (Granitic Gneiss, Schist, Quartzite)"
42003,Brown Forest Soils (Dystric Eutrochrepts),65.0,NA,18.4,49.0,32.6,1.28,moderate,"Dudatoli-Almora Crystalline Complex (Granitic Gneiss, Schist, Quartzite)"
41922,Brown Forest Soils (Dystric Eutrochrepts),65.0,NA,18.4,49.0,32.6,1.28,moderate,"Dudatoli-Almora Crystalline Complex (Granitic Gneiss, Schist, Quartzite)"
41908,Brown Forest Soils (Dystric Eutrochrepts),65.0,NA,18.4,49.0,32.6,1.28,moderate,"Dudatoli-Almora Crystalline Complex (Granitic Gneiss, Schist, Quartzite)"
41927,Brown Forest Soils (Dystric Eutrochrepts),65.0,NA,18.4,49.0,32.6,1.28,moderate,"Dudatoli-Almora Crystalline Complex (Granitic Gneiss, Schist, Quartzite)"
41912,Brown Forest Soils (Dystric Eutrochrepts),65.0,NA,18.4,49.0,32.6,1.28,moderate,"Dudatoli-Almora Crystalline Complex (Granitic Gneiss, Schist, Quartzite)"
41965,Brown Forest Soils (Dystric Eutrochrepts),65.0,NA,18.4,49.0,32.6,1.28,moderate,"Dudatoli-Almora Crystalline Complex (Granitic Gneiss, Schist, Quartzite)"
41896,Brown Forest Soils (Dystric Eutrochrepts),65.0,NA,18.4,49.0,32.6,1.28,moderate,"Dudatoli-Almora Crystalline Complex (Granitic Gneiss, Schist, Quartzite)"
42004,Brown Forest Soils (Dystric Eutrochrepts),65.0,NA,18.4,49.0,32.6,1.28,moderate,"Dudatoli-Almora Crystalline Complex (Granitic Gneiss, Schist, Quartzite)"
42001,Brown Forest Soils (Dystric Eutrochrepts),65.0,NA,18.4,49.0,32.6,1.28,moderate,"Dudatoli-Almora Crystalline Complex (Granitic Gneiss, Schist, Quartzite)"
42009,Brown Forest Soils (Dystric Eutrochrepts),65.0,NA,18.4,49.0,32.6,1.28,moderate,"Dudatoli-Almora Crystalline Complex (Granitic Gneiss, Schist, Quartzite)"
42043,Brown Forest Soils (Dystric Eutrochrepts),65.0,NA,18.4,49.0,32.6,1.28,moderate,"Dudatoli-Almora Crystalline Complex (Granitic Gneiss, Schist, Quartzite)"
42050,Brown Forest Soils (Dystric Eutrochrepts),65.0,NA,18.4,49.0,32.6,1.28,moderate,"Dudatoli-Almora Crystalline Complex (Granitic Gneiss, Schist, Quartzite)"
42048,Brown Forest Soils (Dystric Eutrochrepts),65.0,NA,18.4,49.0,32.6,1.28,moderate,"Dudatoli-Almora Crystalline Complex (Granitic Gneiss, Schist, Quartzite)"
41957,Brown Forest Soils (Dystric Eutrochrepts),65.0,NA,18.4,49.0,32.6,1.28,moderate,"Dudatoli-Almora Crystalline Complex (Granitic Gneiss, Schist, Quartzite)"
42020,Brown Forest Soils (Dystric Eutrochrepts),65.0,NA,18.4,49.0,32.6,1.28,moderate,"Dudatoli-Almora Crystalline Complex (Granitic Gneiss, Schist, Quartzite)"
41960,Brown Forest Soils (Dystric Eutrochrepts),65.0,NA,18.4,49.0,32.6,1.28,moderate,"Dudatoli-Almora Crystalline Complex (Granitic Gneiss, Schist, Quartzite)"
42051,Brown Forest Soils (Dystric Eutrochrepts),65.0,NA,18.4,49.0,32.6,1.28,moderate,"Dudatoli-Almora Crystalline Complex (Granitic Gneiss, Schist, Quartzite)"
41882,Brown Forest Soils (Dystric Eutrochrepts),65.0,NA,18.4,49.0,32.6,1.28,moderate,"Dudatoli-Almora Crystalline Complex (Granitic Gneiss, Schist, Quartzite)"
42036,Brown Forest Soils (Dystric Eutrochrepts),65.0,NA,18.4,49.0,32.6,1.28,moderate,"Dudatoli-Almora Crystalline Complex (Granitic Gneiss, Schist, Quartzite)"
41978,Brown Forest Soils (Dystric Eutrochrepts),65.0,NA,18.4,49.0,32.6,1.28,moderate,"Dudatoli-Almora Crystalline Complex (Granitic Gneiss, Schist, Quartzite)"
41986,Brown Forest Soils (Dystric Eutrochrepts),65.0,NA,18.4,49.0,32.6,1.28,moderate,"Dudatoli-Almora Crystalline Complex (Granitic Gneiss, Schist, Quartzite)"
41905,Mountain Meadow Soils (Typic Cryorthents),35.0,NA,12.2,61.0,26.8,2.15,moderately rapid,"Dudatoli-Almora Crystalline Complex (Granitic Gneiss, Schist, Quartzite)"
41844,Brown Forest Soils (Dystric Eutrochrepts),65.0,NA,18.4,49.0,32.6,1.28,moderate,"Dudatoli-Almora Crystalline Complex (Granitic Gneiss, Schist, Quartzite)"
41834,Brown Forest Soils (Dystric Eutrochrepts),65.0,NA,18.4,49.0,32.6,1.28,moderate,"Dudatoli-Almora Crystalline Complex (Granitic Gneiss, Schist, Quartzite)"
41876,Brown Forest Soils (Dystric Eutrochrepts),65.0,NA,18.4,49.0,32.6,1.28,moderate,"Dudatoli-Almora Crystalline Complex (Granitic Gneiss, Schist, Quartzite)"
41836,Brown Forest Soils (Dystric Eutrochrepts),65.0,NA,18.4,49.0,32.6,1.28,moderate,"Dudatoli-Almora Crystalline Complex (Granitic Gneiss, Schist, Quartzite)"
41853,Brown Forest Soils (Dystric Eutrochrepts),65.0,NA,18.4,49.0,32.6,1.28,moderate,"Dudatoli-Almora Crystalline Complex (Granitic Gneiss, Schist, Quartzite)"
42030,Brown Forest Soils (Dystric Eutrochrepts),65.0,NA,18.4,49.0,32.6,1.28,moderate,"Dudatoli-Almora Crystalline Complex (Granitic Gneiss, Schist, Quartzite)"
41947,Brown Forest Soils (Dystric Eutrochrepts),65.0,NA,18.4,49.0,32.6,1.28,moderate,"Dudatoli-Almora Crystalline Complex (Granitic Gneiss, Schist, Quartzite)"
41897,Brown Forest Soils (Dystric Eutrochrepts),65.0,NA,18.4,49.0,32.6,1.28,moderate,"Dudatoli-Almora Crystalline Complex (Granitic Gneiss, Schist, Quartzite)"
41963,Brown Forest Soils (Dystric Eutrochrepts),65.0,NA,18.4,49.0,32.6,1.28,moderate,"Dudatoli-Almora Crystalline Complex (Granitic Gneiss, Schist, Quartzite)"
41916,Brown Forest Soils (Dystric Eutrochrepts),65.0,NA,18.4,49.0,32.6,1.28,moderate,"Dudatoli-Almora Crystalline Complex (Granitic Gneiss, Schist, Quartzite)"
41837,Brown Forest Soils (Dystric Eutrochrepts),65.0,NA,18.4,49.0,32.6,1.28,moderate,"Dudatoli-Almora Crystalline Complex (Granitic Gneiss, Schist, Quartzite)"
41915,Brown Forest Soils (Dystric Eutrochrepts),65.0,NA,18.4,49.0,32.6,1.28,moderate,"Dudatoli-Almora Crystalline Complex (Granitic Gneiss, Schist, Quartzite)"
41830,Brown Forest Soils (Dystric Eutrochrepts),65.0,NA,18.4,49.0,32.6,1.28,moderate,"Dudatoli-Almora Crystalline Complex (Granitic Gneiss, Schist, Quartzite)"
41833,Brown Forest Soils (Dystric Eutrochrepts),65.0,NA,18.4,49.0,32.6,1.28,moderate,"Dudatoli-Almora Crystalline Complex (Granitic Gneiss, Schist, Quartzite)"
41983,Brown Forest Soils (Dystric Eutrochrepts),65.0,NA,18.4,49.0,32.6,1.28,moderate,"Dudatoli-Almora Crystalline Complex (Granitic Gneiss, Schist, Quartzite)"
41910,Brown Forest Soils (Dystric Eutrochrepts),65.0,NA,18.4,49.0,32.6,1.28,moderate,"Dudatoli-Almora Crystalline Complex (Granitic Gneiss, Schist, Quartzite)"
41901,Brown Forest Soils (Dystric Eutrochrepts),65.0,NA,18.4,49.0,32.6,1.28,moderate,"Dudatoli-Almora Crystalline Complex (Granitic Gneiss, Schist, Quartzite)"
41852,Brown Forest Soils (Dystric Eutrochrepts),65.0,NA,18.4,49.0,32.6,1.28,moderate,"Dudatoli-Almora Crystalline Complex (Granitic Gneiss, Schist, Quartzite)"
41996,Brown Forest Soils (Dystric Eutrochrepts),65.0,NA,18.4,49.0,32.6,1.28,moderate,"Dudatoli-Almora Crystalline Complex (Granitic Gneiss, Schist, Quartzite)"
41944,Brown Forest Soils (Dystric Eutrochrepts),65.0,NA,18.4,49.0,32.6,1.28,moderate,"Dudatoli-Almora Crystalline Complex (Granitic Gneiss, Schist, Quartzite)"
41865,Brown Forest Soils (Dystric Eutrochrepts),65.0,NA,18.4,49.0,32.6,1.28,moderate,"Dudatoli-Almora Crystalline Complex (Granitic Gneiss, Schist, Quartzite)"
42022,Brown Forest Soils (Dystric Eutrochrepts),65.0,NA,18.4,49.0,32.6,1.28,moderate,"Dudatoli-Almora Crystalline Complex (Granitic Gneiss, Schist, Quartzite)"
41911,Brown Forest Soils (Dystric Eutrochrepts),65.0,NA,18.4,49.0,32.6,1.28,moderate,"Dudatoli-Almora Crystalline Complex (Granitic Gneiss, Schist, Quartzite)"
42039,Brown Forest Soils (Dystric Eutrochrepts),65.0,NA,18.4,49.0,32.6,1.28,moderate,"Dudatoli-Almora Crystalline Complex (Granitic Gneiss, Schist, Quartzite)"
41952,Brown Forest Soils (Dystric Eutrochrepts),65.0,NA,18.4,49.0,32.6,1.28,moderate,"Dudatoli-Almora Crystalline Complex (Granitic Gneiss, Schist, Quartzite)"
42037,Brown Forest Soils (Dystric Eutrochrepts),65.0,NA,18.4,49.0,32.6,1.28,moderate,"Dudatoli-Almora Crystalline Complex (Granitic Gneiss, Schist, Quartzite)"
41851,Brown Forest Soils (Dystric Eutrochrepts),65.0,NA,18.4,49.0,32.6,1.28,moderate,"Dudatoli-Almora Crystalline Complex (Granitic Gneiss, Schist, Quartzite)"
41913,Brown Forest Soils (Dystric Eutrochrepts),65.0,NA,18.4,49.0,32.6,1.28,moderate,"Dudatoli-Almora Crystalline Complex (Granitic Gneiss, Schist, Quartzite)"
41867,Brown Forest Soils (Dystric Eutrochrepts),65.0,NA,18.4,49.0,32.6,1.28,moderate,"Dudatoli-Almora Crystalline Complex (Granitic Gneiss, Schist, Quartzite)"
41881,Brown Forest Soils (Dystric Eutrochrepts),65.0,NA,18.4,49.0,32.6,1.28,moderate,"Dudatoli-Almora Crystalline Complex (Granitic Gneiss, Schist, Quartzite)"
42014,Brown Forest Soils (Dystric Eutrochrepts),65.0,NA,18.4,49.0,32.6,1.28,moderate,"Dudatoli-Almora Crystalline Complex (Granitic Gneiss, Schist, Quartzite)"
41951,Brown Forest Soils (Dystric Eutrochrepts),65.0,NA,18.4,49.0,32.6,1.28,moderate,"Dudatoli-Almora Crystalline Complex (Granitic Gneiss, Schist, Quartzite)"
41857,Brown Forest Soils (Dystric Eutrochrepts),65.0,NA,18.4,49.0,32.6,1.28,moderate,"Dudatoli-Almora Crystalline Complex (Granitic Gneiss, Schist, Quartzite)"
41906,Mountain Meadow Soils (Typic Cryorthents),35.0,NA,12.2,61.0,26.8,2.15,moderately rapid,"Dudatoli-Almora Crystalline Complex (Granitic Gneiss, Schist, Quartzite)"
41894,Mountain Meadow Soils (Typic Cryorthents),35.0,NA,12.2,61.0,26.8,2.15,moderately rapid,"Dudatoli-Almora Crystalline Complex (Granitic Gneiss, Schist, Quartzite)"
41953,Brown Forest Soils (Dystric Eutrochrepts),65.0,NA,18.4,49.0,32.6,1.28,moderate,"Dudatoli-Almora Crystalline Complex (Granitic Gneiss, Schist, Quartzite)"
41832,Brown Forest Soils (Dystric Eutrochrepts),65.0,NA,18.4,49.0,32.6,1.28,moderate,"Dudatoli-Almora Crystalline Complex (Granitic Gneiss, Schist, Quartzite)"
41843,Brown Forest Soils (Dystric Eutrochrepts),65.0,NA,18.4,49.0,32.6,1.28,moderate,"Dudatoli-Almora Crystalline Complex (Granitic Gneiss, Schist, Quartzite)"
41934,Brown Forest Soils (Dystric Eutrochrepts),65.0,NA,18.4,49.0,32.6,1.28,moderate,"Dudatoli-Almora Crystalline Complex (Granitic Gneiss, Schist, Quartzite)"
41821,Mountain Meadow Soils (Typic Cryorthents),35.0,NA,12.2,61.0,26.8,2.15,moderately rapid,"Dudatoli-Almora Crystalline Complex (Granitic Gneiss, Schist, Quartzite)"
41880,Brown Forest Soils (Dystric Eutrochrepts),65.0,NA,18.4,49.0,32.6,1.28,moderate,"Dudatoli-Almora Crystalline Complex (Granitic Gneiss, Schist, Quartzite)"
41891,Mountain Meadow Soils (Typic Cryorthents),35.0,NA,12.2,61.0,26.8,2.15,moderately rapid,"Dudatoli-Almora Crystalline Complex (Granitic Gneiss, Schist, Quartzite)"
41970,Brown Forest Soils (Dystric Eutrochrepts),65.0,NA,18.4,49.0,32.6,1.28,moderate,"Dudatoli-Almora Crystalline Complex (Granitic Gneiss, Schist, Quartzite)"
41874,Brown Forest Soils (Dystric Eutrochrepts),65.0,NA,18.4,49.0,32.6,1.28,moderate,"Dudatoli-Almora Crystalline Complex (Granitic Gneiss, Schist, Quartzite)"
41993,Brown Forest Soils (Dystric Eutrochrepts),65.0,NA,18.4,49.0,32.6,1.28,moderate,"Dudatoli-Almora Crystalline Complex (Granitic Gneiss, Schist, Quartzite)"
41926,Brown Forest Soils (Dystric Eutrochrepts),65.0,NA,18.4,49.0,32.6,1.28,moderate,"Dudatoli-Almora Crystalline Complex (Granitic Gneiss, Schist, Quartzite)"
41872,Brown Forest Soils (Dystric Eutrochrepts),65.0,NA,18.4,49.0,32.6,1.28,moderate,"Dudatoli-Almora Crystalline Complex (Granitic Gneiss, Schist, Quartzite)"
41935,Mountain Meadow Soils (Typic Cryorthents),35.0,NA,12.2,61.0,26.8,2.15,moderately rapid,"Dudatoli-Almora Crystalline Complex (Granitic Gneiss, Schist, Quartzite)"
41839,Brown Forest Soils (Dystric Eutrochrepts),65.0,NA,18.4,49.0,32.6,1.28,moderate,"Dudatoli-Almora Crystalline Complex (Granitic Gneiss, Schist, Quartzite)"
41962,Brown Forest Soils (Dystric Eutrochrepts),65.0,NA,18.4,49.0,32.6,1.28,moderate,"Dudatoli-Almora Crystalline Complex (Granitic Gneiss, Schist, Quartzite)"
42032,Brown Forest Soils (Dystric Eutrochrepts),65.0,NA,18.4,49.0,32.6,1.28,moderate,"Dudatoli-Almora Crystalline Complex (Granitic Gneiss, Schist, Quartzite)"
41902,Mountain Meadow Soils (Typic Cryorthents),35.0,NA,12.2,61.0,26.8,2.15,moderately rapid,"Dudatoli-Almora Crystalline Complex (Granitic Gneiss, Schist, Quartzite)"
42006,Brown Forest Soils (Dystric Eutrochrepts),65.0,NA,18.4,49.0,32.6,1.28,moderate,"Dudatoli-Almora Crystalline Complex (Granitic Gneiss, Schist, Quartzite)"
41943,Brown Forest Soils (Dystric Eutrochrepts),65.0,NA,18.4,49.0,32.6,1.28,moderate,"Dudatoli-Almora Crystalline Complex (Granitic Gneiss, Schist, Quartzite)"
41928,Mountain Meadow Soils (Typic Cryorthents),35.0,NA,12.2,61.0,26.8,2.15,moderately rapid,"Dudatoli-Almora Crystalline Complex (Granitic Gneiss, Schist, Quartzite)"
41972,Brown Forest Soils (Dystric Eutrochrepts),65.0,NA,18.4,49.0,32.6,1.28,moderate,"Dudatoli-Almora Crystalline Complex (Granitic Gneiss, Schist, Quartzite)"
41895,Brown Forest Soils (Dystric Eutrochrepts),65.0,NA,18.4,49.0,32.6,1.28,moderate,"Dudatoli-Almora Crystalline Complex (Granitic Gneiss, Schist, Quartzite)"
42016,Brown Forest Soils (Dystric Eutrochrepts),65.0,NA,18.4,49.0,32.6,1.28,moderate,"Dudatoli-Almora Crystalline Complex (Granitic Gneiss, Schist, Quartzite)"
41893,Mountain Meadow Soils (Typic Cryorthents),35.0,NA,12.2,61.0,26.8,2.15,moderately rapid,"Dudatoli-Almora Crystalline Complex (Granitic Gneiss, Schist, Quartzite)"
41982,Brown Forest Soils (Dystric Eutrochrepts),65.0,NA,18.4,49.0,32.6,1.28,moderate,"Dudatoli-Almora Crystalline Complex (Granitic Gneiss, Schist, Quartzite)"
42033,Brown Forest Soils (Dystric Eutrochrepts),65.0,NA,18.4,49.0,32.6,1.28,moderate,"Dudatoli-Almora Crystalline Complex (Granitic Gneiss, Schist, Quartzite)"
41909,Brown Forest Soils (Dystric Eutrochrepts),65.0,NA,18.4,49.0,32.6,1.28,moderate,"Dudatoli-Almora Crystalline Complex (Granitic Gneiss, Schist, Quartzite)"
41989,Brown Forest Soils (Dystric Eutrochrepts),65.0,NA,18.4,49.0,32.6,1.28,moderate,"Dudatoli-Almora Crystalline Complex (Granitic Gneiss, Schist, Quartzite)"
41941,Brown Forest Soils (Dystric Eutrochrepts),65.0,NA,18.4,49.0,32.6,1.28,moderate,"Dudatoli-Almora Crystalline Complex (Granitic Gneiss, Schist, Quartzite)"
41885,Brown Forest Soils (Dystric Eutrochrepts),65.0,NA,18.4,49.0,32.6,1.28,moderate,"Dudatoli-Almora Crystalline Complex (Granitic Gneiss, Schist, Quartzite)"
41866,Brown Forest Soils (Dystric Eutrochrepts),65.0,NA,18.4,49.0,32.6,1.28,moderate,"Dudatoli-Almora Crystalline Complex (Granitic Gneiss, Schist, Quartzite)"
41946,Brown Forest Soils (Dystric Eutrochrepts),65.0,NA,18.4,49.0,32.6,1.28,moderate,"Dudatoli-Almora Crystalline Complex (Granitic Gneiss, Schist, Quartzite)"
41949,Brown Forest Soils (Dystric Eutrochrepts),65.0,NA,18.4,49.0,32.6,1.28,moderate,"Dudatoli-Almora Crystalline Complex (Granitic Gneiss, Schist, Quartzite)"
42008,Brown Forest Soils (Dystric Eutrochrepts),65.0,NA,18.4,49.0,32.6,1.28,moderate,"Dudatoli-Almora Crystalline Complex (Granitic Gneiss, Schist, Quartzite)"
41936,Brown Forest Soils (Dystric Eutrochrepts),65.0,NA,18.4,49.0,32.6,1.28,moderate,"Dudatoli-Almora Crystalline Complex (Granitic Gneiss, Schist, Quartzite)"
41889,Brown Forest Soils (Dystric Eutrochrepts),65.0,NA,18.4,49.0,32.6,1.28,moderate,"Dudatoli-Almora Crystalline Complex (Granitic Gneiss, Schist, Quartzite)"
41938,Brown Forest Soils (Dystric Eutrochrepts),65.0,NA,18.4,49.0,32.6,1.28,moderate,"Dudatoli-Almora Crystalline Complex (Granitic Gneiss, Schist, Quartzite)"
41886,Brown Forest Soils (Dystric Eutrochrepts),65.0,NA,18.4,49.0,32.6,1.28,moderate,"Dudatoli-Almora Crystalline Complex (Granitic Gneiss, Schist, Quartzite)"
41948,Brown Forest Soils (Dystric Eutrochrepts),65.0,NA,18.4,49.0,32.6,1.28,moderate,"Dudatoli-Almora Crystalline Complex (Granitic Gneiss, Schist, Quartzite)"
41869,Brown Forest Soils (Dystric Eutrochrepts),65.0,NA,18.4,49.0,32.6,1.28,moderate,"Dudatoli-Almora Crystalline Complex (Granitic Gneiss, Schist, Quartzite)"
41981,Brown Forest Soils (Dystric Eutrochrepts),65.0,NA,18.4,49.0,32.6,1.28,moderate,"Dudatoli-Almora Crystalline Complex (Granitic Gneiss, Schist, Quartzite)"
41974,Brown Forest Soils (Dystric Eutrochrepts),65.0,NA,18.4,49.0,32.6,1.28,moderate,"Dudatoli-Almora Crystalline Complex (Granitic Gneiss, Schist, Quartzite)"
42038,Brown Forest Soils (Dystric Eutrochrepts),65.0,NA,18.4,49.0,32.6,1.28,moderate,"Dudatoli-Almora Crystalline Complex (Granitic Gneiss, Schist, Quartzite)"
41859,Brown Forest Soils (Dystric Eutrochrepts),65.0,NA,18.4,49.0,32.6,1.28,moderate,"Dudatoli-Almora Crystalline Complex (Granitic Gneiss, Schist, Quartzite)"
41898,Brown Forest Soils (Dystric Eutrochrepts),65.0,NA,18.4,49.0,32.6,1.28,moderate,"Dudatoli-Almora Crystalline Complex (Granitic Gneiss, Schist, Quartzite)"
41984,Brown Forest Soils (Dystric Eutrochrepts),65.0,NA,18.4,49.0,32.6,1.28,moderate,"Dudatoli-Almora Crystalline Complex (Granitic Gneiss, Schist, Quartzite)"
41864,Brown Forest Soils (Dystric Eutrochrepts),65.0,NA,18.4,49.0,32.6,1.28,moderate,"Dudatoli-Almora Crystalline Complex (Granitic Gneiss, Schist, Quartzite)"
42005,Brown Forest Soils (Dystric Eutrochrepts),65.0,NA,18.4,49.0,32.6,1.28,moderate,"Dudatoli-Almora Crystalline Complex (Granitic Gneiss, Schist, Quartzite)"
42029,Brown Forest Soils (Dystric Eutrochrepts),65.0,NA,18.4,49.0,32.6,1.28,moderate,"Dudatoli-Almora Crystalline Complex (Granitic Gneiss, Schist, Quartzite)"
42049,Brown Forest Soils (Dystric Eutrochrepts),65.0,NA,18.4,49.0,32.6,1.28,moderate,"Dudatoli-Almora Crystalline Complex (Granitic Gneiss, Schist, Quartzite)"
41956,Brown Forest Soils (Dystric Eutrochrepts),65.0,NA,18.4,49.0,32.6,1.28,moderate,"Dudatoli-Almora Crystalline Complex (Granitic Gneiss, Schist, Quartzite)"
41950,Brown Forest Soils (Dystric Eutrochrepts),65.0,NA,18.4,49.0,32.6,1.28,moderate,"Dudatoli-Almora Crystalline Complex (Granitic Gneiss, Schist, Quartzite)"
41968,Brown Forest Soils (Dystric Eutrochrepts),65.0,NA,18.4,49.0,32.6,1.28,moderate,"Dudatoli-Almora Crystalline Complex (Granitic Gneiss, Schist, Quartzite)"
40859,Mountain Meadow Soils (Typic Cryorthents),35.0,NA,12.2,61.0,26.8,2.15,moderately rapid,Central Crystallines / Vaikrita Group (Kyanite-Sillimanite Gneiss and Schist)
40811,Mountain Meadow Soils (Typic Cryorthents),35.0,NA,12.2,61.0,26.8,2.15,moderately rapid,Central Crystallines / Vaikrita Group (Kyanite-Sillimanite Gneiss and Schist)
40826,Mountain Meadow Soils (Typic Cryorthents),35.0,NA,12.2,61.0,26.8,2.15,moderately rapid,Central Crystallines / Vaikrita Group (Kyanite-Sillimanite Gneiss and Schist)
40827,Skeletal and Glacial Morainic Soils (Cryic Lithosols),18.0,NA,6.5,75.0,18.5,0.54,rapid,Central Crystallines / Vaikrita Group (Kyanite-Sillimanite Gneiss and Schist)
40887,Skeletal and Glacial Morainic Soils (Cryic Lithosols),18.0,NA,6.5,75.0,18.5,0.54,rapid,"Martoli Group / Tethyan Sedimentary Sequence (Slate, Phyllite, Quartzite)"
40864,Mountain Meadow Soils (Typic Cryorthents),35.0,NA,12.2,61.0,26.8,2.15,moderately rapid,Central Crystallines / Vaikrita Group (Kyanite-Sillimanite Gneiss and Schist)
40852,Skeletal and Glacial Morainic Soils (Cryic Lithosols),18.0,NA,6.5,75.0,18.5,0.54,rapid,"Martoli Group / Tethyan Sedimentary Sequence (Slate, Phyllite, Quartzite)"
40875,Mountain Meadow Soils (Typic Cryorthents),35.0,NA,12.2,61.0,26.8,2.15,moderately rapid,Central Crystallines / Vaikrita Group (Kyanite-Sillimanite Gneiss and Schist)
40818,Mountain Meadow Soils (Typic Cryorthents),35.0,NA,12.2,61.0,26.8,2.15,moderately rapid,Central Crystallines / Vaikrita Group (Kyanite-Sillimanite Gneiss and Schist)
40819,Brown Forest Soils (Dystric Eutrochrepts),65.0,NA,18.4,49.0,32.6,1.28,moderate,Central Crystallines / Vaikrita Group (Kyanite-Sillimanite Gneiss and Schist)
40812,Skeletal and Glacial Morainic Soils (Cryic Lithosols),18.0,NA,6.5,75.0,18.5,0.54,rapid,"Martoli Group / Tethyan Sedimentary Sequence (Slate, Phyllite, Quartzite)"
40871,Mountain Meadow Soils (Typic Cryorthents),35.0,NA,12.2,61.0,26.8,2.15,moderately rapid,Central Crystallines / Vaikrita Group (Kyanite-Sillimanite Gneiss and Schist)
40816,Sub-montane Meadow and Fluvial Terrace Soils (Udifluvents),110.0,NA,22.5,36.0,41.5,0.92,moderately rapid,Central Crystallines / Vaikrita Group (Kyanite-Sillimanite Gneiss and Schist)
40872,Brown Forest Soils (Dystric Eutrochrepts),65.0,NA,18.4,49.0,32.6,1.28,moderate,Central Crystallines / Vaikrita Group (Kyanite-Sillimanite Gneiss and Schist)
40847,Brown Forest Soils (Dystric Eutrochrepts),65.0,NA,18.4,49.0,32.6,1.28,moderate,Central Crystallines / Vaikrita Group (Kyanite-Sillimanite Gneiss and Schist)
40866,Mountain Meadow Soils (Typic Cryorthents),35.0,NA,12.2,61.0,26.8,2.15,moderately rapid,Central Crystallines / Vaikrita Group (Kyanite-Sillimanite Gneiss and Schist)
40902,Skeletal and Glacial Morainic Soils (Cryic Lithosols),18.0,NA,6.5,75.0,18.5,0.54,rapid,"Martoli Group / Tethyan Sedimentary Sequence (Slate, Phyllite, Quartzite)"
40829,Mountain Meadow Soils (Typic Cryorthents),35.0,NA,12.2,61.0,26.8,2.15,moderately rapid,Central Crystallines / Vaikrita Group (Kyanite-Sillimanite Gneiss and Schist)
40838,Brown Forest Soils (Dystric Eutrochrepts),65.0,NA,18.4,49.0,32.6,1.28,moderate,Central Crystallines / Vaikrita Group (Kyanite-Sillimanite Gneiss and Schist)
40903,Mountain Meadow Soils (Typic Cryorthents),35.0,NA,12.2,61.0,26.8,2.15,moderately rapid,Central Crystallines / Vaikrita Group (Kyanite-Sillimanite Gneiss and Schist)
40895,Skeletal and Glacial Morainic Soils (Cryic Lithosols),18.0,NA,6.5,75.0,18.5,0.54,rapid,"Martoli Group / Tethyan Sedimentary Sequence (Slate, Phyllite, Quartzite)"
40874,Mountain Meadow Soils (Typic Cryorthents),35.0,NA,12.2,61.0,26.8,2.15,moderately rapid,Central Crystallines / Vaikrita Group (Kyanite-Sillimanite Gneiss and Schist)
40888,Skeletal and Glacial Morainic Soils (Cryic Lithosols),18.0,NA,6.5,75.0,18.5,0.54,rapid,"Martoli Group / Tethyan Sedimentary Sequence (Slate, Phyllite, Quartzite)"
40851,Mountain Meadow Soils (Typic Cryorthents),35.0,NA,12.2,61.0,26.8,2.15,moderately rapid,Central Crystallines / Vaikrita Group (Kyanite-Sillimanite Gneiss and Schist)
40901,Skeletal and Glacial Morainic Soils (Cryic Lithosols),18.0,NA,6.5,75.0,18.5,0.54,rapid,"Martoli Group / Tethyan Sedimentary Sequence (Slate, Phyllite, Quartzite)"
40825,Brown Forest Soils (Dystric Eutrochrepts),65.0,NA,18.4,49.0,32.6,1.28,moderate,Central Crystallines / Vaikrita Group (Kyanite-Sillimanite Gneiss and Schist)
40840,Brown Forest Soils (Dystric Eutrochrepts),65.0,NA,18.4,49.0,32.6,1.28,moderate,Central Crystallines / Vaikrita Group (Kyanite-Sillimanite Gneiss and Schist)
40890,Skeletal and Glacial Morainic Soils (Cryic Lithosols),18.0,NA,6.5,75.0,18.5,0.54,rapid,"Martoli Group / Tethyan Sedimentary Sequence (Slate, Phyllite, Quartzite)"
40822,Brown Forest Soils (Dystric Eutrochrepts),65.0,NA,18.4,49.0,32.6,1.28,moderate,Central Crystallines / Vaikrita Group (Kyanite-Sillimanite Gneiss and Schist)
40833,Brown Forest Soils (Dystric Eutrochrepts),65.0,NA,18.4,49.0,32.6,1.28,moderate,Central Crystallines / Vaikrita Group (Kyanite-Sillimanite Gneiss and Schist)
40897,Skeletal and Glacial Morainic Soils (Cryic Lithosols),18.0,NA,6.5,75.0,18.5,0.54,rapid,"Martoli Group / Tethyan Sedimentary Sequence (Slate, Phyllite, Quartzite)"
40844,Brown Forest Soils (Dystric Eutrochrepts),65.0,NA,18.4,49.0,32.6,1.28,moderate,Central Crystallines / Vaikrita Group (Kyanite-Sillimanite Gneiss and Schist)
40879,Mountain Meadow Soils (Typic Cryorthents),35.0,NA,12.2,61.0,26.8,2.15,moderately rapid,Central Crystallines / Vaikrita Group (Kyanite-Sillimanite Gneiss and Schist)
40898,Skeletal and Glacial Morainic Soils (Cryic Lithosols),18.0,NA,6.5,75.0,18.5,0.54,rapid,Central Crystallines / Vaikrita Group (Kyanite-Sillimanite Gneiss and Schist)
40878,Mountain Meadow Soils (Typic Cryorthents),35.0,NA,12.2,61.0,26.8,2.15,moderately rapid,Central Crystallines / Vaikrita Group (Kyanite-Sillimanite Gneiss and Schist)
40900,Skeletal and Glacial Morainic Soils (Cryic Lithosols),18.0,NA,6.5,75.0,18.5,0.54,rapid,Central Crystallines / Vaikrita Group (Kyanite-Sillimanite Gneiss and Schist)
40893,Mountain Meadow Soils (Typic Cryorthents),35.0,NA,12.2,61.0,26.8,2.15,moderately rapid,"Martoli Group / Tethyan Sedimentary Sequence (Slate, Phyllite, Quartzite)"
40830,Mountain Meadow Soils (Typic Cryorthents),35.0,NA,12.2,61.0,26.8,2.15,moderately rapid,Central Crystallines / Vaikrita Group (Kyanite-Sillimanite Gneiss and Schist)
40876,Mountain Meadow Soils (Typic Cryorthents),35.0,NA,12.2,61.0,26.8,2.15,moderately rapid,Central Crystallines / Vaikrita Group (Kyanite-Sillimanite Gneiss and Schist)
40870,Mountain Meadow Soils (Typic Cryorthents),35.0,NA,12.2,61.0,26.8,2.15,moderately rapid,Central Crystallines / Vaikrita Group (Kyanite-Sillimanite Gneiss and Schist)
40862,Brown Forest Soils (Dystric Eutrochrepts),65.0,NA,18.4,49.0,32.6,1.28,moderate,Central Crystallines / Vaikrita Group (Kyanite-Sillimanite Gneiss and Schist)
40861,Mountain Meadow Soils (Typic Cryorthents),35.0,NA,12.2,61.0,26.8,2.15,moderately rapid,Central Crystallines / Vaikrita Group (Kyanite-Sillimanite Gneiss and Schist)
40809,Skeletal and Glacial Morainic Soils (Cryic Lithosols),18.0,NA,6.5,75.0,18.5,0.54,rapid,"Martoli Group / Tethyan Sedimentary Sequence (Slate, Phyllite, Quartzite)"
40834,Brown Forest Soils (Dystric Eutrochrepts),65.0,NA,18.4,49.0,32.6,1.28,moderate,Central Crystallines / Vaikrita Group (Kyanite-Sillimanite Gneiss and Schist)
40896,Skeletal and Glacial Morainic Soils (Cryic Lithosols),18.0,NA,6.5,75.0,18.5,0.54,rapid,"Martoli Group / Tethyan Sedimentary Sequence (Slate, Phyllite, Quartzite)"
40867,Mountain Meadow Soils (Typic Cryorthents),35.0,NA,12.2,61.0,26.8,2.15,moderately rapid,Central Crystallines / Vaikrita Group (Kyanite-Sillimanite Gneiss and Schist)
40858,Skeletal and Glacial Morainic Soils (Cryic Lithosols),18.0,NA,6.5,75.0,18.5,0.54,rapid,"Martoli Group / Tethyan Sedimentary Sequence (Slate, Phyllite, Quartzite)"
40841,Brown Forest Soils (Dystric Eutrochrepts),65.0,NA,18.4,49.0,32.6,1.28,moderate,Central Crystallines / Vaikrita Group (Kyanite-Sillimanite Gneiss and Schist)
40836,Brown Forest Soils (Dystric Eutrochrepts),65.0,NA,18.4,49.0,32.6,1.28,moderate,Central Crystallines / Vaikrita Group (Kyanite-Sillimanite Gneiss and Schist)
40880,Skeletal and Glacial Morainic Soils (Cryic Lithosols),18.0,NA,6.5,75.0,18.5,0.54,rapid,"Martoli Group / Tethyan Sedimentary Sequence (Slate, Phyllite, Quartzite)"
40853,Skeletal and Glacial Morainic Soils (Cryic Lithosols),18.0,NA,6.5,75.0,18.5,0.54,rapid,"Martoli Group / Tethyan Sedimentary Sequence (Slate, Phyllite, Quartzite)"
40820,Brown Forest Soils (Dystric Eutrochrepts),65.0,NA,18.4,49.0,32.6,1.28,moderate,Central Crystallines / Vaikrita Group (Kyanite-Sillimanite Gneiss and Schist)
40891,Skeletal and Glacial Morainic Soils (Cryic Lithosols),18.0,NA,6.5,75.0,18.5,0.54,rapid,"Martoli Group / Tethyan Sedimentary Sequence (Slate, Phyllite, Quartzite)"
40892,Skeletal and Glacial Morainic Soils (Cryic Lithosols),18.0,NA,6.5,75.0,18.5,0.54,rapid,"Martoli Group / Tethyan Sedimentary Sequence (Slate, Phyllite, Quartzite)"
40808,Mountain Meadow Soils (Typic Cryorthents),35.0,NA,12.2,61.0,26.8,2.15,moderately rapid,"Martoli Group / Tethyan Sedimentary Sequence (Slate, Phyllite, Quartzite)"
40846,Mountain Meadow Soils (Typic Cryorthents),35.0,NA,12.2,61.0,26.8,2.15,moderately rapid,Central Crystallines / Vaikrita Group (Kyanite-Sillimanite Gneiss and Schist)
40863,Brown Forest Soils (Dystric Eutrochrepts),65.0,NA,18.4,49.0,32.6,1.28,moderate,Central Crystallines / Vaikrita Group (Kyanite-Sillimanite Gneiss and Schist)
40850,Mountain Meadow Soils (Typic Cryorthents),35.0,NA,12.2,61.0,26.8,2.15,moderately rapid,Central Crystallines / Vaikrita Group (Kyanite-Sillimanite Gneiss and Schist)
40883,Skeletal and Glacial Morainic Soils (Cryic Lithosols),18.0,NA,6.5,75.0,18.5,0.54,rapid,Central Crystallines / Vaikrita Group (Kyanite-Sillimanite Gneiss and Schist)
40889,Skeletal and Glacial Morainic Soils (Cryic Lithosols),18.0,NA,6.5,75.0,18.5,0.54,rapid,"Martoli Group / Tethyan Sedimentary Sequence (Slate, Phyllite, Quartzite)"
40848,Brown Forest Soils (Dystric Eutrochrepts),65.0,NA,18.4,49.0,32.6,1.28,moderate,Central Crystallines / Vaikrita Group (Kyanite-Sillimanite Gneiss and Schist)
40849,Mountain Meadow Soils (Typic Cryorthents),35.0,NA,12.2,61.0,26.8,2.15,moderately rapid,Central Crystallines / Vaikrita Group (Kyanite-Sillimanite Gneiss and Schist)
40855,Skeletal and Glacial Morainic Soils (Cryic Lithosols),18.0,NA,6.5,75.0,18.5,0.54,rapid,"Martoli Group / Tethyan Sedimentary Sequence (Slate, Phyllite, Quartzite)"
40823,Brown Forest Soils (Dystric Eutrochrepts),65.0,NA,18.4,49.0,32.6,1.28,moderate,Central Crystallines / Vaikrita Group (Kyanite-Sillimanite Gneiss and Schist)
40845,Sub-montane Meadow and Fluvial Terrace Soils (Udifluvents),110.0,NA,22.5,36.0,41.5,0.92,moderately rapid,Central Crystallines / Vaikrita Group (Kyanite-Sillimanite Gneiss and Schist)
40832,Brown Forest Soils (Dystric Eutrochrepts),65.0,NA,18.4,49.0,32.6,1.28,moderate,Central Crystallines / Vaikrita Group (Kyanite-Sillimanite Gneiss and Schist)
40813,Brown Forest Soils (Dystric Eutrochrepts),65.0,NA,18.4,49.0,32.6,1.28,moderate,Central Crystallines / Vaikrita Group (Kyanite-Sillimanite Gneiss and Schist)
40882,Mountain Meadow Soils (Typic Cryorthents),35.0,NA,12.2,61.0,26.8,2.15,moderately rapid,Central Crystallines / Vaikrita Group (Kyanite-Sillimanite Gneiss and Schist)
40865,Mountain Meadow Soils (Typic Cryorthents),35.0,NA,12.2,61.0,26.8,2.15,moderately rapid,Central Crystallines / Vaikrita Group (Kyanite-Sillimanite Gneiss and Schist)
40835,Brown Forest Soils (Dystric Eutrochrepts),65.0,NA,18.4,49.0,32.6,1.28,moderate,Central Crystallines / Vaikrita Group (Kyanite-Sillimanite Gneiss and Schist)
40814,Mountain Meadow Soils (Typic Cryorthents),35.0,NA,12.2,61.0,26.8,2.15,moderately rapid,Central Crystallines / Vaikrita Group (Kyanite-Sillimanite Gneiss and Schist)
40869,Skeletal and Glacial Morainic Soils (Cryic Lithosols),18.0,NA,6.5,75.0,18.5,0.54,rapid,Central Crystallines / Vaikrita Group (Kyanite-Sillimanite Gneiss and Schist)
40881,Mountain Meadow Soils (Typic Cryorthents),35.0,NA,12.2,61.0,26.8,2.15,moderately rapid,Central Crystallines / Vaikrita Group (Kyanite-Sillimanite Gneiss and Schist)
40885,Skeletal and Glacial Morainic Soils (Cryic Lithosols),18.0,NA,6.5,75.0,18.5,0.54,rapid,Central Crystallines / Vaikrita Group (Kyanite-Sillimanite Gneiss and Schist)
40886,Mountain Meadow Soils (Typic Cryorthents),35.0,NA,12.2,61.0,26.8,2.15,moderately rapid,Central Crystallines / Vaikrita Group (Kyanite-Sillimanite Gneiss and Schist)
40824,Brown Forest Soils (Dystric Eutrochrepts),65.0,NA,18.4,49.0,32.6,1.28,moderate,Central Crystallines / Vaikrita Group (Kyanite-Sillimanite Gneiss and Schist)
40821,Brown Forest Soils (Dystric Eutrochrepts),65.0,NA,18.4,49.0,32.6,1.28,moderate,Central Crystallines / Vaikrita Group (Kyanite-Sillimanite Gneiss and Schist)
40828,Skeletal and Glacial Morainic Soils (Cryic Lithosols),18.0,NA,6.5,75.0,18.5,0.54,rapid,Central Crystallines / Vaikrita Group (Kyanite-Sillimanite Gneiss and Schist)
40884,Skeletal and Glacial Morainic Soils (Cryic Lithosols),18.0,NA,6.5,75.0,18.5,0.54,rapid,Central Crystallines / Vaikrita Group (Kyanite-Sillimanite Gneiss and Schist)
40857,Skeletal and Glacial Morainic Soils (Cryic Lithosols),18.0,NA,6.5,75.0,18.5,0.54,rapid,"Martoli Group / Tethyan Sedimentary Sequence (Slate, Phyllite, Quartzite)"
40843,Mountain Meadow Soils (Typic Cryorthents),35.0,NA,12.2,61.0,26.8,2.15,moderately rapid,Central Crystallines / Vaikrita Group (Kyanite-Sillimanite Gneiss and Schist)
40842,Brown Forest Soils (Dystric Eutrochrepts),65.0,NA,18.4,49.0,32.6,1.28,moderate,Central Crystallines / Vaikrita Group (Kyanite-Sillimanite Gneiss and Schist)
40839,Brown Forest Soils (Dystric Eutrochrepts),65.0,NA,18.4,49.0,32.6,1.28,moderate,Central Crystallines / Vaikrita Group (Kyanite-Sillimanite Gneiss and Schist)
40810,Skeletal and Glacial Morainic Soils (Cryic Lithosols),18.0,NA,6.5,75.0,18.5,0.54,rapid,"Martoli Group / Tethyan Sedimentary Sequence (Slate, Phyllite, Quartzite)"
40837,Brown Forest Soils (Dystric Eutrochrepts),65.0,NA,18.4,49.0,32.6,1.28,moderate,Central Crystallines / Vaikrita Group (Kyanite-Sillimanite Gneiss and Schist)
40815,Mountain Meadow Soils (Typic Cryorthents),35.0,NA,12.2,61.0,26.8,2.15,moderately rapid,Central Crystallines / Vaikrita Group (Kyanite-Sillimanite Gneiss and Schist)
40856,Mountain Meadow Soils (Typic Cryorthents),35.0,NA,12.2,61.0,26.8,2.15,moderately rapid,Central Crystallines / Vaikrita Group (Kyanite-Sillimanite Gneiss and Schist)
40873,Brown Forest Soils (Dystric Eutrochrepts),65.0,NA,18.4,49.0,32.6,1.28,moderate,Central Crystallines / Vaikrita Group (Kyanite-Sillimanite Gneiss and Schist)
40868,Mountain Meadow Soils (Typic Cryorthents),35.0,NA,12.2,61.0,26.8,2.15,moderately rapid,Central Crystallines / Vaikrita Group (Kyanite-Sillimanite Gneiss and Schist)
40831,Mountain Meadow Soils (Typic Cryorthents),35.0,NA,12.2,61.0,26.8,2.15,moderately rapid,Central Crystallines / Vaikrita Group (Kyanite-Sillimanite Gneiss and Schist)
40817,Skeletal and Glacial Morainic Soils (Cryic Lithosols),18.0,NA,6.5,75.0,18.5,0.54,rapid,"Martoli Group / Tethyan Sedimentary Sequence (Slate, Phyllite, Quartzite)"
41275,Brown Forest Soils (Dystric Eutrochrepts),65.0,NA,18.4,49.0,32.6,1.28,moderate,Garhwal Group (Quartzite and Basic Metavolcanics with Fluvial Terraces)
41284,Brown Forest Soils (Dystric Eutrochrepts),65.0,NA,18.4,49.0,32.6,1.28,moderate,Garhwal Group (Quartzite and Basic Metavolcanics with Fluvial Terraces)
41472,Brown Forest Soils (Dystric Eutrochrepts),65.0,NA,18.4,49.0,32.6,1.28,moderate,"Dudatoli-Almora Crystalline Complex (Biotite Gneiss, Mica Schist, Phyllite)"
41333,Brown Forest Soils (Dystric Eutrochrepts),65.0,NA,18.4,49.0,32.6,1.28,moderate,Garhwal Group (Quartzite and Basic Metavolcanics with Fluvial Terraces)
41486,Sub-montane Meadow and Fluvial Terrace Soils (Udifluvents),110.0,NA,22.5,36.0,41.5,0.92,moderately rapid,"Dudatoli-Almora Crystalline Complex (Biotite Gneiss, Mica Schist, Phyllite)"
41480,Brown Forest Soils (Dystric Eutrochrepts),65.0,NA,18.4,49.0,32.6,1.28,moderate,"Dudatoli-Almora Crystalline Complex (Biotite Gneiss, Mica Schist, Phyllite)"
41323,Brown Forest Soils (Dystric Eutrochrepts),65.0,NA,18.4,49.0,32.6,1.28,moderate,"Dudatoli-Almora Crystalline Complex (Biotite Gneiss, Mica Schist, Phyllite)"
41305,Brown Forest Soils (Dystric Eutrochrepts),65.0,NA,18.4,49.0,32.6,1.28,moderate,Garhwal Group (Quartzite and Basic Metavolcanics with Fluvial Terraces)
41446,Sub-montane Meadow and Fluvial Terrace Soils (Udifluvents),110.0,NA,22.5,36.0,41.5,0.92,moderately rapid,Garhwal Group (Quartzite and Basic Metavolcanics with Fluvial Terraces)
41445,Sub-montane Meadow and Fluvial Terrace Soils (Udifluvents),110.0,NA,22.5,36.0,41.5,0.92,moderately rapid,Garhwal Group (Quartzite and Basic Metavolcanics with Fluvial Terraces)
41419,Brown Forest Soils (Dystric Eutrochrepts),65.0,NA,18.4,49.0,32.6,1.28,moderate,Garhwal Group (Quartzite and Basic Metavolcanics with Fluvial Terraces)
41465,Brown Forest Soils (Dystric Eutrochrepts),65.0,NA,18.4,49.0,32.6,1.28,moderate,"Dudatoli-Almora Crystalline Complex (Biotite Gneiss, Mica Schist, Phyllite)"
41370,Brown Forest Soils (Dystric Eutrochrepts),65.0,NA,18.4,49.0,32.6,1.28,moderate,Garhwal Group (Quartzite and Basic Metavolcanics with Fluvial Terraces)
41433,Brown Forest Soils (Dystric Eutrochrepts),65.0,NA,18.4,49.0,32.6,1.28,moderate,"Dudatoli-Almora Crystalline Complex (Biotite Gneiss, Mica Schist, Phyllite)"
41426,Brown Forest Soils (Dystric Eutrochrepts),65.0,NA,18.4,49.0,32.6,1.28,moderate,Garhwal Group (Quartzite and Basic Metavolcanics with Fluvial Terraces)
41389,Brown Forest Soils (Dystric Eutrochrepts),65.0,NA,18.4,49.0,32.6,1.28,moderate,Garhwal Group (Quartzite and Basic Metavolcanics with Fluvial Terraces)
41291,Mountain Meadow Soils (Typic Cryorthents),35.0,NA,12.2,61.0,26.8,2.15,moderately rapid,Garhwal Group (Quartzite and Basic Metavolcanics with Fluvial Terraces)
41427,Brown Forest Soils (Dystric Eutrochrepts),65.0,NA,18.4,49.0,32.6,1.28,moderate,Garhwal Group (Quartzite and Basic Metavolcanics with Fluvial Terraces)
41404,Brown Forest Soils (Dystric Eutrochrepts),65.0,NA,18.4,49.0,32.6,1.28,moderate,Garhwal Group (Quartzite and Basic Metavolcanics with Fluvial Terraces)
41330,Brown Forest Soils (Dystric Eutrochrepts),65.0,NA,18.4,49.0,32.6,1.28,moderate,Garhwal Group (Quartzite and Basic Metavolcanics with Fluvial Terraces)
41450,Brown Forest Soils (Dystric Eutrochrepts),65.0,NA,18.4,49.0,32.6,1.28,moderate,"Dudatoli-Almora Crystalline Complex (Biotite Gneiss, Mica Schist, Phyllite)"
41280,Sub-montane Meadow and Fluvial Terrace Soils (Udifluvents),110.0,NA,22.5,36.0,41.5,0.92,moderately rapid,Garhwal Group (Quartzite and Basic Metavolcanics with Fluvial Terraces)
41290,Brown Forest Soils (Dystric Eutrochrepts),65.0,NA,18.4,49.0,32.6,1.28,moderate,Garhwal Group (Quartzite and Basic Metavolcanics with Fluvial Terraces)
41458,Brown Forest Soils (Dystric Eutrochrepts),65.0,NA,18.4,49.0,32.6,1.28,moderate,"Dudatoli-Almora Crystalline Complex (Biotite Gneiss, Mica Schist, Phyllite)"
41357,Brown Forest Soils (Dystric Eutrochrepts),65.0,NA,18.4,49.0,32.6,1.28,moderate,Garhwal Group (Quartzite and Basic Metavolcanics with Fluvial Terraces)
41412,Brown Forest Soils (Dystric Eutrochrepts),65.0,NA,18.4,49.0,32.6,1.28,moderate,Garhwal Group (Quartzite and Basic Metavolcanics with Fluvial Terraces)
41381,Brown Forest Soils (Dystric Eutrochrepts),65.0,NA,18.4,49.0,32.6,1.28,moderate,Garhwal Group (Quartzite and Basic Metavolcanics with Fluvial Terraces)
41378,Brown Forest Soils (Dystric Eutrochrepts),65.0,NA,18.4,49.0,32.6,1.28,moderate,Garhwal Group (Quartzite and Basic Metavolcanics with Fluvial Terraces)
41360,Sub-montane Meadow and Fluvial Terrace Soils (Udifluvents),110.0,NA,22.5,36.0,41.5,0.92,moderately rapid,Garhwal Group (Quartzite and Basic Metavolcanics with Fluvial Terraces)
41359,Brown Forest Soils (Dystric Eutrochrepts),65.0,NA,18.4,49.0,32.6,1.28,moderate,"Dudatoli-Almora Crystalline Complex (Biotite Gneiss, Mica Schist, Phyllite)"
41403,Sub-montane Meadow and Fluvial Terrace Soils (Udifluvents),110.0,NA,22.5,36.0,41.5,0.92,moderately rapid,Garhwal Group (Quartzite and Basic Metavolcanics with Fluvial Terraces)
41310,Brown Forest Soils (Dystric Eutrochrepts),65.0,NA,18.4,49.0,32.6,1.28,moderate,Garhwal Group (Quartzite and Basic Metavolcanics with Fluvial Terraces)
41390,Brown Forest Soils (Dystric Eutrochrepts),65.0,NA,18.4,49.0,32.6,1.28,moderate,Garhwal Group (Quartzite and Basic Metavolcanics with Fluvial Terraces)
41273,Brown Forest Soils (Dystric Eutrochrepts),65.0,NA,18.4,49.0,32.6,1.28,moderate,Garhwal Group (Quartzite and Basic Metavolcanics with Fluvial Terraces)
41339,Sub-montane Meadow and Fluvial Terrace Soils (Udifluvents),110.0,NA,22.5,36.0,41.5,0.92,moderately rapid,Garhwal Group (Quartzite and Basic Metavolcanics with Fluvial Terraces)
41315,Brown Forest Soils (Dystric Eutrochrepts),65.0,NA,18.4,49.0,32.6,1.28,moderate,Garhwal Group (Quartzite and Basic Metavolcanics with Fluvial Terraces)
41293,Brown Forest Soils (Dystric Eutrochrepts),65.0,NA,18.4,49.0,32.6,1.28,moderate,Garhwal Group (Quartzite and Basic Metavolcanics with Fluvial Terraces)
41487,Brown Forest Soils (Dystric Eutrochrepts),65.0,NA,18.4,49.0,32.6,1.28,moderate,"Dudatoli-Almora Crystalline Complex (Biotite Gneiss, Mica Schist, Phyllite)"
41448,Sub-montane Meadow and Fluvial Terrace Soils (Udifluvents),110.0,NA,22.5,36.0,41.5,0.92,moderately rapid,"Dudatoli-Almora Crystalline Complex (Biotite Gneiss, Mica Schist, Phyllite)"
41304,Brown Forest Soils (Dystric Eutrochrepts),65.0,NA,18.4,49.0,32.6,1.28,moderate,Garhwal Group (Quartzite and Basic Metavolcanics with Fluvial Terraces)
41308,Brown Forest Soils (Dystric Eutrochrepts),65.0,NA,18.4,49.0,32.6,1.28,moderate,Garhwal Group (Quartzite and Basic Metavolcanics with Fluvial Terraces)
41318,Brown Forest Soils (Dystric Eutrochrepts),65.0,NA,18.4,49.0,32.6,1.28,moderate,"Dudatoli-Almora Crystalline Complex (Biotite Gneiss, Mica Schist, Phyllite)"
41347,Sub-montane Meadow and Fluvial Terrace Soils (Udifluvents),110.0,NA,22.5,36.0,41.5,0.92,moderately rapid,Garhwal Group (Quartzite and Basic Metavolcanics with Fluvial Terraces)
41373,Brown Forest Soils (Dystric Eutrochrepts),65.0,NA,18.4,49.0,32.6,1.28,moderate,Garhwal Group (Quartzite and Basic Metavolcanics with Fluvial Terraces)
41319,Brown Forest Soils (Dystric Eutrochrepts),65.0,NA,18.4,49.0,32.6,1.28,moderate,"Dudatoli-Almora Crystalline Complex (Biotite Gneiss, Mica Schist, Phyllite)"
41311,Mountain Meadow Soils (Typic Cryorthents),35.0,NA,12.2,61.0,26.8,2.15,moderately rapid,Garhwal Group (Quartzite and Basic Metavolcanics with Fluvial Terraces)
41428,Brown Forest Soils (Dystric Eutrochrepts),65.0,NA,18.4,49.0,32.6,1.28,moderate,Garhwal Group (Quartzite and Basic Metavolcanics with Fluvial Terraces)
41344,Brown Forest Soils (Dystric Eutrochrepts),65.0,NA,18.4,49.0,32.6,1.28,moderate,Garhwal Group (Quartzite and Basic Metavolcanics with Fluvial Terraces)
41464,Brown Forest Soils (Dystric Eutrochrepts),65.0,NA,18.4,49.0,32.6,1.28,moderate,"Dudatoli-Almora Crystalline Complex (Biotite Gneiss, Mica Schist, Phyllite)"
41342,Brown Forest Soils (Dystric Eutrochrepts),65.0,NA,18.4,49.0,32.6,1.28,moderate,Garhwal Group (Quartzite and Basic Metavolcanics with Fluvial Terraces)
41410,Brown Forest Soils (Dystric Eutrochrepts),65.0,NA,18.4,49.0,32.6,1.28,moderate,Garhwal Group (Quartzite and Basic Metavolcanics with Fluvial Terraces)
41327,Brown Forest Soils (Dystric Eutrochrepts),65.0,NA,18.4,49.0,32.6,1.28,moderate,"Dudatoli-Almora Crystalline Complex (Biotite Gneiss, Mica Schist, Phyllite)"
41379,Brown Forest Soils (Dystric Eutrochrepts),65.0,NA,18.4,49.0,32.6,1.28,moderate,Garhwal Group (Quartzite and Basic Metavolcanics with Fluvial Terraces)
41277,Sub-montane Meadow and Fluvial Terrace Soils (Udifluvents),110.0,NA,22.5,36.0,41.5,0.92,moderately rapid,Garhwal Group (Quartzite and Basic Metavolcanics with Fluvial Terraces)
41411,Brown Forest Soils (Dystric Eutrochrepts),65.0,NA,18.4,49.0,32.6,1.28,moderate,Garhwal Group (Quartzite and Basic Metavolcanics with Fluvial Terraces)
41296,Brown Forest Soils (Dystric Eutrochrepts),65.0,NA,18.4,49.0,32.6,1.28,moderate,Garhwal Group (Quartzite and Basic Metavolcanics with Fluvial Terraces)
41353,Brown Forest Soils (Dystric Eutrochrepts),65.0,NA,18.4,49.0,32.6,1.28,moderate,Garhwal Group (Quartzite and Basic Metavolcanics with Fluvial Terraces)
41282,Brown Forest Soils (Dystric Eutrochrepts),65.0,NA,18.4,49.0,32.6,1.28,moderate,Garhwal Group (Quartzite and Basic Metavolcanics with Fluvial Terraces)
41408,Brown Forest Soils (Dystric Eutrochrepts),65.0,NA,18.4,49.0,32.6,1.28,moderate,Garhwal Group (Quartzite and Basic Metavolcanics with Fluvial Terraces)
41374,Brown Forest Soils (Dystric Eutrochrepts),65.0,NA,18.4,49.0,32.6,1.28,moderate,Garhwal Group (Quartzite and Basic Metavolcanics with Fluvial Terraces)
41449,Brown Forest Soils (Dystric Eutrochrepts),65.0,NA,18.4,49.0,32.6,1.28,moderate,"Dudatoli-Almora Crystalline Complex (Biotite Gneiss, Mica Schist, Phyllite)"
41481,Brown Forest Soils (Dystric Eutrochrepts),65.0,NA,18.4,49.0,32.6,1.28,moderate,"Dudatoli-Almora Crystalline Complex (Biotite Gneiss, Mica Schist, Phyllite)"
41343,Brown Forest Soils (Dystric Eutrochrepts),65.0,NA,18.4,49.0,32.6,1.28,moderate,Garhwal Group (Quartzite and Basic Metavolcanics with Fluvial Terraces)
41444,Brown Forest Soils (Dystric Eutrochrepts),65.0,NA,18.4,49.0,32.6,1.28,moderate,"Dudatoli-Almora Crystalline Complex (Biotite Gneiss, Mica Schist, Phyllite)"
41365,Brown Forest Soils (Dystric Eutrochrepts),65.0,NA,18.4,49.0,32.6,1.28,moderate,Garhwal Group (Quartzite and Basic Metavolcanics with Fluvial Terraces)
41414,Brown Forest Soils (Dystric Eutrochrepts),65.0,NA,18.4,49.0,32.6,1.28,moderate,Garhwal Group (Quartzite and Basic Metavolcanics with Fluvial Terraces)
41477,Brown Forest Soils (Dystric Eutrochrepts),65.0,NA,18.4,49.0,32.6,1.28,moderate,"Dudatoli-Almora Crystalline Complex (Biotite Gneiss, Mica Schist, Phyllite)"
41391,Brown Forest Soils (Dystric Eutrochrepts),65.0,NA,18.4,49.0,32.6,1.28,moderate,Garhwal Group (Quartzite and Basic Metavolcanics with Fluvial Terraces)
41386,Brown Forest Soils (Dystric Eutrochrepts),65.0,NA,18.4,49.0,32.6,1.28,moderate,Garhwal Group (Quartzite and Basic Metavolcanics with Fluvial Terraces)
41398,Brown Forest Soils (Dystric Eutrochrepts),65.0,NA,18.4,49.0,32.6,1.28,moderate,Garhwal Group (Quartzite and Basic Metavolcanics with Fluvial Terraces)
41440,Brown Forest Soils (Dystric Eutrochrepts),65.0,NA,18.4,49.0,32.6,1.28,moderate,"Dudatoli-Almora Crystalline Complex (Biotite Gneiss, Mica Schist, Phyllite)"
41364,Sub-montane Meadow and Fluvial Terrace Soils (Udifluvents),110.0,NA,22.5,36.0,41.5,0.92,moderately rapid,Garhwal Group (Quartzite and Basic Metavolcanics with Fluvial Terraces)
41476,Brown Forest Soils (Dystric Eutrochrepts),65.0,NA,18.4,49.0,32.6,1.28,moderate,"Dudatoli-Almora Crystalline Complex (Biotite Gneiss, Mica Schist, Phyllite)"
41395,Brown Forest Soils (Dystric Eutrochrepts),65.0,NA,18.4,49.0,32.6,1.28,moderate,Garhwal Group (Quartzite and Basic Metavolcanics with Fluvial Terraces)
41336,Sub-montane Meadow and Fluvial Terrace Soils (Udifluvents),110.0,NA,22.5,36.0,41.5,0.92,moderately rapid,Garhwal Group (Quartzite and Basic Metavolcanics with Fluvial Terraces)
41307,Brown Forest Soils (Dystric Eutrochrepts),65.0,NA,18.4,49.0,32.6,1.28,moderate,Garhwal Group (Quartzite and Basic Metavolcanics with Fluvial Terraces)
41326,Brown Forest Soils (Dystric Eutrochrepts),65.0,NA,18.4,49.0,32.6,1.28,moderate,"Dudatoli-Almora Crystalline Complex (Biotite Gneiss, Mica Schist, Phyllite)"
41429,Brown Forest Soils (Dystric Eutrochrepts),65.0,NA,18.4,49.0,32.6,1.28,moderate,Garhwal Group (Quartzite and Basic Metavolcanics with Fluvial Terraces)
41281,Sub-montane Meadow and Fluvial Terrace Soils (Udifluvents),110.0,NA,22.5,36.0,41.5,0.92,moderately rapid,Garhwal Group (Quartzite and Basic Metavolcanics with Fluvial Terraces)
41321,Brown Forest Soils (Dystric Eutrochrepts),65.0,NA,18.4,49.0,32.6,1.28,moderate,"Dudatoli-Almora Crystalline Complex (Biotite Gneiss, Mica Schist, Phyllite)"
41352,Sub-montane Meadow and Fluvial Terrace Soils (Udifluvents),110.0,NA,22.5,36.0,41.5,0.92,moderately rapid,Garhwal Group (Quartzite and Basic Metavolcanics with Fluvial Terraces)
41362,Sub-montane Meadow and Fluvial Terrace Soils (Udifluvents),110.0,NA,22.5,36.0,41.5,0.92,moderately rapid,Garhwal Group (Quartzite and Basic Metavolcanics with Fluvial Terraces)
41452,Brown Forest Soils (Dystric Eutrochrepts),65.0,NA,18.4,49.0,32.6,1.28,moderate,"Dudatoli-Almora Crystalline Complex (Biotite Gneiss, Mica Schist, Phyllite)"
41402,Brown Forest Soils (Dystric Eutrochrepts),65.0,NA,18.4,49.0,32.6,1.28,moderate,Garhwal Group (Quartzite and Basic Metavolcanics with Fluvial Terraces)
41274,Sub-montane Meadow and Fluvial Terrace Soils (Udifluvents),110.0,NA,22.5,36.0,41.5,0.92,moderately rapid,Garhwal Group (Quartzite and Basic Metavolcanics with Fluvial Terraces)
41407,Brown Forest Soils (Dystric Eutrochrepts),65.0,NA,18.4,49.0,32.6,1.28,moderate,Garhwal Group (Quartzite and Basic Metavolcanics with Fluvial Terraces)
41276,Sub-montane Meadow and Fluvial Terrace Soils (Udifluvents),110.0,NA,22.5,36.0,41.5,0.92,moderately rapid,Garhwal Group (Quartzite and Basic Metavolcanics with Fluvial Terraces)
41372,Brown Forest Soils (Dystric Eutrochrepts),65.0,NA,18.4,49.0,32.6,1.28,moderate,Garhwal Group (Quartzite and Basic Metavolcanics with Fluvial Terraces)
41294,Brown Forest Soils (Dystric Eutrochrepts),65.0,NA,18.4,49.0,32.6,1.28,moderate,Garhwal Group (Quartzite and Basic Metavolcanics with Fluvial Terraces)
41394,Brown Forest Soils (Dystric Eutrochrepts),65.0,NA,18.4,49.0,32.6,1.28,moderate,Garhwal Group (Quartzite and Basic Metavolcanics with Fluvial Terraces)
41430,Brown Forest Soils (Dystric Eutrochrepts),65.0,NA,18.4,49.0,32.6,1.28,moderate,Garhwal Group (Quartzite and Basic Metavolcanics with Fluvial Terraces)
41405,Brown Forest Soils (Dystric Eutrochrepts),65.0,NA,18.4,49.0,32.6,1.28,moderate,Garhwal Group (Quartzite and Basic Metavolcanics with Fluvial Terraces)
41406,Brown Forest Soils (Dystric Eutrochrepts),65.0,NA,18.4,49.0,32.6,1.28,moderate,Garhwal Group (Quartzite and Basic Metavolcanics with Fluvial Terraces)
41322,Brown Forest Soils (Dystric Eutrochrepts),65.0,NA,18.4,49.0,32.6,1.28,moderate,"Dudatoli-Almora Crystalline Complex (Biotite Gneiss, Mica Schist, Phyllite)"
41490,Brown Forest Soils (Dystric Eutrochrepts),65.0,NA,18.4,49.0,32.6,1.28,moderate,Garhwal Group (Quartzite and Basic Metavolcanics with Fluvial Terraces)
41401,Brown Forest Soils (Dystric Eutrochrepts),65.0,NA,18.4,49.0,32.6,1.28,moderate,Garhwal Group (Quartzite and Basic Metavolcanics with Fluvial Terraces)
41457,Brown Forest Soils (Dystric Eutrochrepts),65.0,NA,18.4,49.0,32.6,1.28,moderate,"Dudatoli-Almora Crystalline Complex (Biotite Gneiss, Mica Schist, Phyllite)"
41460,Brown Forest Soils (Dystric Eutrochrepts),65.0,NA,18.4,49.0,32.6,1.28,moderate,"Dudatoli-Almora Crystalline Complex (Biotite Gneiss, Mica Schist, Phyllite)"
41303,Brown Forest Soils (Dystric Eutrochrepts),65.0,NA,18.4,49.0,32.6,1.28,moderate,Garhwal Group (Quartzite and Basic Metavolcanics with Fluvial Terraces)
41455,Brown Forest Soils (Dystric Eutrochrepts),65.0,NA,18.4,49.0,32.6,1.28,moderate,"Dudatoli-Almora Crystalline Complex (Biotite Gneiss, Mica Schist, Phyllite)"
41298,Brown Forest Soils (Dystric Eutrochrepts),65.0,NA,18.4,49.0,32.6,1.28,moderate,Garhwal Group (Quartzite and Basic Metavolcanics with Fluvial Terraces)
41431,Brown Forest Soils (Dystric Eutrochrepts),65.0,NA,18.4,49.0,32.6,1.28,moderate,Garhwal Group (Quartzite and Basic Metavolcanics with Fluvial Terraces)
41423,Brown Forest Soils (Dystric Eutrochrepts),65.0,NA,18.4,49.0,32.6,1.28,moderate,Garhwal Group (Quartzite and Basic Metavolcanics with Fluvial Terraces)
41424,Brown Forest Soils (Dystric Eutrochrepts),65.0,NA,18.4,49.0,32.6,1.28,moderate,Garhwal Group (Quartzite and Basic Metavolcanics with Fluvial Terraces)
41416,Brown Forest Soils (Dystric Eutrochrepts),65.0,NA,18.4,49.0,32.6,1.28,moderate,Garhwal Group (Quartzite and Basic Metavolcanics with Fluvial Terraces)
41354,Brown Forest Soils (Dystric Eutrochrepts),65.0,NA,18.4,49.0,32.6,1.28,moderate,Garhwal Group (Quartzite and Basic Metavolcanics with Fluvial Terraces)
41356,Sub-montane Meadow and Fluvial Terrace Soils (Udifluvents),110.0,NA,22.5,36.0,41.5,0.92,moderately rapid,Garhwal Group (Quartzite and Basic Metavolcanics with Fluvial Terraces)
41474,Sub-montane Meadow and Fluvial Terrace Soils (Udifluvents),110.0,NA,22.5,36.0,41.5,0.92,moderately rapid,"Dudatoli-Almora Crystalline Complex (Biotite Gneiss, Mica Schist, Phyllite)"
41355,Sub-montane Meadow and Fluvial Terrace Soils (Udifluvents),110.0,NA,22.5,36.0,41.5,0.92,moderately rapid,Garhwal Group (Quartzite and Basic Metavolcanics with Fluvial Terraces)
41456,Brown Forest Soils (Dystric Eutrochrepts),65.0,NA,18.4,49.0,32.6,1.28,moderate,"Dudatoli-Almora Crystalline Complex (Biotite Gneiss, Mica Schist, Phyllite)"
41393,Brown Forest Soils (Dystric Eutrochrepts),65.0,NA,18.4,49.0,32.6,1.28,moderate,Garhwal Group (Quartzite and Basic Metavolcanics with Fluvial Terraces)
41483,Brown Forest Soils (Dystric Eutrochrepts),65.0,NA,18.4,49.0,32.6,1.28,moderate,"Dudatoli-Almora Crystalline Complex (Biotite Gneiss, Mica Schist, Phyllite)"
41348,Sub-montane Meadow and Fluvial Terrace Soils (Udifluvents),110.0,NA,22.5,36.0,41.5,0.92,moderately rapid,Garhwal Group (Quartzite and Basic Metavolcanics with Fluvial Terraces)
41337,Sub-montane Meadow and Fluvial Terrace Soils (Udifluvents),110.0,NA,22.5,36.0,41.5,0.92,moderately rapid,Garhwal Group (Quartzite and Basic Metavolcanics with Fluvial Terraces)
41435,Sub-montane Meadow and Fluvial Terrace Soils (Udifluvents),110.0,NA,22.5,36.0,41.5,0.92,moderately rapid,"Dudatoli-Almora Crystalline Complex (Biotite Gneiss, Mica Schist, Phyllite)"
41432,Brown Forest Soils (Dystric Eutrochrepts),65.0,NA,18.4,49.0,32.6,1.28,moderate,"Dudatoli-Almora Crystalline Complex (Biotite Gneiss, Mica Schist, Phyllite)"
41459,Brown Forest Soils (Dystric Eutrochrepts),65.0,NA,18.4,49.0,32.6,1.28,moderate,"Dudatoli-Almora Crystalline Complex (Biotite Gneiss, Mica Schist, Phyllite)"
41462,Brown Forest Soils (Dystric Eutrochrepts),65.0,NA,18.4,49.0,32.6,1.28,moderate,"Dudatoli-Almora Crystalline Complex (Biotite Gneiss, Mica Schist, Phyllite)"
41367,Brown Forest Soils (Dystric Eutrochrepts),65.0,NA,18.4,49.0,32.6,1.28,moderate,Garhwal Group (Quartzite and Basic Metavolcanics with Fluvial Terraces)
41350,Brown Forest Soils (Dystric Eutrochrepts),65.0,NA,18.4,49.0,32.6,1.28,moderate,Garhwal Group (Quartzite and Basic Metavolcanics with Fluvial Terraces)
41301,Brown Forest Soils (Dystric Eutrochrepts),65.0,NA,18.4,49.0,32.6,1.28,moderate,Garhwal Group (Quartzite and Basic Metavolcanics with Fluvial Terraces)
41387,Brown Forest Soils (Dystric Eutrochrepts),65.0,NA,18.4,49.0,32.6,1.28,moderate,Garhwal Group (Quartzite and Basic Metavolcanics with Fluvial Terraces)
41313,Brown Forest Soils (Dystric Eutrochrepts),65.0,NA,18.4,49.0,32.6,1.28,moderate,Garhwal Group (Quartzite and Basic Metavolcanics with Fluvial Terraces)
41447,Sub-montane Meadow and Fluvial Terrace Soils (Udifluvents),110.0,NA,22.5,36.0,41.5,0.92,moderately rapid,Garhwal Group (Quartzite and Basic Metavolcanics with Fluvial Terraces)
41485,Brown Forest Soils (Dystric Eutrochrepts),65.0,NA,18.4,49.0,32.6,1.28,moderate,"Dudatoli-Almora Crystalline Complex (Biotite Gneiss, Mica Schist, Phyllite)"
41371,Brown Forest Soils (Dystric Eutrochrepts),65.0,NA,18.4,49.0,32.6,1.28,moderate,Garhwal Group (Quartzite and Basic Metavolcanics with Fluvial Terraces)
41316,Brown Forest Soils (Dystric Eutrochrepts),65.0,NA,18.4,49.0,32.6,1.28,moderate,"Dudatoli-Almora Crystalline Complex (Biotite Gneiss, Mica Schist, Phyllite)"
41292,Brown Forest Soils (Dystric Eutrochrepts),65.0,NA,18.4,49.0,32.6,1.28,moderate,Garhwal Group (Quartzite and Basic Metavolcanics with Fluvial Terraces)
41471,Brown Forest Soils (Dystric Eutrochrepts),65.0,NA,18.4,49.0,32.6,1.28,moderate,"Dudatoli-Almora Crystalline Complex (Biotite Gneiss, Mica Schist, Phyllite)"
41320,Brown Forest Soils (Dystric Eutrochrepts),65.0,NA,18.4,49.0,32.6,1.28,moderate,"Dudatoli-Almora Crystalline Complex (Biotite Gneiss, Mica Schist, Phyllite)"
41331,Sub-montane Meadow and Fluvial Terrace Soils (Udifluvents),110.0,NA,22.5,36.0,41.5,0.92,moderately rapid,Garhwal Group (Quartzite and Basic Metavolcanics with Fluvial Terraces)
41332,Brown Forest Soils (Dystric Eutrochrepts),65.0,NA,18.4,49.0,32.6,1.28,moderate,Garhwal Group (Quartzite and Basic Metavolcanics with Fluvial Terraces)
41300,Brown Forest Soils (Dystric Eutrochrepts),65.0,NA,18.4,49.0,32.6,1.28,moderate,Garhwal Group (Quartzite and Basic Metavolcanics with Fluvial Terraces)
41302,Brown Forest Soils (Dystric Eutrochrepts),65.0,NA,18.4,49.0,32.6,1.28,moderate,Garhwal Group (Quartzite and Basic Metavolcanics with Fluvial Terraces)
41295,Brown Forest Soils (Dystric Eutrochrepts),65.0,NA,18.4,49.0,32.6,1.28,moderate,Garhwal Group (Quartzite and Basic Metavolcanics with Fluvial Terraces)
41468,Sub-montane Meadow and Fluvial Terrace Soils (Udifluvents),110.0,NA,22.5,36.0,41.5,0.92,moderately rapid,"Dudatoli-Almora Crystalline Complex (Biotite Gneiss, Mica Schist, Phyllite)"
41399,Brown Forest Soils (Dystric Eutrochrepts),65.0,NA,18.4,49.0,32.6,1.28,moderate,Garhwal Group (Quartzite and Basic Metavolcanics with Fluvial Terraces)
41382,Brown Forest Soils (Dystric Eutrochrepts),65.0,NA,18.4,49.0,32.6,1.28,moderate,Garhwal Group (Quartzite and Basic Metavolcanics with Fluvial Terraces)
41420,Brown Forest Soils (Dystric Eutrochrepts),65.0,NA,18.4,49.0,32.6,1.28,moderate,Garhwal Group (Quartzite and Basic Metavolcanics with Fluvial Terraces)
41314,Mountain Meadow Soils (Typic Cryorthents),35.0,NA,12.2,61.0,26.8,2.15,moderately rapid,"Dudatoli-Almora Crystalline Complex (Biotite Gneiss, Mica Schist, Phyllite)"
41368,Brown Forest Soils (Dystric Eutrochrepts),65.0,NA,18.4,49.0,32.6,1.28,moderate,Garhwal Group (Quartzite and Basic Metavolcanics with Fluvial Terraces)
41312,Mountain Meadow Soils (Typic Cryorthents),35.0,NA,12.2,61.0,26.8,2.15,moderately rapid,Garhwal Group (Quartzite and Basic Metavolcanics with Fluvial Terraces)
41439,Brown Forest Soils (Dystric Eutrochrepts),65.0,NA,18.4,49.0,32.6,1.28,moderate,"Dudatoli-Almora Crystalline Complex (Biotite Gneiss, Mica Schist, Phyllite)"
41286,Brown Forest Soils (Dystric Eutrochrepts),65.0,NA,18.4,49.0,32.6,1.28,moderate,Garhwal Group (Quartzite and Basic Metavolcanics with Fluvial Terraces)
41400,Brown Forest Soils (Dystric Eutrochrepts),65.0,NA,18.4,49.0,32.6,1.28,moderate,Garhwal Group (Quartzite and Basic Metavolcanics with Fluvial Terraces)
41396,Brown Forest Soils (Dystric Eutrochrepts),65.0,NA,18.4,49.0,32.6,1.28,moderate,Garhwal Group (Quartzite and Basic Metavolcanics with Fluvial Terraces)
41422,Mountain Meadow Soils (Typic Cryorthents),35.0,NA,12.2,61.0,26.8,2.15,moderately rapid,Garhwal Group (Quartzite and Basic Metavolcanics with Fluvial Terraces)
41437,Brown Forest Soils (Dystric Eutrochrepts),65.0,NA,18.4,49.0,32.6,1.28,moderate,"Dudatoli-Almora Crystalline Complex (Biotite Gneiss, Mica Schist, Phyllite)"
41415,Brown Forest Soils (Dystric Eutrochrepts),65.0,NA,18.4,49.0,32.6,1.28,moderate,Garhwal Group (Quartzite and Basic Metavolcanics with Fluvial Terraces)
41334,Brown Forest Soils (Dystric Eutrochrepts),65.0,NA,18.4,49.0,32.6,1.28,moderate,Garhwal Group (Quartzite and Basic Metavolcanics with Fluvial Terraces)
41309,Brown Forest Soils (Dystric Eutrochrepts),65.0,NA,18.4,49.0,32.6,1.28,moderate,Garhwal Group (Quartzite and Basic Metavolcanics with Fluvial Terraces)
41351,Brown Forest Soils (Dystric Eutrochrepts),65.0,NA,18.4,49.0,32.6,1.28,moderate,Garhwal Group (Quartzite and Basic Metavolcanics with Fluvial Terraces)
41484,Brown Forest Soils (Dystric Eutrochrepts),65.0,NA,18.4,49.0,32.6,1.28,moderate,"Dudatoli-Almora Crystalline Complex (Biotite Gneiss, Mica Schist, Phyllite)"
41340,Brown Forest Soils (Dystric Eutrochrepts),65.0,NA,18.4,49.0,32.6,1.28,moderate,Garhwal Group (Quartzite and Basic Metavolcanics with Fluvial Terraces)
41385,Brown Forest Soils (Dystric Eutrochrepts),65.0,NA,18.4,49.0,32.6,1.28,moderate,Garhwal Group (Quartzite and Basic Metavolcanics with Fluvial Terraces)
41329,Brown Forest Soils (Dystric Eutrochrepts),65.0,NA,18.4,49.0,32.6,1.28,moderate,"Dudatoli-Almora Crystalline Complex (Biotite Gneiss, Mica Schist, Phyllite)"
41442,Brown Forest Soils (Dystric Eutrochrepts),65.0,NA,18.4,49.0,32.6,1.28,moderate,"Dudatoli-Almora Crystalline Complex (Biotite Gneiss, Mica Schist, Phyllite)"
41454,Brown Forest Soils (Dystric Eutrochrepts),65.0,NA,18.4,49.0,32.6,1.28,moderate,"Dudatoli-Almora Crystalline Complex (Biotite Gneiss, Mica Schist, Phyllite)"
41421,Brown Forest Soils (Dystric Eutrochrepts),65.0,NA,18.4,49.0,32.6,1.28,moderate,Garhwal Group (Quartzite and Basic Metavolcanics with Fluvial Terraces)
41376,Brown Forest Soils (Dystric Eutrochrepts),65.0,NA,18.4,49.0,32.6,1.28,moderate,Garhwal Group (Quartzite and Basic Metavolcanics with Fluvial Terraces)
41358,Brown Forest Soils (Dystric Eutrochrepts),65.0,NA,18.4,49.0,32.6,1.28,moderate,"Dudatoli-Almora Crystalline Complex (Biotite Gneiss, Mica Schist, Phyllite)"
41297,Brown Forest Soils (Dystric Eutrochrepts),65.0,NA,18.4,49.0,32.6,1.28,moderate,Garhwal Group (Quartzite and Basic Metavolcanics with Fluvial Terraces)
41466,Brown Forest Soils (Dystric Eutrochrepts),65.0,NA,18.4,49.0,32.6,1.28,moderate,"Dudatoli-Almora Crystalline Complex (Biotite Gneiss, Mica Schist, Phyllite)"
41475,Brown Forest Soils (Dystric Eutrochrepts),65.0,NA,18.4,49.0,32.6,1.28,moderate,"Dudatoli-Almora Crystalline Complex (Biotite Gneiss, Mica Schist, Phyllite)"
41384,Sub-montane Meadow and Fluvial Terrace Soils (Udifluvents),110.0,NA,22.5,36.0,41.5,0.92,moderately rapid,Garhwal Group (Quartzite and Basic Metavolcanics with Fluvial Terraces)
41463,Brown Forest Soils (Dystric Eutrochrepts),65.0,NA,18.4,49.0,32.6,1.28,moderate,"Dudatoli-Almora Crystalline Complex (Biotite Gneiss, Mica Schist, Phyllite)"
41443,Brown Forest Soils (Dystric Eutrochrepts),65.0,NA,18.4,49.0,32.6,1.28,moderate,"Dudatoli-Almora Crystalline Complex (Biotite Gneiss, Mica Schist, Phyllite)"
41288,Brown Forest Soils (Dystric Eutrochrepts),65.0,NA,18.4,49.0,32.6,1.28,moderate,Garhwal Group (Quartzite and Basic Metavolcanics with Fluvial Terraces)
41349,Brown Forest Soils (Dystric Eutrochrepts),65.0,NA,18.4,49.0,32.6,1.28,moderate,Garhwal Group (Quartzite and Basic Metavolcanics with Fluvial Terraces)
41375,Brown Forest Soils (Dystric Eutrochrepts),65.0,NA,18.4,49.0,32.6,1.28,moderate,Garhwal Group (Quartzite and Basic Metavolcanics with Fluvial Terraces)
41328,Brown Forest Soils (Dystric Eutrochrepts),65.0,NA,18.4,49.0,32.6,1.28,moderate,"Dudatoli-Almora Crystalline Complex (Biotite Gneiss, Mica Schist, Phyllite)"
41341,Brown Forest Soils (Dystric Eutrochrepts),65.0,NA,18.4,49.0,32.6,1.28,moderate,Garhwal Group (Quartzite and Basic Metavolcanics with Fluvial Terraces)
41478,Brown Forest Soils (Dystric Eutrochrepts),65.0,NA,18.4,49.0,32.6,1.28,moderate,"Dudatoli-Almora Crystalline Complex (Biotite Gneiss, Mica Schist, Phyllite)"
41285,Brown Forest Soils (Dystric Eutrochrepts),65.0,NA,18.4,49.0,32.6,1.28,moderate,Garhwal Group (Quartzite and Basic Metavolcanics with Fluvial Terraces)
41287,Brown Forest Soils (Dystric Eutrochrepts),65.0,NA,18.4,49.0,32.6,1.28,moderate,Garhwal Group (Quartzite and Basic Metavolcanics with Fluvial Terraces)
41283,Sub-montane Meadow and Fluvial Terrace Soils (Udifluvents),110.0,NA,22.5,36.0,41.5,0.92,moderately rapid,Garhwal Group (Quartzite and Basic Metavolcanics with Fluvial Terraces)
41469,Brown Forest Soils (Dystric Eutrochrepts),65.0,NA,18.4,49.0,32.6,1.28,moderate,"Dudatoli-Almora Crystalline Complex (Biotite Gneiss, Mica Schist, Phyllite)"
41451,Brown Forest Soils (Dystric Eutrochrepts),65.0,NA,18.4,49.0,32.6,1.28,moderate,"Dudatoli-Almora Crystalline Complex (Biotite Gneiss, Mica Schist, Phyllite)"
41473,Brown Forest Soils (Dystric Eutrochrepts),65.0,NA,18.4,49.0,32.6,1.28,moderate,"Dudatoli-Almora Crystalline Complex (Biotite Gneiss, Mica Schist, Phyllite)"
41363,Sub-montane Meadow and Fluvial Terrace Soils (Udifluvents),110.0,NA,22.5,36.0,41.5,0.92,moderately rapid,Garhwal Group (Quartzite and Basic Metavolcanics with Fluvial Terraces)
41383,Brown Forest Soils (Dystric Eutrochrepts),65.0,NA,18.4,49.0,32.6,1.28,moderate,Garhwal Group (Quartzite and Basic Metavolcanics with Fluvial Terraces)
41494,Brown Forest Soils (Dystric Eutrochrepts),65.0,NA,18.4,49.0,32.6,1.28,moderate,Garhwal Group (Quartzite and Basic Metavolcanics with Fluvial Terraces)
41278,Sub-montane Meadow and Fluvial Terrace Soils (Udifluvents),110.0,NA,22.5,36.0,41.5,0.92,moderately rapid,Garhwal Group (Quartzite and Basic Metavolcanics with Fluvial Terraces)
41418,Brown Forest Soils (Dystric Eutrochrepts),65.0,NA,18.4,49.0,32.6,1.28,moderate,Garhwal Group (Quartzite and Basic Metavolcanics with Fluvial Terraces)
41417,Brown Forest Soils (Dystric Eutrochrepts),65.0,NA,18.4,49.0,32.6,1.28,moderate,Garhwal Group (Quartzite and Basic Metavolcanics with Fluvial Terraces)
41438,Brown Forest Soils (Dystric Eutrochrepts),65.0,NA,18.4,49.0,32.6,1.28,moderate,"Dudatoli-Almora Crystalline Complex (Biotite Gneiss, Mica Schist, Phyllite)"
41306,Brown Forest Soils (Dystric Eutrochrepts),65.0,NA,18.4,49.0,32.6,1.28,moderate,Garhwal Group (Quartzite and Basic Metavolcanics with Fluvial Terraces)
41397,Brown Forest Soils (Dystric Eutrochrepts),65.0,NA,18.4,49.0,32.6,1.28,moderate,Garhwal Group (Quartzite and Basic Metavolcanics with Fluvial Terraces)
41346,Brown Forest Soils (Dystric Eutrochrepts),65.0,NA,18.4,49.0,32.6,1.28,moderate,Garhwal Group (Quartzite and Basic Metavolcanics with Fluvial Terraces)
41369,Brown Forest Soils (Dystric Eutrochrepts),65.0,NA,18.4,49.0,32.6,1.28,moderate,Garhwal Group (Quartzite and Basic Metavolcanics with Fluvial Terraces)
41453,Sub-montane Meadow and Fluvial Terrace Soils (Udifluvents),110.0,NA,22.5,36.0,41.5,0.92,moderately rapid,"Dudatoli-Almora Crystalline Complex (Biotite Gneiss, Mica Schist, Phyllite)"
41436,Brown Forest Soils (Dystric Eutrochrepts),65.0,NA,18.4,49.0,32.6,1.28,moderate,"Dudatoli-Almora Crystalline Complex (Biotite Gneiss, Mica Schist, Phyllite)"
41425,Brown Forest Soils (Dystric Eutrochrepts),65.0,NA,18.4,49.0,32.6,1.28,moderate,Garhwal Group (Quartzite and Basic Metavolcanics with Fluvial Terraces)
41345,Brown Forest Soils (Dystric Eutrochrepts),65.0,NA,18.4,49.0,32.6,1.28,moderate,Garhwal Group (Quartzite and Basic Metavolcanics with Fluvial Terraces)
41289,Brown Forest Soils (Dystric Eutrochrepts),65.0,NA,18.4,49.0,32.6,1.28,moderate,Garhwal Group (Quartzite and Basic Metavolcanics with Fluvial Terraces)
41335,Brown Forest Soils (Dystric Eutrochrepts),65.0,NA,18.4,49.0,32.6,1.28,moderate,Garhwal Group (Quartzite and Basic Metavolcanics with Fluvial Terraces)
41388,Brown Forest Soils (Dystric Eutrochrepts),65.0,NA,18.4,49.0,32.6,1.28,moderate,Garhwal Group (Quartzite and Basic Metavolcanics with Fluvial Terraces)
41441,Brown Forest Soils (Dystric Eutrochrepts),65.0,NA,18.4,49.0,32.6,1.28,moderate,Garhwal Group (Quartzite and Basic Metavolcanics with Fluvial Terraces)
41467,Brown Forest Soils (Dystric Eutrochrepts),65.0,NA,18.4,49.0,32.6,1.28,moderate,"Dudatoli-Almora Crystalline Complex (Biotite Gneiss, Mica Schist, Phyllite)"
41392,Brown Forest Soils (Dystric Eutrochrepts),65.0,NA,18.4,49.0,32.6,1.28,moderate,Garhwal Group (Quartzite and Basic Metavolcanics with Fluvial Terraces)
41317,Brown Forest Soils (Dystric Eutrochrepts),65.0,NA,18.4,49.0,32.6,1.28,moderate,"Dudatoli-Almora Crystalline Complex (Biotite Gneiss, Mica Schist, Phyllite)"
41461,Brown Forest Soils (Dystric Eutrochrepts),65.0,NA,18.4,49.0,32.6,1.28,moderate,"Dudatoli-Almora Crystalline Complex (Biotite Gneiss, Mica Schist, Phyllite)"
41489,Brown Forest Soils (Dystric Eutrochrepts),65.0,NA,18.4,49.0,32.6,1.28,moderate,"Dudatoli-Almora Crystalline Complex (Biotite Gneiss, Mica Schist, Phyllite)"
41377,Brown Forest Soils (Dystric Eutrochrepts),65.0,NA,18.4,49.0,32.6,1.28,moderate,Garhwal Group (Quartzite and Basic Metavolcanics with Fluvial Terraces)
41361,Brown Forest Soils (Dystric Eutrochrepts),65.0,NA,18.4,49.0,32.6,1.28,moderate,Garhwal Group (Quartzite and Basic Metavolcanics with Fluvial Terraces)
41380,Brown Forest Soils (Dystric Eutrochrepts),65.0,NA,18.4,49.0,32.6,1.28,moderate,Garhwal Group (Quartzite and Basic Metavolcanics with Fluvial Terraces)
41366,Brown Forest Soils (Dystric Eutrochrepts),65.0,NA,18.4,49.0,32.6,1.28,moderate,Garhwal Group (Quartzite and Basic Metavolcanics with Fluvial Terraces)
41264,Brown Forest Soils (Dystric Eutrochrepts),65.0,NA,18.4,49.0,32.6,1.28,moderate,"Garhwal Group / Chamoli Formation (Massive Quartzite, Metavolcanics, Dolomite)"
41255,Brown Forest Soils (Dystric Eutrochrepts),65.0,NA,18.4,49.0,32.6,1.28,moderate,"Garhwal Group / Chamoli Formation (Massive Quartzite, Metavolcanics, Dolomite)"
41196,Brown Forest Soils (Dystric Eutrochrepts),65.0,NA,18.4,49.0,32.6,1.28,moderate,"Garhwal Group / Chamoli Formation (Massive Quartzite, Metavolcanics, Dolomite)"
41231,Brown Forest Soils (Dystric Eutrochrepts),65.0,NA,18.4,49.0,32.6,1.28,moderate,"Garhwal Group / Chamoli Formation (Massive Quartzite, Metavolcanics, Dolomite)"
41245,Brown Forest Soils (Dystric Eutrochrepts),65.0,NA,18.4,49.0,32.6,1.28,moderate,"Garhwal Group / Chamoli Formation (Massive Quartzite, Metavolcanics, Dolomite)"
41164,Brown Forest Soils (Dystric Eutrochrepts),65.0,NA,18.4,49.0,32.6,1.28,moderate,"Garhwal Group / Chamoli Formation (Massive Quartzite, Metavolcanics, Dolomite)"
41247,Brown Forest Soils (Dystric Eutrochrepts),65.0,NA,18.4,49.0,32.6,1.28,moderate,"Garhwal Group / Chamoli Formation (Massive Quartzite, Metavolcanics, Dolomite)"
41157,Brown Forest Soils (Dystric Eutrochrepts),65.0,NA,18.4,49.0,32.6,1.28,moderate,"Garhwal Group / Chamoli Formation (Massive Quartzite, Metavolcanics, Dolomite)"
41223,Brown Forest Soils (Dystric Eutrochrepts),65.0,NA,18.4,49.0,32.6,1.28,moderate,"Garhwal Group / Chamoli Formation (Massive Quartzite, Metavolcanics, Dolomite)"
41186,Brown Forest Soils (Dystric Eutrochrepts),65.0,NA,18.4,49.0,32.6,1.28,moderate,"Garhwal Group / Chamoli Formation (Massive Quartzite, Metavolcanics, Dolomite)"
41202,Brown Forest Soils (Dystric Eutrochrepts),65.0,NA,18.4,49.0,32.6,1.28,moderate,"Garhwal Group / Chamoli Formation (Massive Quartzite, Metavolcanics, Dolomite)"
41156,Brown Forest Soils (Dystric Eutrochrepts),65.0,NA,18.4,49.0,32.6,1.28,moderate,"Garhwal Group / Chamoli Formation (Massive Quartzite, Metavolcanics, Dolomite)"
41131,Mountain Meadow Soils (Typic Cryorthents),35.0,NA,12.2,61.0,26.8,2.15,moderately rapid,"Garhwal Group / Chamoli Formation (Massive Quartzite, Metavolcanics, Dolomite)"
41200,Brown Forest Soils (Dystric Eutrochrepts),65.0,NA,18.4,49.0,32.6,1.28,moderate,"Garhwal Group / Chamoli Formation (Massive Quartzite, Metavolcanics, Dolomite)"
41199,Brown Forest Soils (Dystric Eutrochrepts),65.0,NA,18.4,49.0,32.6,1.28,moderate,"Garhwal Group / Chamoli Formation (Massive Quartzite, Metavolcanics, Dolomite)"
41242,Brown Forest Soils (Dystric Eutrochrepts),65.0,NA,18.4,49.0,32.6,1.28,moderate,"Garhwal Group / Chamoli Formation (Massive Quartzite, Metavolcanics, Dolomite)"
41220,Brown Forest Soils (Dystric Eutrochrepts),65.0,NA,18.4,49.0,32.6,1.28,moderate,"Garhwal Group / Chamoli Formation (Massive Quartzite, Metavolcanics, Dolomite)"
41209,Brown Forest Soils (Dystric Eutrochrepts),65.0,NA,18.4,49.0,32.6,1.28,moderate,"Garhwal Group / Chamoli Formation (Massive Quartzite, Metavolcanics, Dolomite)"
41191,Brown Forest Soils (Dystric Eutrochrepts),65.0,NA,18.4,49.0,32.6,1.28,moderate,"Garhwal Group / Chamoli Formation (Massive Quartzite, Metavolcanics, Dolomite)"
41240,Brown Forest Soils (Dystric Eutrochrepts),65.0,NA,18.4,49.0,32.6,1.28,moderate,"Garhwal Group / Chamoli Formation (Massive Quartzite, Metavolcanics, Dolomite)"
41178,Brown Forest Soils (Dystric Eutrochrepts),65.0,NA,18.4,49.0,32.6,1.28,moderate,"Garhwal Group / Chamoli Formation (Massive Quartzite, Metavolcanics, Dolomite)"
41210,Brown Forest Soils (Dystric Eutrochrepts),65.0,NA,18.4,49.0,32.6,1.28,moderate,"Garhwal Group / Chamoli Formation (Massive Quartzite, Metavolcanics, Dolomite)"
41230,Brown Forest Soils (Dystric Eutrochrepts),65.0,NA,18.4,49.0,32.6,1.28,moderate,"Garhwal Group / Chamoli Formation (Massive Quartzite, Metavolcanics, Dolomite)"
41212,Brown Forest Soils (Dystric Eutrochrepts),65.0,NA,18.4,49.0,32.6,1.28,moderate,"Garhwal Group / Chamoli Formation (Massive Quartzite, Metavolcanics, Dolomite)"
41211,Brown Forest Soils (Dystric Eutrochrepts),65.0,NA,18.4,49.0,32.6,1.28,moderate,"Garhwal Group / Chamoli Formation (Massive Quartzite, Metavolcanics, Dolomite)"
41205,Brown Forest Soils (Dystric Eutrochrepts),65.0,NA,18.4,49.0,32.6,1.28,moderate,"Garhwal Group / Chamoli Formation (Massive Quartzite, Metavolcanics, Dolomite)"
41189,Brown Forest Soils (Dystric Eutrochrepts),65.0,NA,18.4,49.0,32.6,1.28,moderate,"Garhwal Group / Chamoli Formation (Massive Quartzite, Metavolcanics, Dolomite)"
41179,Brown Forest Soils (Dystric Eutrochrepts),65.0,NA,18.4,49.0,32.6,1.28,moderate,"Garhwal Group / Chamoli Formation (Massive Quartzite, Metavolcanics, Dolomite)"
41222,Brown Forest Soils (Dystric Eutrochrepts),65.0,NA,18.4,49.0,32.6,1.28,moderate,"Garhwal Group / Chamoli Formation (Massive Quartzite, Metavolcanics, Dolomite)"
41150,Brown Forest Soils (Dystric Eutrochrepts),65.0,NA,18.4,49.0,32.6,1.28,moderate,"Garhwal Group / Chamoli Formation (Massive Quartzite, Metavolcanics, Dolomite)"
41271,Mountain Meadow Soils (Typic Cryorthents),35.0,NA,12.2,61.0,26.8,2.15,moderately rapid,"Garhwal Group / Chamoli Formation (Massive Quartzite, Metavolcanics, Dolomite)"
41272,Brown Forest Soils (Dystric Eutrochrepts),65.0,NA,18.4,49.0,32.6,1.28,moderate,"Garhwal Group / Chamoli Formation (Massive Quartzite, Metavolcanics, Dolomite)"
41248,Brown Forest Soils (Dystric Eutrochrepts),65.0,NA,18.4,49.0,32.6,1.28,moderate,"Garhwal Group / Chamoli Formation (Massive Quartzite, Metavolcanics, Dolomite)"
41229,Brown Forest Soils (Dystric Eutrochrepts),65.0,NA,18.4,49.0,32.6,1.28,moderate,"Garhwal Group / Chamoli Formation (Massive Quartzite, Metavolcanics, Dolomite)"
41172,Brown Forest Soils (Dystric Eutrochrepts),65.0,NA,18.4,49.0,32.6,1.28,moderate,"Garhwal Group / Chamoli Formation (Massive Quartzite, Metavolcanics, Dolomite)"
41259,Brown Forest Soils (Dystric Eutrochrepts),65.0,NA,18.4,49.0,32.6,1.28,moderate,"Garhwal Group / Chamoli Formation (Massive Quartzite, Metavolcanics, Dolomite)"
41160,Brown Forest Soils (Dystric Eutrochrepts),65.0,NA,18.4,49.0,32.6,1.28,moderate,"Garhwal Group / Chamoli Formation (Massive Quartzite, Metavolcanics, Dolomite)"
41139,Brown Forest Soils (Dystric Eutrochrepts),65.0,NA,18.4,49.0,32.6,1.28,moderate,"Garhwal Group / Chamoli Formation (Massive Quartzite, Metavolcanics, Dolomite)"
41204,Brown Forest Soils (Dystric Eutrochrepts),65.0,NA,18.4,49.0,32.6,1.28,moderate,"Garhwal Group / Chamoli Formation (Massive Quartzite, Metavolcanics, Dolomite)"
41207,Brown Forest Soils (Dystric Eutrochrepts),65.0,NA,18.4,49.0,32.6,1.28,moderate,"Garhwal Group / Chamoli Formation (Massive Quartzite, Metavolcanics, Dolomite)"
41173,Brown Forest Soils (Dystric Eutrochrepts),65.0,NA,18.4,49.0,32.6,1.28,moderate,"Garhwal Group / Chamoli Formation (Massive Quartzite, Metavolcanics, Dolomite)"
41221,Brown Forest Soils (Dystric Eutrochrepts),65.0,NA,18.4,49.0,32.6,1.28,moderate,"Garhwal Group / Chamoli Formation (Massive Quartzite, Metavolcanics, Dolomite)"
41138,Brown Forest Soils (Dystric Eutrochrepts),65.0,NA,18.4,49.0,32.6,1.28,moderate,"Garhwal Group / Chamoli Formation (Massive Quartzite, Metavolcanics, Dolomite)"
41146,Brown Forest Soils (Dystric Eutrochrepts),65.0,NA,18.4,49.0,32.6,1.28,moderate,"Garhwal Group / Chamoli Formation (Massive Quartzite, Metavolcanics, Dolomite)"
41261,Sub-montane Meadow and Fluvial Terrace Soils (Udifluvents),110.0,NA,22.5,36.0,41.5,0.92,moderately rapid,"Garhwal Group / Chamoli Formation (Massive Quartzite, Metavolcanics, Dolomite)"
41260,Sub-montane Meadow and Fluvial Terrace Soils (Udifluvents),110.0,NA,22.5,36.0,41.5,0.92,moderately rapid,"Garhwal Group / Chamoli Formation (Massive Quartzite, Metavolcanics, Dolomite)"
41174,Brown Forest Soils (Dystric Eutrochrepts),65.0,NA,18.4,49.0,32.6,1.28,moderate,"Garhwal Group / Chamoli Formation (Massive Quartzite, Metavolcanics, Dolomite)"
41132,Brown Forest Soils (Dystric Eutrochrepts),65.0,NA,18.4,49.0,32.6,1.28,moderate,"Garhwal Group / Chamoli Formation (Massive Quartzite, Metavolcanics, Dolomite)"
41148,Brown Forest Soils (Dystric Eutrochrepts),65.0,NA,18.4,49.0,32.6,1.28,moderate,"Garhwal Group / Chamoli Formation (Massive Quartzite, Metavolcanics, Dolomite)"
41256,Brown Forest Soils (Dystric Eutrochrepts),65.0,NA,18.4,49.0,32.6,1.28,moderate,"Garhwal Group / Chamoli Formation (Massive Quartzite, Metavolcanics, Dolomite)"
41193,Brown Forest Soils (Dystric Eutrochrepts),65.0,NA,18.4,49.0,32.6,1.28,moderate,"Garhwal Group / Chamoli Formation (Massive Quartzite, Metavolcanics, Dolomite)"
41217,Brown Forest Soils (Dystric Eutrochrepts),65.0,NA,18.4,49.0,32.6,1.28,moderate,"Garhwal Group / Chamoli Formation (Massive Quartzite, Metavolcanics, Dolomite)"
41228,Brown Forest Soils (Dystric Eutrochrepts),65.0,NA,18.4,49.0,32.6,1.28,moderate,"Garhwal Group / Chamoli Formation (Massive Quartzite, Metavolcanics, Dolomite)"
41198,Brown Forest Soils (Dystric Eutrochrepts),65.0,NA,18.4,49.0,32.6,1.28,moderate,"Garhwal Group / Chamoli Formation (Massive Quartzite, Metavolcanics, Dolomite)"
41241,Brown Forest Soils (Dystric Eutrochrepts),65.0,NA,18.4,49.0,32.6,1.28,moderate,"Garhwal Group / Chamoli Formation (Massive Quartzite, Metavolcanics, Dolomite)"
41233,Brown Forest Soils (Dystric Eutrochrepts),65.0,NA,18.4,49.0,32.6,1.28,moderate,"Garhwal Group / Chamoli Formation (Massive Quartzite, Metavolcanics, Dolomite)"
41155,Brown Forest Soils (Dystric Eutrochrepts),65.0,NA,18.4,49.0,32.6,1.28,moderate,"Garhwal Group / Chamoli Formation (Massive Quartzite, Metavolcanics, Dolomite)"
41154,Brown Forest Soils (Dystric Eutrochrepts),65.0,NA,18.4,49.0,32.6,1.28,moderate,"Garhwal Group / Chamoli Formation (Massive Quartzite, Metavolcanics, Dolomite)"
41168,Brown Forest Soils (Dystric Eutrochrepts),65.0,NA,18.4,49.0,32.6,1.28,moderate,"Garhwal Group / Chamoli Formation (Massive Quartzite, Metavolcanics, Dolomite)"
41170,Brown Forest Soils (Dystric Eutrochrepts),65.0,NA,18.4,49.0,32.6,1.28,moderate,"Garhwal Group / Chamoli Formation (Massive Quartzite, Metavolcanics, Dolomite)"
41250,Brown Forest Soils (Dystric Eutrochrepts),65.0,NA,18.4,49.0,32.6,1.28,moderate,"Garhwal Group / Chamoli Formation (Massive Quartzite, Metavolcanics, Dolomite)"
41238,Brown Forest Soils (Dystric Eutrochrepts),65.0,NA,18.4,49.0,32.6,1.28,moderate,"Garhwal Group / Chamoli Formation (Massive Quartzite, Metavolcanics, Dolomite)"
41232,Brown Forest Soils (Dystric Eutrochrepts),65.0,NA,18.4,49.0,32.6,1.28,moderate,"Garhwal Group / Chamoli Formation (Massive Quartzite, Metavolcanics, Dolomite)"
41171,Brown Forest Soils (Dystric Eutrochrepts),65.0,NA,18.4,49.0,32.6,1.28,moderate,"Garhwal Group / Chamoli Formation (Massive Quartzite, Metavolcanics, Dolomite)"
41149,Brown Forest Soils (Dystric Eutrochrepts),65.0,NA,18.4,49.0,32.6,1.28,moderate,"Garhwal Group / Chamoli Formation (Massive Quartzite, Metavolcanics, Dolomite)"
41219,Brown Forest Soils (Dystric Eutrochrepts),65.0,NA,18.4,49.0,32.6,1.28,moderate,"Garhwal Group / Chamoli Formation (Massive Quartzite, Metavolcanics, Dolomite)"
41270,Brown Forest Soils (Dystric Eutrochrepts),65.0,NA,18.4,49.0,32.6,1.28,moderate,"Garhwal Group / Chamoli Formation (Massive Quartzite, Metavolcanics, Dolomite)"
41253,Brown Forest Soils (Dystric Eutrochrepts),65.0,NA,18.4,49.0,32.6,1.28,moderate,"Garhwal Group / Chamoli Formation (Massive Quartzite, Metavolcanics, Dolomite)"
41133,Mountain Meadow Soils (Typic Cryorthents),35.0,NA,12.2,61.0,26.8,2.15,moderately rapid,"Garhwal Group / Chamoli Formation (Massive Quartzite, Metavolcanics, Dolomite)"
41243,Brown Forest Soils (Dystric Eutrochrepts),65.0,NA,18.4,49.0,32.6,1.28,moderate,"Garhwal Group / Chamoli Formation (Massive Quartzite, Metavolcanics, Dolomite)"
41249,Brown Forest Soils (Dystric Eutrochrepts),65.0,NA,18.4,49.0,32.6,1.28,moderate,"Garhwal Group / Chamoli Formation (Massive Quartzite, Metavolcanics, Dolomite)"
41239,Brown Forest Soils (Dystric Eutrochrepts),65.0,NA,18.4,49.0,32.6,1.28,moderate,"Garhwal Group / Chamoli Formation (Massive Quartzite, Metavolcanics, Dolomite)"
41266,Brown Forest Soils (Dystric Eutrochrepts),65.0,NA,18.4,49.0,32.6,1.28,moderate,"Garhwal Group / Chamoli Formation (Massive Quartzite, Metavolcanics, Dolomite)"
41137,Brown Forest Soils (Dystric Eutrochrepts),65.0,NA,18.4,49.0,32.6,1.28,moderate,"Garhwal Group / Chamoli Formation (Massive Quartzite, Metavolcanics, Dolomite)"
41153,Brown Forest Soils (Dystric Eutrochrepts),65.0,NA,18.4,49.0,32.6,1.28,moderate,"Garhwal Group / Chamoli Formation (Massive Quartzite, Metavolcanics, Dolomite)"
41177,Brown Forest Soils (Dystric Eutrochrepts),65.0,NA,18.4,49.0,32.6,1.28,moderate,"Garhwal Group / Chamoli Formation (Massive Quartzite, Metavolcanics, Dolomite)"
41161,Brown Forest Soils (Dystric Eutrochrepts),65.0,NA,18.4,49.0,32.6,1.28,moderate,"Garhwal Group / Chamoli Formation (Massive Quartzite, Metavolcanics, Dolomite)"
41141,Brown Forest Soils (Dystric Eutrochrepts),65.0,NA,18.4,49.0,32.6,1.28,moderate,"Garhwal Group / Chamoli Formation (Massive Quartzite, Metavolcanics, Dolomite)"
41262,Sub-montane Meadow and Fluvial Terrace Soils (Udifluvents),110.0,NA,22.5,36.0,41.5,0.92,moderately rapid,"Garhwal Group / Chamoli Formation (Massive Quartzite, Metavolcanics, Dolomite)"
41208,Brown Forest Soils (Dystric Eutrochrepts),65.0,NA,18.4,49.0,32.6,1.28,moderate,"Garhwal Group / Chamoli Formation (Massive Quartzite, Metavolcanics, Dolomite)"
41203,Brown Forest Soils (Dystric Eutrochrepts),65.0,NA,18.4,49.0,32.6,1.28,moderate,"Garhwal Group / Chamoli Formation (Massive Quartzite, Metavolcanics, Dolomite)"
41224,Brown Forest Soils (Dystric Eutrochrepts),65.0,NA,18.4,49.0,32.6,1.28,moderate,"Garhwal Group / Chamoli Formation (Massive Quartzite, Metavolcanics, Dolomite)"
41188,Brown Forest Soils (Dystric Eutrochrepts),65.0,NA,18.4,49.0,32.6,1.28,moderate,"Garhwal Group / Chamoli Formation (Massive Quartzite, Metavolcanics, Dolomite)"
41140,Brown Forest Soils (Dystric Eutrochrepts),65.0,NA,18.4,49.0,32.6,1.28,moderate,"Garhwal Group / Chamoli Formation (Massive Quartzite, Metavolcanics, Dolomite)"
41192,Brown Forest Soils (Dystric Eutrochrepts),65.0,NA,18.4,49.0,32.6,1.28,moderate,"Garhwal Group / Chamoli Formation (Massive Quartzite, Metavolcanics, Dolomite)"
41134,Mountain Meadow Soils (Typic Cryorthents),35.0,NA,12.2,61.0,26.8,2.15,moderately rapid,"Garhwal Group / Chamoli Formation (Massive Quartzite, Metavolcanics, Dolomite)"
41167,Brown Forest Soils (Dystric Eutrochrepts),65.0,NA,18.4,49.0,32.6,1.28,moderate,"Garhwal Group / Chamoli Formation (Massive Quartzite, Metavolcanics, Dolomite)"
41195,Brown Forest Soils (Dystric Eutrochrepts),65.0,NA,18.4,49.0,32.6,1.28,moderate,"Garhwal Group / Chamoli Formation (Massive Quartzite, Metavolcanics, Dolomite)"
41194,Brown Forest Soils (Dystric Eutrochrepts),65.0,NA,18.4,49.0,32.6,1.28,moderate,"Garhwal Group / Chamoli Formation (Massive Quartzite, Metavolcanics, Dolomite)"
41180,Brown Forest Soils (Dystric Eutrochrepts),65.0,NA,18.4,49.0,32.6,1.28,moderate,"Garhwal Group / Chamoli Formation (Massive Quartzite, Metavolcanics, Dolomite)"
41254,Brown Forest Soils (Dystric Eutrochrepts),65.0,NA,18.4,49.0,32.6,1.28,moderate,"Garhwal Group / Chamoli Formation (Massive Quartzite, Metavolcanics, Dolomite)"
41268,Brown Forest Soils (Dystric Eutrochrepts),65.0,NA,18.4,49.0,32.6,1.28,moderate,"Garhwal Group / Chamoli Formation (Massive Quartzite, Metavolcanics, Dolomite)"
41145,Brown Forest Soils (Dystric Eutrochrepts),65.0,NA,18.4,49.0,32.6,1.28,moderate,"Garhwal Group / Chamoli Formation (Massive Quartzite, Metavolcanics, Dolomite)"
41135,Brown Forest Soils (Dystric Eutrochrepts),65.0,NA,18.4,49.0,32.6,1.28,moderate,"Garhwal Group / Chamoli Formation (Massive Quartzite, Metavolcanics, Dolomite)"
41147,Brown Forest Soils (Dystric Eutrochrepts),65.0,NA,18.4,49.0,32.6,1.28,moderate,"Garhwal Group / Chamoli Formation (Massive Quartzite, Metavolcanics, Dolomite)"
41158,Brown Forest Soils (Dystric Eutrochrepts),65.0,NA,18.4,49.0,32.6,1.28,moderate,"Garhwal Group / Chamoli Formation (Massive Quartzite, Metavolcanics, Dolomite)"
41159,Brown Forest Soils (Dystric Eutrochrepts),65.0,NA,18.4,49.0,32.6,1.28,moderate,"Garhwal Group / Chamoli Formation (Massive Quartzite, Metavolcanics, Dolomite)"
41152,Brown Forest Soils (Dystric Eutrochrepts),65.0,NA,18.4,49.0,32.6,1.28,moderate,"Garhwal Group / Chamoli Formation (Massive Quartzite, Metavolcanics, Dolomite)"
41234,Brown Forest Soils (Dystric Eutrochrepts),65.0,NA,18.4,49.0,32.6,1.28,moderate,"Garhwal Group / Chamoli Formation (Massive Quartzite, Metavolcanics, Dolomite)"
41175,Brown Forest Soils (Dystric Eutrochrepts),65.0,NA,18.4,49.0,32.6,1.28,moderate,"Garhwal Group / Chamoli Formation (Massive Quartzite, Metavolcanics, Dolomite)"
41263,Sub-montane Meadow and Fluvial Terrace Soils (Udifluvents),110.0,NA,22.5,36.0,41.5,0.92,moderately rapid,"Garhwal Group / Chamoli Formation (Massive Quartzite, Metavolcanics, Dolomite)"
41235,Brown Forest Soils (Dystric Eutrochrepts),65.0,NA,18.4,49.0,32.6,1.28,moderate,"Garhwal Group / Chamoli Formation (Massive Quartzite, Metavolcanics, Dolomite)"
41251,Brown Forest Soils (Dystric Eutrochrepts),65.0,NA,18.4,49.0,32.6,1.28,moderate,"Garhwal Group / Chamoli Formation (Massive Quartzite, Metavolcanics, Dolomite)"
41142,Brown Forest Soils (Dystric Eutrochrepts),65.0,NA,18.4,49.0,32.6,1.28,moderate,"Garhwal Group / Chamoli Formation (Massive Quartzite, Metavolcanics, Dolomite)"
41185,Brown Forest Soils (Dystric Eutrochrepts),65.0,NA,18.4,49.0,32.6,1.28,moderate,"Garhwal Group / Chamoli Formation (Massive Quartzite, Metavolcanics, Dolomite)"
41182,Brown Forest Soils (Dystric Eutrochrepts),65.0,NA,18.4,49.0,32.6,1.28,moderate,"Garhwal Group / Chamoli Formation (Massive Quartzite, Metavolcanics, Dolomite)"
41215,Brown Forest Soils (Dystric Eutrochrepts),65.0,NA,18.4,49.0,32.6,1.28,moderate,"Garhwal Group / Chamoli Formation (Massive Quartzite, Metavolcanics, Dolomite)"
41244,Brown Forest Soils (Dystric Eutrochrepts),65.0,NA,18.4,49.0,32.6,1.28,moderate,"Garhwal Group / Chamoli Formation (Massive Quartzite, Metavolcanics, Dolomite)"
41265,Brown Forest Soils (Dystric Eutrochrepts),65.0,NA,18.4,49.0,32.6,1.28,moderate,"Garhwal Group / Chamoli Formation (Massive Quartzite, Metavolcanics, Dolomite)"
41197,Brown Forest Soils (Dystric Eutrochrepts),65.0,NA,18.4,49.0,32.6,1.28,moderate,"Garhwal Group / Chamoli Formation (Massive Quartzite, Metavolcanics, Dolomite)"
41166,Brown Forest Soils (Dystric Eutrochrepts),65.0,NA,18.4,49.0,32.6,1.28,moderate,"Garhwal Group / Chamoli Formation (Massive Quartzite, Metavolcanics, Dolomite)"
41187,Brown Forest Soils (Dystric Eutrochrepts),65.0,NA,18.4,49.0,32.6,1.28,moderate,"Garhwal Group / Chamoli Formation (Massive Quartzite, Metavolcanics, Dolomite)"
41201,Brown Forest Soils (Dystric Eutrochrepts),65.0,NA,18.4,49.0,32.6,1.28,moderate,"Garhwal Group / Chamoli Formation (Massive Quartzite, Metavolcanics, Dolomite)"
41267,Brown Forest Soils (Dystric Eutrochrepts),65.0,NA,18.4,49.0,32.6,1.28,moderate,"Garhwal Group / Chamoli Formation (Massive Quartzite, Metavolcanics, Dolomite)"
41183,Brown Forest Soils (Dystric Eutrochrepts),65.0,NA,18.4,49.0,32.6,1.28,moderate,"Garhwal Group / Chamoli Formation (Massive Quartzite, Metavolcanics, Dolomite)"
41257,Brown Forest Soils (Dystric Eutrochrepts),65.0,NA,18.4,49.0,32.6,1.28,moderate,"Garhwal Group / Chamoli Formation (Massive Quartzite, Metavolcanics, Dolomite)"
41162,Brown Forest Soils (Dystric Eutrochrepts),65.0,NA,18.4,49.0,32.6,1.28,moderate,"Garhwal Group / Chamoli Formation (Massive Quartzite, Metavolcanics, Dolomite)"
41136,Brown Forest Soils (Dystric Eutrochrepts),65.0,NA,18.4,49.0,32.6,1.28,moderate,"Garhwal Group / Chamoli Formation (Massive Quartzite, Metavolcanics, Dolomite)"
41225,Brown Forest Soils (Dystric Eutrochrepts),65.0,NA,18.4,49.0,32.6,1.28,moderate,"Garhwal Group / Chamoli Formation (Massive Quartzite, Metavolcanics, Dolomite)"
41176,Brown Forest Soils (Dystric Eutrochrepts),65.0,NA,18.4,49.0,32.6,1.28,moderate,"Garhwal Group / Chamoli Formation (Massive Quartzite, Metavolcanics, Dolomite)"
41226,Brown Forest Soils (Dystric Eutrochrepts),65.0,NA,18.4,49.0,32.6,1.28,moderate,"Garhwal Group / Chamoli Formation (Massive Quartzite, Metavolcanics, Dolomite)"
41216,Brown Forest Soils (Dystric Eutrochrepts),65.0,NA,18.4,49.0,32.6,1.28,moderate,"Garhwal Group / Chamoli Formation (Massive Quartzite, Metavolcanics, Dolomite)"
41269,Brown Forest Soils (Dystric Eutrochrepts),65.0,NA,18.4,49.0,32.6,1.28,moderate,"Garhwal Group / Chamoli Formation (Massive Quartzite, Metavolcanics, Dolomite)"
41246,Brown Forest Soils (Dystric Eutrochrepts),65.0,NA,18.4,49.0,32.6,1.28,moderate,"Garhwal Group / Chamoli Formation (Massive Quartzite, Metavolcanics, Dolomite)"
41163,Brown Forest Soils (Dystric Eutrochrepts),65.0,NA,18.4,49.0,32.6,1.28,moderate,"Garhwal Group / Chamoli Formation (Massive Quartzite, Metavolcanics, Dolomite)"
41218,Brown Forest Soils (Dystric Eutrochrepts),65.0,NA,18.4,49.0,32.6,1.28,moderate,"Garhwal Group / Chamoli Formation (Massive Quartzite, Metavolcanics, Dolomite)"
41165,Brown Forest Soils (Dystric Eutrochrepts),65.0,NA,18.4,49.0,32.6,1.28,moderate,"Garhwal Group / Chamoli Formation (Massive Quartzite, Metavolcanics, Dolomite)"
41237,Brown Forest Soils (Dystric Eutrochrepts),65.0,NA,18.4,49.0,32.6,1.28,moderate,"Garhwal Group / Chamoli Formation (Massive Quartzite, Metavolcanics, Dolomite)"
41236,Brown Forest Soils (Dystric Eutrochrepts),65.0,NA,18.4,49.0,32.6,1.28,moderate,"Garhwal Group / Chamoli Formation (Massive Quartzite, Metavolcanics, Dolomite)"
41184,Brown Forest Soils (Dystric Eutrochrepts),65.0,NA,18.4,49.0,32.6,1.28,moderate,"Garhwal Group / Chamoli Formation (Massive Quartzite, Metavolcanics, Dolomite)"
41143,Brown Forest Soils (Dystric Eutrochrepts),65.0,NA,18.4,49.0,32.6,1.28,moderate,"Garhwal Group / Chamoli Formation (Massive Quartzite, Metavolcanics, Dolomite)"
41213,Brown Forest Soils (Dystric Eutrochrepts),65.0,NA,18.4,49.0,32.6,1.28,moderate,"Garhwal Group / Chamoli Formation (Massive Quartzite, Metavolcanics, Dolomite)"
41258,Sub-montane Meadow and Fluvial Terrace Soils (Udifluvents),110.0,NA,22.5,36.0,41.5,0.92,moderately rapid,"Garhwal Group / Chamoli Formation (Massive Quartzite, Metavolcanics, Dolomite)"
41169,Brown Forest Soils (Dystric Eutrochrepts),65.0,NA,18.4,49.0,32.6,1.28,moderate,"Garhwal Group / Chamoli Formation (Massive Quartzite, Metavolcanics, Dolomite)"
41206,Brown Forest Soils (Dystric Eutrochrepts),65.0,NA,18.4,49.0,32.6,1.28,moderate,"Garhwal Group / Chamoli Formation (Massive Quartzite, Metavolcanics, Dolomite)"
41684,Brown Forest Soils (Dystric Eutrochrepts),65.0,NA,18.4,49.0,32.6,1.28,moderate,"Garhwal Group / Kausani Formation (Quartzite, Chlorite Schist, River Terraces)"
41569,Brown Forest Soils (Dystric Eutrochrepts),65.0,NA,18.4,49.0,32.6,1.28,moderate,"Garhwal Group / Kausani Formation (Quartzite, Chlorite Schist, River Terraces)"
41618,Sub-montane Meadow and Fluvial Terrace Soils (Udifluvents),110.0,NA,22.5,36.0,41.5,0.92,moderately rapid,"Garhwal Group / Kausani Formation (Quartzite, Chlorite Schist, River Terraces)"
41625,Brown Forest Soils (Dystric Eutrochrepts),65.0,NA,18.4,49.0,32.6,1.28,moderate,"Garhwal Group / Kausani Formation (Quartzite, Chlorite Schist, River Terraces)"
41647,Brown Forest Soils (Dystric Eutrochrepts),65.0,NA,18.4,49.0,32.6,1.28,moderate,"Garhwal Group / Kausani Formation (Quartzite, Chlorite Schist, River Terraces)"
41627,Brown Forest Soils (Dystric Eutrochrepts),65.0,NA,18.4,49.0,32.6,1.28,moderate,"Garhwal Group / Kausani Formation (Quartzite, Chlorite Schist, River Terraces)"
41662,Brown Forest Soils (Dystric Eutrochrepts),65.0,NA,18.4,49.0,32.6,1.28,moderate,"Garhwal Group / Kausani Formation (Quartzite, Chlorite Schist, River Terraces)"
41551,Brown Forest Soils (Dystric Eutrochrepts),65.0,NA,18.4,49.0,32.6,1.28,moderate,"Garhwal Group / Kausani Formation (Quartzite, Chlorite Schist, River Terraces)"
41563,Brown Forest Soils (Dystric Eutrochrepts),65.0,NA,18.4,49.0,32.6,1.28,moderate,"Garhwal Group / Kausani Formation (Quartzite, Chlorite Schist, River Terraces)"
41719,Brown Forest Soils (Dystric Eutrochrepts),65.0,NA,18.4,49.0,32.6,1.28,moderate,"Garhwal Group / Kausani Formation (Quartzite, Chlorite Schist, River Terraces)"
41753,Brown Forest Soils (Dystric Eutrochrepts),65.0,NA,18.4,49.0,32.6,1.28,moderate,"Garhwal Group / Kausani Formation (Quartzite, Chlorite Schist, River Terraces)"
41619,Sub-montane Meadow and Fluvial Terrace Soils (Udifluvents),110.0,NA,22.5,36.0,41.5,0.92,moderately rapid,"Garhwal Group / Kausani Formation (Quartzite, Chlorite Schist, River Terraces)"
41778,Mountain Meadow Soils (Typic Cryorthents),35.0,NA,12.2,61.0,26.8,2.15,moderately rapid,Higher Himalayan Crystallines / Vaikrita Group (Mica Schist and Gneiss)
41723,Brown Forest Soils (Dystric Eutrochrepts),65.0,NA,18.4,49.0,32.6,1.28,moderate,"Garhwal Group / Kausani Formation (Quartzite, Chlorite Schist, River Terraces)"
41586,Brown Forest Soils (Dystric Eutrochrepts),65.0,NA,18.4,49.0,32.6,1.28,moderate,"Garhwal Group / Kausani Formation (Quartzite, Chlorite Schist, River Terraces)"
41741,Mountain Meadow Soils (Typic Cryorthents),35.0,NA,12.2,61.0,26.8,2.15,moderately rapid,"Garhwal Group / Kausani Formation (Quartzite, Chlorite Schist, River Terraces)"
41798,Brown Forest Soils (Dystric Eutrochrepts),65.0,NA,18.4,49.0,32.6,1.28,moderate,Higher Himalayan Crystallines / Vaikrita Group (Mica Schist and Gneiss)
41646,Brown Forest Soils (Dystric Eutrochrepts),65.0,NA,18.4,49.0,32.6,1.28,moderate,"Garhwal Group / Kausani Formation (Quartzite, Chlorite Schist, River Terraces)"
41716,Brown Forest Soils (Dystric Eutrochrepts),65.0,NA,18.4,49.0,32.6,1.28,moderate,"Garhwal Group / Kausani Formation (Quartzite, Chlorite Schist, River Terraces)"
41776,Mountain Meadow Soils (Typic Cryorthents),35.0,NA,12.2,61.0,26.8,2.15,moderately rapid,Higher Himalayan Crystallines / Vaikrita Group (Mica Schist and Gneiss)
41744,Brown Forest Soils (Dystric Eutrochrepts),65.0,NA,18.4,49.0,32.6,1.28,moderate,"Garhwal Group / Kausani Formation (Quartzite, Chlorite Schist, River Terraces)"
41600,Sub-montane Meadow and Fluvial Terrace Soils (Udifluvents),110.0,NA,22.5,36.0,41.5,0.92,moderately rapid,"Garhwal Group / Kausani Formation (Quartzite, Chlorite Schist, River Terraces)"
41527,Brown Forest Soils (Dystric Eutrochrepts),65.0,NA,18.4,49.0,32.6,1.28,moderate,"Garhwal Group / Kausani Formation (Quartzite, Chlorite Schist, River Terraces)"
41663,Sub-montane Meadow and Fluvial Terrace Soils (Udifluvents),110.0,NA,22.5,36.0,41.5,0.92,moderately rapid,"Garhwal Group / Kausani Formation (Quartzite, Chlorite Schist, River Terraces)"
41783,Brown Forest Soils (Dystric Eutrochrepts),65.0,NA,18.4,49.0,32.6,1.28,moderate,Higher Himalayan Crystallines / Vaikrita Group (Mica Schist and Gneiss)
41633,Mountain Meadow Soils (Typic Cryorthents),35.0,NA,12.2,61.0,26.8,2.15,moderately rapid,"Garhwal Group / Kausani Formation (Quartzite, Chlorite Schist, River Terraces)"
41559,Brown Forest Soils (Dystric Eutrochrepts),65.0,NA,18.4,49.0,32.6,1.28,moderate,"Garhwal Group / Kausani Formation (Quartzite, Chlorite Schist, River Terraces)"
41570,Brown Forest Soils (Dystric Eutrochrepts),65.0,NA,18.4,49.0,32.6,1.28,moderate,"Garhwal Group / Kausani Formation (Quartzite, Chlorite Schist, River Terraces)"
41596,Sub-montane Meadow and Fluvial Terrace Soils (Udifluvents),110.0,NA,22.5,36.0,41.5,0.92,moderately rapid,"Garhwal Group / Kausani Formation (Quartzite, Chlorite Schist, River Terraces)"
41742,Mountain Meadow Soils (Typic Cryorthents),35.0,NA,12.2,61.0,26.8,2.15,moderately rapid,"Garhwal Group / Kausani Formation (Quartzite, Chlorite Schist, River Terraces)"
41507,Brown Forest Soils (Dystric Eutrochrepts),65.0,NA,18.4,49.0,32.6,1.28,moderate,"Garhwal Group / Kausani Formation (Quartzite, Chlorite Schist, River Terraces)"
41538,Sub-montane Meadow and Fluvial Terrace Soils (Udifluvents),110.0,NA,22.5,36.0,41.5,0.92,moderately rapid,"Garhwal Group / Kausani Formation (Quartzite, Chlorite Schist, River Terraces)"
41516,Brown Forest Soils (Dystric Eutrochrepts),65.0,NA,18.4,49.0,32.6,1.28,moderate,"Garhwal Group / Kausani Formation (Quartzite, Chlorite Schist, River Terraces)"
41495,Brown Forest Soils (Dystric Eutrochrepts),65.0,NA,18.4,49.0,32.6,1.28,moderate,"Garhwal Group / Kausani Formation (Quartzite, Chlorite Schist, River Terraces)"
41639,Brown Forest Soils (Dystric Eutrochrepts),65.0,NA,18.4,49.0,32.6,1.28,moderate,"Garhwal Group / Kausani Formation (Quartzite, Chlorite Schist, River Terraces)"
41626,Brown Forest Soils (Dystric Eutrochrepts),65.0,NA,18.4,49.0,32.6,1.28,moderate,"Garhwal Group / Kausani Formation (Quartzite, Chlorite Schist, River Terraces)"
41709,Brown Forest Soils (Dystric Eutrochrepts),65.0,NA,18.4,49.0,32.6,1.28,moderate,"Garhwal Group / Kausani Formation (Quartzite, Chlorite Schist, River Terraces)"
41594,Sub-montane Meadow and Fluvial Terrace Soils (Udifluvents),110.0,NA,22.5,36.0,41.5,0.92,moderately rapid,"Garhwal Group / Kausani Formation (Quartzite, Chlorite Schist, River Terraces)"
41496,Brown Forest Soils (Dystric Eutrochrepts),65.0,NA,18.4,49.0,32.6,1.28,moderate,"Garhwal Group / Kausani Formation (Quartzite, Chlorite Schist, River Terraces)"
41604,Brown Forest Soils (Dystric Eutrochrepts),65.0,NA,18.4,49.0,32.6,1.28,moderate,"Garhwal Group / Kausani Formation (Quartzite, Chlorite Schist, River Terraces)"
41582,Brown Forest Soils (Dystric Eutrochrepts),65.0,NA,18.4,49.0,32.6,1.28,moderate,"Garhwal Group / Kausani Formation (Quartzite, Chlorite Schist, River Terraces)"
41580,Brown Forest Soils (Dystric Eutrochrepts),65.0,NA,18.4,49.0,32.6,1.28,moderate,"Garhwal Group / Kausani Formation (Quartzite, Chlorite Schist, River Terraces)"
41529,Brown Forest Soils (Dystric Eutrochrepts),65.0,NA,18.4,49.0,32.6,1.28,moderate,"Garhwal Group / Kausani Formation (Quartzite, Chlorite Schist, River Terraces)"
41733,Brown Forest Soils (Dystric Eutrochrepts),65.0,NA,18.4,49.0,32.6,1.28,moderate,"Garhwal Group / Kausani Formation (Quartzite, Chlorite Schist, River Terraces)"
41544,Brown Forest Soils (Dystric Eutrochrepts),65.0,NA,18.4,49.0,32.6,1.28,moderate,"Garhwal Group / Kausani Formation (Quartzite, Chlorite Schist, River Terraces)"
41687,Brown Forest Soils (Dystric Eutrochrepts),65.0,NA,18.4,49.0,32.6,1.28,moderate,"Garhwal Group / Kausani Formation (Quartzite, Chlorite Schist, River Terraces)"
41679,Brown Forest Soils (Dystric Eutrochrepts),65.0,NA,18.4,49.0,32.6,1.28,moderate,"Garhwal Group / Kausani Formation (Quartzite, Chlorite Schist, River Terraces)"
41682,Brown Forest Soils (Dystric Eutrochrepts),65.0,NA,18.4,49.0,32.6,1.28,moderate,"Garhwal Group / Kausani Formation (Quartzite, Chlorite Schist, River Terraces)"
41548,Brown Forest Soils (Dystric Eutrochrepts),65.0,NA,18.4,49.0,32.6,1.28,moderate,"Garhwal Group / Kausani Formation (Quartzite, Chlorite Schist, River Terraces)"
41554,Brown Forest Soils (Dystric Eutrochrepts),65.0,NA,18.4,49.0,32.6,1.28,moderate,"Garhwal Group / Kausani Formation (Quartzite, Chlorite Schist, River Terraces)"
41800,Brown Forest Soils (Dystric Eutrochrepts),65.0,NA,18.4,49.0,32.6,1.28,moderate,Higher Himalayan Crystallines / Vaikrita Group (Mica Schist and Gneiss)
41708,Brown Forest Soils (Dystric Eutrochrepts),65.0,NA,18.4,49.0,32.6,1.28,moderate,"Garhwal Group / Kausani Formation (Quartzite, Chlorite Schist, River Terraces)"
41700,Brown Forest Soils (Dystric Eutrochrepts),65.0,NA,18.4,49.0,32.6,1.28,moderate,"Garhwal Group / Kausani Formation (Quartzite, Chlorite Schist, River Terraces)"
41602,Sub-montane Meadow and Fluvial Terrace Soils (Udifluvents),110.0,NA,22.5,36.0,41.5,0.92,moderately rapid,"Garhwal Group / Kausani Formation (Quartzite, Chlorite Schist, River Terraces)"
41532,Brown Forest Soils (Dystric Eutrochrepts),65.0,NA,18.4,49.0,32.6,1.28,moderate,"Garhwal Group / Kausani Formation (Quartzite, Chlorite Schist, River Terraces)"
41736,Brown Forest Soils (Dystric Eutrochrepts),65.0,NA,18.4,49.0,32.6,1.28,moderate,"Garhwal Group / Kausani Formation (Quartzite, Chlorite Schist, River Terraces)"
41737,Brown Forest Soils (Dystric Eutrochrepts),65.0,NA,18.4,49.0,32.6,1.28,moderate,"Garhwal Group / Kausani Formation (Quartzite, Chlorite Schist, River Terraces)"
41668,Brown Forest Soils (Dystric Eutrochrepts),65.0,NA,18.4,49.0,32.6,1.28,moderate,"Garhwal Group / Kausani Formation (Quartzite, Chlorite Schist, River Terraces)"
41502,Brown Forest Soils (Dystric Eutrochrepts),65.0,NA,18.4,49.0,32.6,1.28,moderate,"Garhwal Group / Kausani Formation (Quartzite, Chlorite Schist, River Terraces)"
41573,Brown Forest Soils (Dystric Eutrochrepts),65.0,NA,18.4,49.0,32.6,1.28,moderate,"Garhwal Group / Kausani Formation (Quartzite, Chlorite Schist, River Terraces)"
41518,Brown Forest Soils (Dystric Eutrochrepts),65.0,NA,18.4,49.0,32.6,1.28,moderate,"Garhwal Group / Kausani Formation (Quartzite, Chlorite Schist, River Terraces)"
41806,Brown Forest Soils (Dystric Eutrochrepts),65.0,NA,18.4,49.0,32.6,1.28,moderate,Higher Himalayan Crystallines / Vaikrita Group (Mica Schist and Gneiss)
41598,Brown Forest Soils (Dystric Eutrochrepts),65.0,NA,18.4,49.0,32.6,1.28,moderate,"Garhwal Group / Kausani Formation (Quartzite, Chlorite Schist, River Terraces)"
41677,Brown Forest Soils (Dystric Eutrochrepts),65.0,NA,18.4,49.0,32.6,1.28,moderate,"Garhwal Group / Kausani Formation (Quartzite, Chlorite Schist, River Terraces)"
41564,Brown Forest Soils (Dystric Eutrochrepts),65.0,NA,18.4,49.0,32.6,1.28,moderate,"Garhwal Group / Kausani Formation (Quartzite, Chlorite Schist, River Terraces)"
41530,Brown Forest Soils (Dystric Eutrochrepts),65.0,NA,18.4,49.0,32.6,1.28,moderate,"Garhwal Group / Kausani Formation (Quartzite, Chlorite Schist, River Terraces)"
41721,Brown Forest Soils (Dystric Eutrochrepts),65.0,NA,18.4,49.0,32.6,1.28,moderate,"Garhwal Group / Kausani Formation (Quartzite, Chlorite Schist, River Terraces)"
41762,Brown Forest Soils (Dystric Eutrochrepts),65.0,NA,18.4,49.0,32.6,1.28,moderate,"Garhwal Group / Kausani Formation (Quartzite, Chlorite Schist, River Terraces)"
41710,Brown Forest Soils (Dystric Eutrochrepts),65.0,NA,18.4,49.0,32.6,1.28,moderate,"Garhwal Group / Kausani Formation (Quartzite, Chlorite Schist, River Terraces)"
41768,Mountain Meadow Soils (Typic Cryorthents),35.0,NA,12.2,61.0,26.8,2.15,moderately rapid,"Garhwal Group / Kausani Formation (Quartzite, Chlorite Schist, River Terraces)"
41605,Brown Forest Soils (Dystric Eutrochrepts),65.0,NA,18.4,49.0,32.6,1.28,moderate,"Garhwal Group / Kausani Formation (Quartzite, Chlorite Schist, River Terraces)"
41672,Brown Forest Soils (Dystric Eutrochrepts),65.0,NA,18.4,49.0,32.6,1.28,moderate,"Garhwal Group / Kausani Formation (Quartzite, Chlorite Schist, River Terraces)"
41644,Brown Forest Soils (Dystric Eutrochrepts),65.0,NA,18.4,49.0,32.6,1.28,moderate,"Garhwal Group / Kausani Formation (Quartzite, Chlorite Schist, River Terraces)"
41764,Brown Forest Soils (Dystric Eutrochrepts),65.0,NA,18.4,49.0,32.6,1.28,moderate,"Garhwal Group / Kausani Formation (Quartzite, Chlorite Schist, River Terraces)"
41759,Brown Forest Soils (Dystric Eutrochrepts),65.0,NA,18.4,49.0,32.6,1.28,moderate,"Garhwal Group / Kausani Formation (Quartzite, Chlorite Schist, River Terraces)"
41787,Brown Forest Soils (Dystric Eutrochrepts),65.0,NA,18.4,49.0,32.6,1.28,moderate,Higher Himalayan Crystallines / Vaikrita Group (Mica Schist and Gneiss)
41624,Brown Forest Soils (Dystric Eutrochrepts),65.0,NA,18.4,49.0,32.6,1.28,moderate,"Garhwal Group / Kausani Formation (Quartzite, Chlorite Schist, River Terraces)"
41561,Brown Forest Soils (Dystric Eutrochrepts),65.0,NA,18.4,49.0,32.6,1.28,moderate,"Garhwal Group / Kausani Formation (Quartzite, Chlorite Schist, River Terraces)"
41695,Sub-montane Meadow and Fluvial Terrace Soils (Udifluvents),110.0,NA,22.5,36.0,41.5,0.92,moderately rapid,"Garhwal Group / Kausani Formation (Quartzite, Chlorite Schist, River Terraces)"
41775,Mountain Meadow Soils (Typic Cryorthents),35.0,NA,12.2,61.0,26.8,2.15,moderately rapid,Higher Himalayan Crystallines / Vaikrita Group (Mica Schist and Gneiss)
41550,Brown Forest Soils (Dystric Eutrochrepts),65.0,NA,18.4,49.0,32.6,1.28,moderate,"Garhwal Group / Kausani Formation (Quartzite, Chlorite Schist, River Terraces)"
41699,Brown Forest Soils (Dystric Eutrochrepts),65.0,NA,18.4,49.0,32.6,1.28,moderate,"Garhwal Group / Kausani Formation (Quartzite, Chlorite Schist, River Terraces)"
41553,Brown Forest Soils (Dystric Eutrochrepts),65.0,NA,18.4,49.0,32.6,1.28,moderate,"Garhwal Group / Kausani Formation (Quartzite, Chlorite Schist, River Terraces)"
41676,Brown Forest Soils (Dystric Eutrochrepts),65.0,NA,18.4,49.0,32.6,1.28,moderate,"Garhwal Group / Kausani Formation (Quartzite, Chlorite Schist, River Terraces)"
41692,Brown Forest Soils (Dystric Eutrochrepts),65.0,NA,18.4,49.0,32.6,1.28,moderate,"Garhwal Group / Kausani Formation (Quartzite, Chlorite Schist, River Terraces)"
41815,Sub-montane Meadow and Fluvial Terrace Soils (Udifluvents),110.0,NA,22.5,36.0,41.5,0.92,moderately rapid,"Garhwal Group / Kausani Formation (Quartzite, Chlorite Schist, River Terraces)"
41814,Mountain Meadow Soils (Typic Cryorthents),35.0,NA,12.2,61.0,26.8,2.15,moderately rapid,"Garhwal Group / Kausani Formation (Quartzite, Chlorite Schist, River Terraces)"
41816,Brown Forest Soils (Dystric Eutrochrepts),65.0,NA,18.4,49.0,32.6,1.28,moderate,"Garhwal Group / Kausani Formation (Quartzite, Chlorite Schist, River Terraces)"
41817,Mountain Meadow Soils (Typic Cryorthents),35.0,NA,12.2,61.0,26.8,2.15,moderately rapid,"Garhwal Group / Kausani Formation (Quartzite, Chlorite Schist, River Terraces)"
41819,Mountain Meadow Soils (Typic Cryorthents),35.0,NA,12.2,61.0,26.8,2.15,moderately rapid,Higher Himalayan Crystallines / Vaikrita Group (Mica Schist and Gneiss)
41818,Skeletal and Glacial Morainic Soils (Cryic Lithosols),18.0,NA,6.5,75.0,18.5,0.54,rapid,Higher Himalayan Crystallines / Vaikrita Group (Mica Schist and Gneiss)
41667,Brown Forest Soils (Dystric Eutrochrepts),65.0,NA,18.4,49.0,32.6,1.28,moderate,"Garhwal Group / Kausani Formation (Quartzite, Chlorite Schist, River Terraces)"
41591,Brown Forest Soils (Dystric Eutrochrepts),65.0,NA,18.4,49.0,32.6,1.28,moderate,"Garhwal Group / Kausani Formation (Quartzite, Chlorite Schist, River Terraces)"
41543,Brown Forest Soils (Dystric Eutrochrepts),65.0,NA,18.4,49.0,32.6,1.28,moderate,"Garhwal Group / Kausani Formation (Quartzite, Chlorite Schist, River Terraces)"
41636,Brown Forest Soils (Dystric Eutrochrepts),65.0,NA,18.4,49.0,32.6,1.28,moderate,"Garhwal Group / Kausani Formation (Quartzite, Chlorite Schist, River Terraces)"
41535,Brown Forest Soils (Dystric Eutrochrepts),65.0,NA,18.4,49.0,32.6,1.28,moderate,"Garhwal Group / Kausani Formation (Quartzite, Chlorite Schist, River Terraces)"
41534,Sub-montane Meadow and Fluvial Terrace Soils (Udifluvents),110.0,NA,22.5,36.0,41.5,0.92,moderately rapid,"Garhwal Group / Kausani Formation (Quartzite, Chlorite Schist, River Terraces)"
41523,Sub-montane Meadow and Fluvial Terrace Soils (Udifluvents),110.0,NA,22.5,36.0,41.5,0.92,moderately rapid,"Garhwal Group / Kausani Formation (Quartzite, Chlorite Schist, River Terraces)"
41680,Brown Forest Soils (Dystric Eutrochrepts),65.0,NA,18.4,49.0,32.6,1.28,moderate,"Garhwal Group / Kausani Formation (Quartzite, Chlorite Schist, River Terraces)"
41552,Brown Forest Soils (Dystric Eutrochrepts),65.0,NA,18.4,49.0,32.6,1.28,moderate,"Garhwal Group / Kausani Formation (Quartzite, Chlorite Schist, River Terraces)"
41810,Mountain Meadow Soils (Typic Cryorthents),35.0,NA,12.2,61.0,26.8,2.15,moderately rapid,Higher Himalayan Crystallines / Vaikrita Group (Mica Schist and Gneiss)
41587,Brown Forest Soils (Dystric Eutrochrepts),65.0,NA,18.4,49.0,32.6,1.28,moderate,"Garhwal Group / Kausani Formation (Quartzite, Chlorite Schist, River Terraces)"
41781,Mountain Meadow Soils (Typic Cryorthents),35.0,NA,12.2,61.0,26.8,2.15,moderately rapid,Higher Himalayan Crystallines / Vaikrita Group (Mica Schist and Gneiss)
41780,Mountain Meadow Soils (Typic Cryorthents),35.0,NA,12.2,61.0,26.8,2.15,moderately rapid,Higher Himalayan Crystallines / Vaikrita Group (Mica Schist and Gneiss)
41697,Brown Forest Soils (Dystric Eutrochrepts),65.0,NA,18.4,49.0,32.6,1.28,moderate,"Garhwal Group / Kausani Formation (Quartzite, Chlorite Schist, River Terraces)"
41730,Brown Forest Soils (Dystric Eutrochrepts),65.0,NA,18.4,49.0,32.6,1.28,moderate,"Garhwal Group / Kausani Formation (Quartzite, Chlorite Schist, River Terraces)"
41703,Sub-montane Meadow and Fluvial Terrace Soils (Udifluvents),110.0,NA,22.5,36.0,41.5,0.92,moderately rapid,"Garhwal Group / Kausani Formation (Quartzite, Chlorite Schist, River Terraces)"
41686,Brown Forest Soils (Dystric Eutrochrepts),65.0,NA,18.4,49.0,32.6,1.28,moderate,"Garhwal Group / Kausani Formation (Quartzite, Chlorite Schist, River Terraces)"
41589,Brown Forest Soils (Dystric Eutrochrepts),65.0,NA,18.4,49.0,32.6,1.28,moderate,"Garhwal Group / Kausani Formation (Quartzite, Chlorite Schist, River Terraces)"
41720,Brown Forest Soils (Dystric Eutrochrepts),65.0,NA,18.4,49.0,32.6,1.28,moderate,"Garhwal Group / Kausani Formation (Quartzite, Chlorite Schist, River Terraces)"
41739,Brown Forest Soils (Dystric Eutrochrepts),65.0,NA,18.4,49.0,32.6,1.28,moderate,"Garhwal Group / Kausani Formation (Quartzite, Chlorite Schist, River Terraces)"
41588,Brown Forest Soils (Dystric Eutrochrepts),65.0,NA,18.4,49.0,32.6,1.28,moderate,"Garhwal Group / Kausani Formation (Quartzite, Chlorite Schist, River Terraces)"
41770,Brown Forest Soils (Dystric Eutrochrepts),65.0,NA,18.4,49.0,32.6,1.28,moderate,"Garhwal Group / Kausani Formation (Quartzite, Chlorite Schist, River Terraces)"
41714,Brown Forest Soils (Dystric Eutrochrepts),65.0,NA,18.4,49.0,32.6,1.28,moderate,"Garhwal Group / Kausani Formation (Quartzite, Chlorite Schist, River Terraces)"
41685,Brown Forest Soils (Dystric Eutrochrepts),65.0,NA,18.4,49.0,32.6,1.28,moderate,"Garhwal Group / Kausani Formation (Quartzite, Chlorite Schist, River Terraces)"
41809,Brown Forest Soils (Dystric Eutrochrepts),65.0,NA,18.4,49.0,32.6,1.28,moderate,Higher Himalayan Crystallines / Vaikrita Group (Mica Schist and Gneiss)
41599,Brown Forest Soils (Dystric Eutrochrepts),65.0,NA,18.4,49.0,32.6,1.28,moderate,"Garhwal Group / Kausani Formation (Quartzite, Chlorite Schist, River Terraces)"
41595,Sub-montane Meadow and Fluvial Terrace Soils (Udifluvents),110.0,NA,22.5,36.0,41.5,0.92,moderately rapid,"Garhwal Group / Kausani Formation (Quartzite, Chlorite Schist, River Terraces)"
41728,Brown Forest Soils (Dystric Eutrochrepts),65.0,NA,18.4,49.0,32.6,1.28,moderate,"Garhwal Group / Kausani Formation (Quartzite, Chlorite Schist, River Terraces)"
41752,Sub-montane Meadow and Fluvial Terrace Soils (Udifluvents),110.0,NA,22.5,36.0,41.5,0.92,moderately rapid,"Garhwal Group / Kausani Formation (Quartzite, Chlorite Schist, River Terraces)"
41779,Mountain Meadow Soils (Typic Cryorthents),35.0,NA,12.2,61.0,26.8,2.15,moderately rapid,Higher Himalayan Crystallines / Vaikrita Group (Mica Schist and Gneiss)
41756,Brown Forest Soils (Dystric Eutrochrepts),65.0,NA,18.4,49.0,32.6,1.28,moderate,"Garhwal Group / Kausani Formation (Quartzite, Chlorite Schist, River Terraces)"
41612,Brown Forest Soils (Dystric Eutrochrepts),65.0,NA,18.4,49.0,32.6,1.28,moderate,"Garhwal Group / Kausani Formation (Quartzite, Chlorite Schist, River Terraces)"
41650,Brown Forest Soils (Dystric Eutrochrepts),65.0,NA,18.4,49.0,32.6,1.28,moderate,"Garhwal Group / Kausani Formation (Quartzite, Chlorite Schist, River Terraces)"
41623,Brown Forest Soils (Dystric Eutrochrepts),65.0,NA,18.4,49.0,32.6,1.28,moderate,"Garhwal Group / Kausani Formation (Quartzite, Chlorite Schist, River Terraces)"
41555,Brown Forest Soils (Dystric Eutrochrepts),65.0,NA,18.4,49.0,32.6,1.28,moderate,"Garhwal Group / Kausani Formation (Quartzite, Chlorite Schist, River Terraces)"
41658,Mountain Meadow Soils (Typic Cryorthents),35.0,NA,12.2,61.0,26.8,2.15,moderately rapid,"Garhwal Group / Kausani Formation (Quartzite, Chlorite Schist, River Terraces)"
41504,Brown Forest Soils (Dystric Eutrochrepts),65.0,NA,18.4,49.0,32.6,1.28,moderate,"Garhwal Group / Kausani Formation (Quartzite, Chlorite Schist, River Terraces)"
41584,Brown Forest Soils (Dystric Eutrochrepts),65.0,NA,18.4,49.0,32.6,1.28,moderate,"Garhwal Group / Kausani Formation (Quartzite, Chlorite Schist, River Terraces)"
41659,Mountain Meadow Soils (Typic Cryorthents),35.0,NA,12.2,61.0,26.8,2.15,moderately rapid,"Garhwal Group / Kausani Formation (Quartzite, Chlorite Schist, River Terraces)"
41808,Mountain Meadow Soils (Typic Cryorthents),35.0,NA,12.2,61.0,26.8,2.15,moderately rapid,Higher Himalayan Crystallines / Vaikrita Group (Mica Schist and Gneiss)
41597,Sub-montane Meadow and Fluvial Terrace Soils (Udifluvents),110.0,NA,22.5,36.0,41.5,0.92,moderately rapid,"Garhwal Group / Kausani Formation (Quartzite, Chlorite Schist, River Terraces)"
41528,Brown Forest Soils (Dystric Eutrochrepts),65.0,NA,18.4,49.0,32.6,1.28,moderate,"Garhwal Group / Kausani Formation (Quartzite, Chlorite Schist, River Terraces)"
41638,Brown Forest Soils (Dystric Eutrochrepts),65.0,NA,18.4,49.0,32.6,1.28,moderate,"Garhwal Group / Kausani Formation (Quartzite, Chlorite Schist, River Terraces)"
41734,Brown Forest Soils (Dystric Eutrochrepts),65.0,NA,18.4,49.0,32.6,1.28,moderate,"Garhwal Group / Kausani Formation (Quartzite, Chlorite Schist, River Terraces)"
41560,Brown Forest Soils (Dystric Eutrochrepts),65.0,NA,18.4,49.0,32.6,1.28,moderate,"Garhwal Group / Kausani Formation (Quartzite, Chlorite Schist, River Terraces)"
41609,Brown Forest Soils (Dystric Eutrochrepts),65.0,NA,18.4,49.0,32.6,1.28,moderate,"Garhwal Group / Kausani Formation (Quartzite, Chlorite Schist, River Terraces)"
41506,Brown Forest Soils (Dystric Eutrochrepts),65.0,NA,18.4,49.0,32.6,1.28,moderate,"Garhwal Group / Kausani Formation (Quartzite, Chlorite Schist, River Terraces)"
41524,Brown Forest Soils (Dystric Eutrochrepts),65.0,NA,18.4,49.0,32.6,1.28,moderate,"Garhwal Group / Kausani Formation (Quartzite, Chlorite Schist, River Terraces)"
41522,Brown Forest Soils (Dystric Eutrochrepts),65.0,NA,18.4,49.0,32.6,1.28,moderate,"Garhwal Group / Kausani Formation (Quartzite, Chlorite Schist, River Terraces)"
41755,Brown Forest Soils (Dystric Eutrochrepts),65.0,NA,18.4,49.0,32.6,1.28,moderate,"Garhwal Group / Kausani Formation (Quartzite, Chlorite Schist, River Terraces)"
41615,Brown Forest Soils (Dystric Eutrochrepts),65.0,NA,18.4,49.0,32.6,1.28,moderate,"Garhwal Group / Kausani Formation (Quartzite, Chlorite Schist, River Terraces)"
41702,Sub-montane Meadow and Fluvial Terrace Soils (Udifluvents),110.0,NA,22.5,36.0,41.5,0.92,moderately rapid,"Garhwal Group / Kausani Formation (Quartzite, Chlorite Schist, River Terraces)"
41746,Brown Forest Soils (Dystric Eutrochrepts),65.0,NA,18.4,49.0,32.6,1.28,moderate,"Garhwal Group / Kausani Formation (Quartzite, Chlorite Schist, River Terraces)"
41664,Sub-montane Meadow and Fluvial Terrace Soils (Udifluvents),110.0,NA,22.5,36.0,41.5,0.92,moderately rapid,"Garhwal Group / Kausani Formation (Quartzite, Chlorite Schist, River Terraces)"
41745,Sub-montane Meadow and Fluvial Terrace Soils (Udifluvents),110.0,NA,22.5,36.0,41.5,0.92,moderately rapid,"Garhwal Group / Kausani Formation (Quartzite, Chlorite Schist, River Terraces)"
41526,Brown Forest Soils (Dystric Eutrochrepts),65.0,NA,18.4,49.0,32.6,1.28,moderate,"Garhwal Group / Kausani Formation (Quartzite, Chlorite Schist, River Terraces)"
41592,Brown Forest Soils (Dystric Eutrochrepts),65.0,NA,18.4,49.0,32.6,1.28,moderate,"Garhwal Group / Kausani Formation (Quartzite, Chlorite Schist, River Terraces)"
41740,Brown Forest Soils (Dystric Eutrochrepts),65.0,NA,18.4,49.0,32.6,1.28,moderate,"Garhwal Group / Kausani Formation (Quartzite, Chlorite Schist, River Terraces)"
41607,Brown Forest Soils (Dystric Eutrochrepts),65.0,NA,18.4,49.0,32.6,1.28,moderate,"Garhwal Group / Kausani Formation (Quartzite, Chlorite Schist, River Terraces)"
41713,Brown Forest Soils (Dystric Eutrochrepts),65.0,NA,18.4,49.0,32.6,1.28,moderate,"Garhwal Group / Kausani Formation (Quartzite, Chlorite Schist, River Terraces)"
41558,Brown Forest Soils (Dystric Eutrochrepts),65.0,NA,18.4,49.0,32.6,1.28,moderate,"Garhwal Group / Kausani Formation (Quartzite, Chlorite Schist, River Terraces)"
41576,Brown Forest Soils (Dystric Eutrochrepts),65.0,NA,18.4,49.0,32.6,1.28,moderate,"Garhwal Group / Kausani Formation (Quartzite, Chlorite Schist, River Terraces)"
41660,Mountain Meadow Soils (Typic Cryorthents),35.0,NA,12.2,61.0,26.8,2.15,moderately rapid,"Garhwal Group / Kausani Formation (Quartzite, Chlorite Schist, River Terraces)"
41675,Brown Forest Soils (Dystric Eutrochrepts),65.0,NA,18.4,49.0,32.6,1.28,moderate,"Garhwal Group / Kausani Formation (Quartzite, Chlorite Schist, River Terraces)"
41542,Brown Forest Soils (Dystric Eutrochrepts),65.0,NA,18.4,49.0,32.6,1.28,moderate,"Garhwal Group / Kausani Formation (Quartzite, Chlorite Schist, River Terraces)"
41540,Brown Forest Soils (Dystric Eutrochrepts),65.0,NA,18.4,49.0,32.6,1.28,moderate,"Garhwal Group / Kausani Formation (Quartzite, Chlorite Schist, River Terraces)"
41539,Brown Forest Soils (Dystric Eutrochrepts),65.0,NA,18.4,49.0,32.6,1.28,moderate,"Garhwal Group / Kausani Formation (Quartzite, Chlorite Schist, River Terraces)"
41630,Brown Forest Soils (Dystric Eutrochrepts),65.0,NA,18.4,49.0,32.6,1.28,moderate,"Garhwal Group / Kausani Formation (Quartzite, Chlorite Schist, River Terraces)"
41520,Brown Forest Soils (Dystric Eutrochrepts),65.0,NA,18.4,49.0,32.6,1.28,moderate,"Garhwal Group / Kausani Formation (Quartzite, Chlorite Schist, River Terraces)"
41805,Brown Forest Soils (Dystric Eutrochrepts),65.0,NA,18.4,49.0,32.6,1.28,moderate,Higher Himalayan Crystallines / Vaikrita Group (Mica Schist and Gneiss)
41706,Sub-montane Meadow and Fluvial Terrace Soils (Udifluvents),110.0,NA,22.5,36.0,41.5,0.92,moderately rapid,"Garhwal Group / Kausani Formation (Quartzite, Chlorite Schist, River Terraces)"
41545,Brown Forest Soils (Dystric Eutrochrepts),65.0,NA,18.4,49.0,32.6,1.28,moderate,"Garhwal Group / Kausani Formation (Quartzite, Chlorite Schist, River Terraces)"
41681,Brown Forest Soils (Dystric Eutrochrepts),65.0,NA,18.4,49.0,32.6,1.28,moderate,"Garhwal Group / Kausani Formation (Quartzite, Chlorite Schist, River Terraces)"
41501,Brown Forest Soils (Dystric Eutrochrepts),65.0,NA,18.4,49.0,32.6,1.28,moderate,"Garhwal Group / Kausani Formation (Quartzite, Chlorite Schist, River Terraces)"
41712,Brown Forest Soils (Dystric Eutrochrepts),65.0,NA,18.4,49.0,32.6,1.28,moderate,"Garhwal Group / Kausani Formation (Quartzite, Chlorite Schist, River Terraces)"
41801,Brown Forest Soils (Dystric Eutrochrepts),65.0,NA,18.4,49.0,32.6,1.28,moderate,Higher Himalayan Crystallines / Vaikrita Group (Mica Schist and Gneiss)
41500,Brown Forest Soils (Dystric Eutrochrepts),65.0,NA,18.4,49.0,32.6,1.28,moderate,"Garhwal Group / Kausani Formation (Quartzite, Chlorite Schist, River Terraces)"
41499,Brown Forest Soils (Dystric Eutrochrepts),65.0,NA,18.4,49.0,32.6,1.28,moderate,"Garhwal Group / Kausani Formation (Quartzite, Chlorite Schist, River Terraces)"
41766,Brown Forest Soils (Dystric Eutrochrepts),65.0,NA,18.4,49.0,32.6,1.28,moderate,"Garhwal Group / Kausani Formation (Quartzite, Chlorite Schist, River Terraces)"
41661,Brown Forest Soils (Dystric Eutrochrepts),65.0,NA,18.4,49.0,32.6,1.28,moderate,"Garhwal Group / Kausani Formation (Quartzite, Chlorite Schist, River Terraces)"
41617,Sub-montane Meadow and Fluvial Terrace Soils (Udifluvents),110.0,NA,22.5,36.0,41.5,0.92,moderately rapid,"Garhwal Group / Kausani Formation (Quartzite, Chlorite Schist, River Terraces)"
41603,Brown Forest Soils (Dystric Eutrochrepts),65.0,NA,18.4,49.0,32.6,1.28,moderate,"Garhwal Group / Kausani Formation (Quartzite, Chlorite Schist, River Terraces)"
41696,Sub-montane Meadow and Fluvial Terrace Soils (Udifluvents),110.0,NA,22.5,36.0,41.5,0.92,moderately rapid,"Garhwal Group / Kausani Formation (Quartzite, Chlorite Schist, River Terraces)"
41688,Brown Forest Soils (Dystric Eutrochrepts),65.0,NA,18.4,49.0,32.6,1.28,moderate,"Garhwal Group / Kausani Formation (Quartzite, Chlorite Schist, River Terraces)"
41514,Brown Forest Soils (Dystric Eutrochrepts),65.0,NA,18.4,49.0,32.6,1.28,moderate,"Garhwal Group / Kausani Formation (Quartzite, Chlorite Schist, River Terraces)"
41704,Brown Forest Soils (Dystric Eutrochrepts),65.0,NA,18.4,49.0,32.6,1.28,moderate,"Garhwal Group / Kausani Formation (Quartzite, Chlorite Schist, River Terraces)"
41571,Brown Forest Soils (Dystric Eutrochrepts),65.0,NA,18.4,49.0,32.6,1.28,moderate,"Garhwal Group / Kausani Formation (Quartzite, Chlorite Schist, River Terraces)"
41799,Brown Forest Soils (Dystric Eutrochrepts),65.0,NA,18.4,49.0,32.6,1.28,moderate,Higher Himalayan Crystallines / Vaikrita Group (Mica Schist and Gneiss)
41738,Brown Forest Soils (Dystric Eutrochrepts),65.0,NA,18.4,49.0,32.6,1.28,moderate,"Garhwal Group / Kausani Formation (Quartzite, Chlorite Schist, River Terraces)"
41509,Brown Forest Soils (Dystric Eutrochrepts),65.0,NA,18.4,49.0,32.6,1.28,moderate,"Garhwal Group / Kausani Formation (Quartzite, Chlorite Schist, River Terraces)"
41724,Brown Forest Soils (Dystric Eutrochrepts),65.0,NA,18.4,49.0,32.6,1.28,moderate,"Garhwal Group / Kausani Formation (Quartzite, Chlorite Schist, River Terraces)"
41751,Brown Forest Soils (Dystric Eutrochrepts),65.0,NA,18.4,49.0,32.6,1.28,moderate,"Garhwal Group / Kausani Formation (Quartzite, Chlorite Schist, River Terraces)"
41769,Brown Forest Soils (Dystric Eutrochrepts),65.0,NA,18.4,49.0,32.6,1.28,moderate,"Garhwal Group / Kausani Formation (Quartzite, Chlorite Schist, River Terraces)"
41711,Brown Forest Soils (Dystric Eutrochrepts),65.0,NA,18.4,49.0,32.6,1.28,moderate,"Garhwal Group / Kausani Formation (Quartzite, Chlorite Schist, River Terraces)"
41631,Brown Forest Soils (Dystric Eutrochrepts),65.0,NA,18.4,49.0,32.6,1.28,moderate,"Garhwal Group / Kausani Formation (Quartzite, Chlorite Schist, River Terraces)"
41792,Brown Forest Soils (Dystric Eutrochrepts),65.0,NA,18.4,49.0,32.6,1.28,moderate,Higher Himalayan Crystallines / Vaikrita Group (Mica Schist and Gneiss)
41674,Brown Forest Soils (Dystric Eutrochrepts),65.0,NA,18.4,49.0,32.6,1.28,moderate,"Garhwal Group / Kausani Formation (Quartzite, Chlorite Schist, River Terraces)"
41621,Brown Forest Soils (Dystric Eutrochrepts),65.0,NA,18.4,49.0,32.6,1.28,moderate,"Garhwal Group / Kausani Formation (Quartzite, Chlorite Schist, River Terraces)"
41666,Sub-montane Meadow and Fluvial Terrace Soils (Udifluvents),110.0,NA,22.5,36.0,41.5,0.92,moderately rapid,"Garhwal Group / Kausani Formation (Quartzite, Chlorite Schist, River Terraces)"
41634,Brown Forest Soils (Dystric Eutrochrepts),65.0,NA,18.4,49.0,32.6,1.28,moderate,"Garhwal Group / Kausani Formation (Quartzite, Chlorite Schist, River Terraces)"
41784,Brown Forest Soils (Dystric Eutrochrepts),65.0,NA,18.4,49.0,32.6,1.28,moderate,"Garhwal Group / Kausani Formation (Quartzite, Chlorite Schist, River Terraces)"
41614,Brown Forest Soils (Dystric Eutrochrepts),65.0,NA,18.4,49.0,32.6,1.28,moderate,"Garhwal Group / Kausani Formation (Quartzite, Chlorite Schist, River Terraces)"
41531,Brown Forest Soils (Dystric Eutrochrepts),65.0,NA,18.4,49.0,32.6,1.28,moderate,"Garhwal Group / Kausani Formation (Quartzite, Chlorite Schist, River Terraces)"
41565,Brown Forest Soils (Dystric Eutrochrepts),65.0,NA,18.4,49.0,32.6,1.28,moderate,"Garhwal Group / Kausani Formation (Quartzite, Chlorite Schist, River Terraces)"
41590,Brown Forest Soils (Dystric Eutrochrepts),65.0,NA,18.4,49.0,32.6,1.28,moderate,"Garhwal Group / Kausani Formation (Quartzite, Chlorite Schist, River Terraces)"
41536,Brown Forest Soils (Dystric Eutrochrepts),65.0,NA,18.4,49.0,32.6,1.28,moderate,"Garhwal Group / Kausani Formation (Quartzite, Chlorite Schist, River Terraces)"
41574,Brown Forest Soils (Dystric Eutrochrepts),65.0,NA,18.4,49.0,32.6,1.28,moderate,"Garhwal Group / Kausani Formation (Quartzite, Chlorite Schist, River Terraces)"
41772,Mountain Meadow Soils (Typic Cryorthents),35.0,NA,12.2,61.0,26.8,2.15,moderately rapid,Higher Himalayan Crystallines / Vaikrita Group (Mica Schist and Gneiss)
41804,Brown Forest Soils (Dystric Eutrochrepts),65.0,NA,18.4,49.0,32.6,1.28,moderate,Higher Himalayan Crystallines / Vaikrita Group (Mica Schist and Gneiss)
41705,Brown Forest Soils (Dystric Eutrochrepts),65.0,NA,18.4,49.0,32.6,1.28,moderate,"Garhwal Group / Kausani Formation (Quartzite, Chlorite Schist, River Terraces)"
41640,Brown Forest Soils (Dystric Eutrochrepts),65.0,NA,18.4,49.0,32.6,1.28,moderate,"Garhwal Group / Kausani Formation (Quartzite, Chlorite Schist, River Terraces)"
41790,Brown Forest Soils (Dystric Eutrochrepts),65.0,NA,18.4,49.0,32.6,1.28,moderate,"Garhwal Group / Kausani Formation (Quartzite, Chlorite Schist, River Terraces)"
41498,Mountain Meadow Soils (Typic Cryorthents),35.0,NA,12.2,61.0,26.8,2.15,moderately rapid,"Garhwal Group / Kausani Formation (Quartzite, Chlorite Schist, River Terraces)"
41654,Brown Forest Soils (Dystric Eutrochrepts),65.0,NA,18.4,49.0,32.6,1.28,moderate,"Garhwal Group / Kausani Formation (Quartzite, Chlorite Schist, River Terraces)"
41802,Brown Forest Soils (Dystric Eutrochrepts),65.0,NA,18.4,49.0,32.6,1.28,moderate,Higher Himalayan Crystallines / Vaikrita Group (Mica Schist and Gneiss)
41771,Brown Forest Soils (Dystric Eutrochrepts),65.0,NA,18.4,49.0,32.6,1.28,moderate,"Garhwal Group / Kausani Formation (Quartzite, Chlorite Schist, River Terraces)"
41643,Brown Forest Soils (Dystric Eutrochrepts),65.0,NA,18.4,49.0,32.6,1.28,moderate,"Garhwal Group / Kausani Formation (Quartzite, Chlorite Schist, River Terraces)"
41549,Brown Forest Soils (Dystric Eutrochrepts),65.0,NA,18.4,49.0,32.6,1.28,moderate,"Garhwal Group / Kausani Formation (Quartzite, Chlorite Schist, River Terraces)"
41572,Brown Forest Soils (Dystric Eutrochrepts),65.0,NA,18.4,49.0,32.6,1.28,moderate,"Garhwal Group / Kausani Formation (Quartzite, Chlorite Schist, River Terraces)"
41651,Brown Forest Soils (Dystric Eutrochrepts),65.0,NA,18.4,49.0,32.6,1.28,moderate,"Garhwal Group / Kausani Formation (Quartzite, Chlorite Schist, River Terraces)"
41803,Brown Forest Soils (Dystric Eutrochrepts),65.0,NA,18.4,49.0,32.6,1.28,moderate,Higher Himalayan Crystallines / Vaikrita Group (Mica Schist and Gneiss)
41521,Brown Forest Soils (Dystric Eutrochrepts),65.0,NA,18.4,49.0,32.6,1.28,moderate,"Garhwal Group / Kausani Formation (Quartzite, Chlorite Schist, River Terraces)"
41525,Sub-montane Meadow and Fluvial Terrace Soils (Udifluvents),110.0,NA,22.5,36.0,41.5,0.92,moderately rapid,"Garhwal Group / Kausani Formation (Quartzite, Chlorite Schist, River Terraces)"
41635,Brown Forest Soils (Dystric Eutrochrepts),65.0,NA,18.4,49.0,32.6,1.28,moderate,"Garhwal Group / Kausani Formation (Quartzite, Chlorite Schist, River Terraces)"
41652,Brown Forest Soils (Dystric Eutrochrepts),65.0,NA,18.4,49.0,32.6,1.28,moderate,"Garhwal Group / Kausani Formation (Quartzite, Chlorite Schist, River Terraces)"
41760,Brown Forest Soils (Dystric Eutrochrepts),65.0,NA,18.4,49.0,32.6,1.28,moderate,"Garhwal Group / Kausani Formation (Quartzite, Chlorite Schist, River Terraces)"
41567,Sub-montane Meadow and Fluvial Terrace Soils (Udifluvents),110.0,NA,22.5,36.0,41.5,0.92,moderately rapid,"Garhwal Group / Kausani Formation (Quartzite, Chlorite Schist, River Terraces)"
41593,Brown Forest Soils (Dystric Eutrochrepts),65.0,NA,18.4,49.0,32.6,1.28,moderate,"Garhwal Group / Kausani Formation (Quartzite, Chlorite Schist, River Terraces)"
41645,Brown Forest Soils (Dystric Eutrochrepts),65.0,NA,18.4,49.0,32.6,1.28,moderate,"Garhwal Group / Kausani Formation (Quartzite, Chlorite Schist, River Terraces)"
41581,Brown Forest Soils (Dystric Eutrochrepts),65.0,NA,18.4,49.0,32.6,1.28,moderate,"Garhwal Group / Kausani Formation (Quartzite, Chlorite Schist, River Terraces)"
41608,Brown Forest Soils (Dystric Eutrochrepts),65.0,NA,18.4,49.0,32.6,1.28,moderate,"Garhwal Group / Kausani Formation (Quartzite, Chlorite Schist, River Terraces)"
41606,Brown Forest Soils (Dystric Eutrochrepts),65.0,NA,18.4,49.0,32.6,1.28,moderate,"Garhwal Group / Kausani Formation (Quartzite, Chlorite Schist, River Terraces)"
41796,Brown Forest Soils (Dystric Eutrochrepts),65.0,NA,18.4,49.0,32.6,1.28,moderate,Higher Himalayan Crystallines / Vaikrita Group (Mica Schist and Gneiss)
41789,Brown Forest Soils (Dystric Eutrochrepts),65.0,NA,18.4,49.0,32.6,1.28,moderate,"Garhwal Group / Kausani Formation (Quartzite, Chlorite Schist, River Terraces)"
41505,Brown Forest Soils (Dystric Eutrochrepts),65.0,NA,18.4,49.0,32.6,1.28,moderate,"Garhwal Group / Kausani Formation (Quartzite, Chlorite Schist, River Terraces)"
41670,Sub-montane Meadow and Fluvial Terrace Soils (Udifluvents),110.0,NA,22.5,36.0,41.5,0.92,moderately rapid,"Garhwal Group / Kausani Formation (Quartzite, Chlorite Schist, River Terraces)"
41749,Brown Forest Soils (Dystric Eutrochrepts),65.0,NA,18.4,49.0,32.6,1.28,moderate,"Garhwal Group / Kausani Formation (Quartzite, Chlorite Schist, River Terraces)"
41665,Sub-montane Meadow and Fluvial Terrace Soils (Udifluvents),110.0,NA,22.5,36.0,41.5,0.92,moderately rapid,"Garhwal Group / Kausani Formation (Quartzite, Chlorite Schist, River Terraces)"
41568,Sub-montane Meadow and Fluvial Terrace Soils (Udifluvents),110.0,NA,22.5,36.0,41.5,0.92,moderately rapid,"Garhwal Group / Kausani Formation (Quartzite, Chlorite Schist, River Terraces)"
41583,Brown Forest Soils (Dystric Eutrochrepts),65.0,NA,18.4,49.0,32.6,1.28,moderate,"Garhwal Group / Kausani Formation (Quartzite, Chlorite Schist, River Terraces)"
41585,Brown Forest Soils (Dystric Eutrochrepts),65.0,NA,18.4,49.0,32.6,1.28,moderate,"Garhwal Group / Kausani Formation (Quartzite, Chlorite Schist, River Terraces)"
41791,Brown Forest Soils (Dystric Eutrochrepts),65.0,NA,18.4,49.0,32.6,1.28,moderate,"Garhwal Group / Kausani Formation (Quartzite, Chlorite Schist, River Terraces)"
41575,Brown Forest Soils (Dystric Eutrochrepts),65.0,NA,18.4,49.0,32.6,1.28,moderate,"Garhwal Group / Kausani Formation (Quartzite, Chlorite Schist, River Terraces)"
41562,Brown Forest Soils (Dystric Eutrochrepts),65.0,NA,18.4,49.0,32.6,1.28,moderate,"Garhwal Group / Kausani Formation (Quartzite, Chlorite Schist, River Terraces)"
41690,Brown Forest Soils (Dystric Eutrochrepts),65.0,NA,18.4,49.0,32.6,1.28,moderate,"Garhwal Group / Kausani Formation (Quartzite, Chlorite Schist, River Terraces)"
41620,Sub-montane Meadow and Fluvial Terrace Soils (Udifluvents),110.0,NA,22.5,36.0,41.5,0.92,moderately rapid,"Garhwal Group / Kausani Formation (Quartzite, Chlorite Schist, River Terraces)"
41795,Brown Forest Soils (Dystric Eutrochrepts),65.0,NA,18.4,49.0,32.6,1.28,moderate,Higher Himalayan Crystallines / Vaikrita Group (Mica Schist and Gneiss)
41748,Sub-montane Meadow and Fluvial Terrace Soils (Udifluvents),110.0,NA,22.5,36.0,41.5,0.92,moderately rapid,"Garhwal Group / Kausani Formation (Quartzite, Chlorite Schist, River Terraces)"
41510,Brown Forest Soils (Dystric Eutrochrepts),65.0,NA,18.4,49.0,32.6,1.28,moderate,"Garhwal Group / Kausani Formation (Quartzite, Chlorite Schist, River Terraces)"
41767,Brown Forest Soils (Dystric Eutrochrepts),65.0,NA,18.4,49.0,32.6,1.28,moderate,"Garhwal Group / Kausani Formation (Quartzite, Chlorite Schist, River Terraces)"
41782,Brown Forest Soils (Dystric Eutrochrepts),65.0,NA,18.4,49.0,32.6,1.28,moderate,Higher Himalayan Crystallines / Vaikrita Group (Mica Schist and Gneiss)
41611,Brown Forest Soils (Dystric Eutrochrepts),65.0,NA,18.4,49.0,32.6,1.28,moderate,"Garhwal Group / Kausani Formation (Quartzite, Chlorite Schist, River Terraces)"
41797,Brown Forest Soils (Dystric Eutrochrepts),65.0,NA,18.4,49.0,32.6,1.28,moderate,Higher Himalayan Crystallines / Vaikrita Group (Mica Schist and Gneiss)
41757,Brown Forest Soils (Dystric Eutrochrepts),65.0,NA,18.4,49.0,32.6,1.28,moderate,"Garhwal Group / Kausani Formation (Quartzite, Chlorite Schist, River Terraces)"
41648,Brown Forest Soils (Dystric Eutrochrepts),65.0,NA,18.4,49.0,32.6,1.28,moderate,"Garhwal Group / Kausani Formation (Quartzite, Chlorite Schist, River Terraces)"
41793,Brown Forest Soils (Dystric Eutrochrepts),65.0,NA,18.4,49.0,32.6,1.28,moderate,"Garhwal Group / Kausani Formation (Quartzite, Chlorite Schist, River Terraces)"
41512,Brown Forest Soils (Dystric Eutrochrepts),65.0,NA,18.4,49.0,32.6,1.28,moderate,"Garhwal Group / Kausani Formation (Quartzite, Chlorite Schist, River Terraces)"
41641,Brown Forest Soils (Dystric Eutrochrepts),65.0,NA,18.4,49.0,32.6,1.28,moderate,"Garhwal Group / Kausani Formation (Quartzite, Chlorite Schist, River Terraces)"
41812,Brown Forest Soils (Dystric Eutrochrepts),65.0,NA,18.4,49.0,32.6,1.28,moderate,Higher Himalayan Crystallines / Vaikrita Group (Mica Schist and Gneiss)
41541,Brown Forest Soils (Dystric Eutrochrepts),65.0,NA,18.4,49.0,32.6,1.28,moderate,"Garhwal Group / Kausani Formation (Quartzite, Chlorite Schist, River Terraces)"
41683,Brown Forest Soils (Dystric Eutrochrepts),65.0,NA,18.4,49.0,32.6,1.28,moderate,"Garhwal Group / Kausani Formation (Quartzite, Chlorite Schist, River Terraces)"
41578,Brown Forest Soils (Dystric Eutrochrepts),65.0,NA,18.4,49.0,32.6,1.28,moderate,"Garhwal Group / Kausani Formation (Quartzite, Chlorite Schist, River Terraces)"
41637,Brown Forest Soils (Dystric Eutrochrepts),65.0,NA,18.4,49.0,32.6,1.28,moderate,"Garhwal Group / Kausani Formation (Quartzite, Chlorite Schist, River Terraces)"
41678,Brown Forest Soils (Dystric Eutrochrepts),65.0,NA,18.4,49.0,32.6,1.28,moderate,"Garhwal Group / Kausani Formation (Quartzite, Chlorite Schist, River Terraces)"
41691,Brown Forest Soils (Dystric Eutrochrepts),65.0,NA,18.4,49.0,32.6,1.28,moderate,"Garhwal Group / Kausani Formation (Quartzite, Chlorite Schist, River Terraces)"
41694,Brown Forest Soils (Dystric Eutrochrepts),65.0,NA,18.4,49.0,32.6,1.28,moderate,"Garhwal Group / Kausani Formation (Quartzite, Chlorite Schist, River Terraces)"
41656,Mountain Meadow Soils (Typic Cryorthents),35.0,NA,12.2,61.0,26.8,2.15,moderately rapid,"Garhwal Group / Kausani Formation (Quartzite, Chlorite Schist, River Terraces)"
41503,Brown Forest Soils (Dystric Eutrochrepts),65.0,NA,18.4,49.0,32.6,1.28,moderate,"Garhwal Group / Kausani Formation (Quartzite, Chlorite Schist, River Terraces)"
41642,Brown Forest Soils (Dystric Eutrochrepts),65.0,NA,18.4,49.0,32.6,1.28,moderate,"Garhwal Group / Kausani Formation (Quartzite, Chlorite Schist, River Terraces)"
41610,Brown Forest Soils (Dystric Eutrochrepts),65.0,NA,18.4,49.0,32.6,1.28,moderate,"Garhwal Group / Kausani Formation (Quartzite, Chlorite Schist, River Terraces)"
41649,Brown Forest Soils (Dystric Eutrochrepts),65.0,NA,18.4,49.0,32.6,1.28,moderate,"Garhwal Group / Kausani Formation (Quartzite, Chlorite Schist, River Terraces)"
41763,Brown Forest Soils (Dystric Eutrochrepts),65.0,NA,18.4,49.0,32.6,1.28,moderate,"Garhwal Group / Kausani Formation (Quartzite, Chlorite Schist, River Terraces)"
41747,Brown Forest Soils (Dystric Eutrochrepts),65.0,NA,18.4,49.0,32.6,1.28,moderate,"Garhwal Group / Kausani Formation (Quartzite, Chlorite Schist, River Terraces)"
41557,Brown Forest Soils (Dystric Eutrochrepts),65.0,NA,18.4,49.0,32.6,1.28,moderate,"Garhwal Group / Kausani Formation (Quartzite, Chlorite Schist, River Terraces)"
41622,Brown Forest Soils (Dystric Eutrochrepts),65.0,NA,18.4,49.0,32.6,1.28,moderate,"Garhwal Group / Kausani Formation (Quartzite, Chlorite Schist, River Terraces)"
41732,Brown Forest Soils (Dystric Eutrochrepts),65.0,NA,18.4,49.0,32.6,1.28,moderate,"Garhwal Group / Kausani Formation (Quartzite, Chlorite Schist, River Terraces)"
41669,Brown Forest Soils (Dystric Eutrochrepts),65.0,NA,18.4,49.0,32.6,1.28,moderate,"Garhwal Group / Kausani Formation (Quartzite, Chlorite Schist, River Terraces)"
41754,Sub-montane Meadow and Fluvial Terrace Soils (Udifluvents),110.0,NA,22.5,36.0,41.5,0.92,moderately rapid,"Garhwal Group / Kausani Formation (Quartzite, Chlorite Schist, River Terraces)"
41533,Brown Forest Soils (Dystric Eutrochrepts),65.0,NA,18.4,49.0,32.6,1.28,moderate,"Garhwal Group / Kausani Formation (Quartzite, Chlorite Schist, River Terraces)"
41707,Sub-montane Meadow and Fluvial Terrace Soils (Udifluvents),110.0,NA,22.5,36.0,41.5,0.92,moderately rapid,"Garhwal Group / Kausani Formation (Quartzite, Chlorite Schist, River Terraces)"
41653,Brown Forest Soils (Dystric Eutrochrepts),65.0,NA,18.4,49.0,32.6,1.28,moderate,"Garhwal Group / Kausani Formation (Quartzite, Chlorite Schist, River Terraces)"
41718,Sub-montane Meadow and Fluvial Terrace Soils (Udifluvents),110.0,NA,22.5,36.0,41.5,0.92,moderately rapid,"Garhwal Group / Kausani Formation (Quartzite, Chlorite Schist, River Terraces)"
41717,Brown Forest Soils (Dystric Eutrochrepts),65.0,NA,18.4,49.0,32.6,1.28,moderate,"Garhwal Group / Kausani Formation (Quartzite, Chlorite Schist, River Terraces)"
41761,Brown Forest Soils (Dystric Eutrochrepts),65.0,NA,18.4,49.0,32.6,1.28,moderate,"Garhwal Group / Kausani Formation (Quartzite, Chlorite Schist, River Terraces)"
41511,Brown Forest Soils (Dystric Eutrochrepts),65.0,NA,18.4,49.0,32.6,1.28,moderate,"Garhwal Group / Kausani Formation (Quartzite, Chlorite Schist, River Terraces)"
41701,Sub-montane Meadow and Fluvial Terrace Soils (Udifluvents),110.0,NA,22.5,36.0,41.5,0.92,moderately rapid,"Garhwal Group / Kausani Formation (Quartzite, Chlorite Schist, River Terraces)"
41758,Brown Forest Soils (Dystric Eutrochrepts),65.0,NA,18.4,49.0,32.6,1.28,moderate,"Garhwal Group / Kausani Formation (Quartzite, Chlorite Schist, River Terraces)"
41786,Brown Forest Soils (Dystric Eutrochrepts),65.0,NA,18.4,49.0,32.6,1.28,moderate,Higher Himalayan Crystallines / Vaikrita Group (Mica Schist and Gneiss)
41673,Brown Forest Soils (Dystric Eutrochrepts),65.0,NA,18.4,49.0,32.6,1.28,moderate,"Garhwal Group / Kausani Formation (Quartzite, Chlorite Schist, River Terraces)"
41497,Brown Forest Soils (Dystric Eutrochrepts),65.0,NA,18.4,49.0,32.6,1.28,moderate,"Garhwal Group / Kausani Formation (Quartzite, Chlorite Schist, River Terraces)"
41671,Sub-montane Meadow and Fluvial Terrace Soils (Udifluvents),110.0,NA,22.5,36.0,41.5,0.92,moderately rapid,"Garhwal Group / Kausani Formation (Quartzite, Chlorite Schist, River Terraces)"
41715,Brown Forest Soils (Dystric Eutrochrepts),65.0,NA,18.4,49.0,32.6,1.28,moderate,"Garhwal Group / Kausani Formation (Quartzite, Chlorite Schist, River Terraces)"
41601,Sub-montane Meadow and Fluvial Terrace Soils (Udifluvents),110.0,NA,22.5,36.0,41.5,0.92,moderately rapid,"Garhwal Group / Kausani Formation (Quartzite, Chlorite Schist, River Terraces)"
41547,Brown Forest Soils (Dystric Eutrochrepts),65.0,NA,18.4,49.0,32.6,1.28,moderate,"Garhwal Group / Kausani Formation (Quartzite, Chlorite Schist, River Terraces)"
41577,Brown Forest Soils (Dystric Eutrochrepts),65.0,NA,18.4,49.0,32.6,1.28,moderate,"Garhwal Group / Kausani Formation (Quartzite, Chlorite Schist, River Terraces)"
41628,Brown Forest Soils (Dystric Eutrochrepts),65.0,NA,18.4,49.0,32.6,1.28,moderate,"Garhwal Group / Kausani Formation (Quartzite, Chlorite Schist, River Terraces)"
41629,Brown Forest Soils (Dystric Eutrochrepts),65.0,NA,18.4,49.0,32.6,1.28,moderate,"Garhwal Group / Kausani Formation (Quartzite, Chlorite Schist, River Terraces)"
41616,Sub-montane Meadow and Fluvial Terrace Soils (Udifluvents),110.0,NA,22.5,36.0,41.5,0.92,moderately rapid,"Garhwal Group / Kausani Formation (Quartzite, Chlorite Schist, River Terraces)"
41785,Sub-montane Meadow and Fluvial Terrace Soils (Udifluvents),110.0,NA,22.5,36.0,41.5,0.92,moderately rapid,"Garhwal Group / Kausani Formation (Quartzite, Chlorite Schist, River Terraces)"
41788,Brown Forest Soils (Dystric Eutrochrepts),65.0,NA,18.4,49.0,32.6,1.28,moderate,"Garhwal Group / Kausani Formation (Quartzite, Chlorite Schist, River Terraces)"
41729,Brown Forest Soils (Dystric Eutrochrepts),65.0,NA,18.4,49.0,32.6,1.28,moderate,"Garhwal Group / Kausani Formation (Quartzite, Chlorite Schist, River Terraces)"
41726,Brown Forest Soils (Dystric Eutrochrepts),65.0,NA,18.4,49.0,32.6,1.28,moderate,"Garhwal Group / Kausani Formation (Quartzite, Chlorite Schist, River Terraces)"
41731,Brown Forest Soils (Dystric Eutrochrepts),65.0,NA,18.4,49.0,32.6,1.28,moderate,"Garhwal Group / Kausani Formation (Quartzite, Chlorite Schist, River Terraces)"
41566,Sub-montane Meadow and Fluvial Terrace Soils (Udifluvents),110.0,NA,22.5,36.0,41.5,0.92,moderately rapid,"Garhwal Group / Kausani Formation (Quartzite, Chlorite Schist, River Terraces)"
41725,Brown Forest Soils (Dystric Eutrochrepts),65.0,NA,18.4,49.0,32.6,1.28,moderate,"Garhwal Group / Kausani Formation (Quartzite, Chlorite Schist, River Terraces)"
41689,Brown Forest Soils (Dystric Eutrochrepts),65.0,NA,18.4,49.0,32.6,1.28,moderate,"Garhwal Group / Kausani Formation (Quartzite, Chlorite Schist, River Terraces)"
41693,Sub-montane Meadow and Fluvial Terrace Soils (Udifluvents),110.0,NA,22.5,36.0,41.5,0.92,moderately rapid,"Garhwal Group / Kausani Formation (Quartzite, Chlorite Schist, River Terraces)"
41556,Brown Forest Soils (Dystric Eutrochrepts),65.0,NA,18.4,49.0,32.6,1.28,moderate,"Garhwal Group / Kausani Formation (Quartzite, Chlorite Schist, River Terraces)"
41632,Brown Forest Soils (Dystric Eutrochrepts),65.0,NA,18.4,49.0,32.6,1.28,moderate,"Garhwal Group / Kausani Formation (Quartzite, Chlorite Schist, River Terraces)"
41657,Mountain Meadow Soils (Typic Cryorthents),35.0,NA,12.2,61.0,26.8,2.15,moderately rapid,"Garhwal Group / Kausani Formation (Quartzite, Chlorite Schist, River Terraces)"
41813,Mountain Meadow Soils (Typic Cryorthents),35.0,NA,12.2,61.0,26.8,2.15,moderately rapid,Higher Himalayan Crystallines / Vaikrita Group (Mica Schist and Gneiss)
41735,Brown Forest Soils (Dystric Eutrochrepts),65.0,NA,18.4,49.0,32.6,1.28,moderate,"Garhwal Group / Kausani Formation (Quartzite, Chlorite Schist, River Terraces)"
41698,Brown Forest Soils (Dystric Eutrochrepts),65.0,NA,18.4,49.0,32.6,1.28,moderate,"Garhwal Group / Kausani Formation (Quartzite, Chlorite Schist, River Terraces)"
41519,Brown Forest Soils (Dystric Eutrochrepts),65.0,NA,18.4,49.0,32.6,1.28,moderate,"Garhwal Group / Kausani Formation (Quartzite, Chlorite Schist, River Terraces)"
41722,Brown Forest Soils (Dystric Eutrochrepts),65.0,NA,18.4,49.0,32.6,1.28,moderate,"Garhwal Group / Kausani Formation (Quartzite, Chlorite Schist, River Terraces)"
41655,Brown Forest Soils (Dystric Eutrochrepts),65.0,NA,18.4,49.0,32.6,1.28,moderate,"Garhwal Group / Kausani Formation (Quartzite, Chlorite Schist, River Terraces)"
41613,Brown Forest Soils (Dystric Eutrochrepts),65.0,NA,18.4,49.0,32.6,1.28,moderate,"Garhwal Group / Kausani Formation (Quartzite, Chlorite Schist, River Terraces)"
41807,Brown Forest Soils (Dystric Eutrochrepts),65.0,NA,18.4,49.0,32.6,1.28,moderate,Higher Himalayan Crystallines / Vaikrita Group (Mica Schist and Gneiss)
41750,Sub-montane Meadow and Fluvial Terrace Soils (Udifluvents),110.0,NA,22.5,36.0,41.5,0.92,moderately rapid,"Garhwal Group / Kausani Formation (Quartzite, Chlorite Schist, River Terraces)"
41765,Brown Forest Soils (Dystric Eutrochrepts),65.0,NA,18.4,49.0,32.6,1.28,moderate,"Garhwal Group / Kausani Formation (Quartzite, Chlorite Schist, River Terraces)"
41811,Mountain Meadow Soils (Typic Cryorthents),35.0,NA,12.2,61.0,26.8,2.15,moderately rapid,Higher Himalayan Crystallines / Vaikrita Group (Mica Schist and Gneiss)
41774,Mountain Meadow Soils (Typic Cryorthents),35.0,NA,12.2,61.0,26.8,2.15,moderately rapid,Higher Himalayan Crystallines / Vaikrita Group (Mica Schist and Gneiss)
41773,Brown Forest Soils (Dystric Eutrochrepts),65.0,NA,18.4,49.0,32.6,1.28,moderate,Higher Himalayan Crystallines / Vaikrita Group (Mica Schist and Gneiss)
41727,Brown Forest Soils (Dystric Eutrochrepts),65.0,NA,18.4,49.0,32.6,1.28,moderate,"Garhwal Group / Kausani Formation (Quartzite, Chlorite Schist, River Terraces)"
