habitation_id,latitude,longitude,elevation_m,slope_degree,aspect_degree,curvature,roughness,flow_accumulation,drainage_density,distance_to_river_km,distance_to_stream_km,topographic_wetness_index,relative_relief
41118,30.225085,79.46562,2037.0,25.2807,135.21,-1.264,14.724,1813,2.029,0.591,0.207,11.654,897.3
41084,30.28859,79.53138,1909.0,28.2162,147.95,-1.269,16.732,162,2.201,2.123,0.743,9.111,993.6
41009,30.364279,79.295844,1038.0,39.9033,247.72,1.4,26.287,143,3.027,2.343,0.82,8.543,1354.8
40991,30.396439,79.36274,1363.0,27.7384,102.21,-0.573,15.905,1848,2.994,0.568,0.199,11.566,952.2
40962,30.426365,79.43681,1628.0,4.7445,53.13,0.228,2.493,763,2.88,1.291,0.452,12.527,166.9
40909,30.482786,79.284954,2103.0,22.8165,325.45,-1.066,12.975,20,3.216,11.834,4.142,7.263,808.6
40986,30.396496,79.305391,1166.0,49.3664,262.9,0.605,35.279,123,3.099,2.667,0.933,8.06,1554.5
41008,30.370697,79.291041,1457.0,22.6798,256.05,0.531,12.625,109,3.054,2.951,1.033,8.965,787.5
40922,30.432806,79.286709,1442.0,10.7817,314.15,-0.539,5.754,39,3.19,6.827,2.389,8.723,382.2
41039,30.330647,79.379785,2116.0,31.2206,128.33,-1.519,19.204,142,2.752,2.363,0.827,8.858,1099.7
41093,30.249906,79.623364,2958.0,34.5478,85.1,0.294,20.7,131,1.801,2.529,0.885,8.65,1147.5
40926,30.41973,79.274365,2122.0,10.3029,300.53,-0.451,5.481,41,3.188,6.598,2.309,8.82,364.2
41047,30.300523,79.378703,1271.0,25.1862,145.91,-1.169,14.582,4188,2.626,0.078,0.078,12.496,890.9
40924,30.424289,79.290452,1505.0,20.7717,310.56,-1.026,11.675,47,3.173,5.856,2.05,8.221,738.4
41122,30.210701,79.468179,2061.0,15.7371,140.87,-0.77,8.578,573,1.94,1.418,0.496,11.019,559.2
41104,30.26622,79.407593,1447.0,32.1446,128.89,-1.571,19.981,1540,2.394,0.773,0.271,11.205,1131.0
40974,30.360882,79.439668,2093.0,41.7486,98.63,-0.619,27.03,1744,2.721,0.637,0.223,10.979,1364.7
41026,30.345242,79.362761,1652.0,26.9169,120.11,-1.168,15.742,144,2.843,2.331,0.816,9.049,947.7
40963,30.416415,79.421942,1235.0,8.5469,57.88,0.385,4.525,1662,2.9,0.692,0.242,12.712,301.8
40941,30.410442,79.386346,1189.0,34.7453,105.5,-0.895,21.221,510,2.972,1.46,0.511,10.001,1180.7
40989,30.392135,79.329361,1441.0,21.6564,188.64,0.322,11.943,1252,3.048,0.965,0.338,11.457,747.6
40934,30.455374,79.41763,1325.0,15.053,76.71,0.337,8.091,147,2.954,2.302,0.806,9.705,526.4
40919,30.437509,79.29899,1801.0,24.6518,324.42,-1.167,14.229,40,3.177,6.68,2.338,7.869,873.1
41082,30.266766,79.523247,2671.0,49.4775,151.58,-2.071,38.678,1410,2.113,0.86,0.301,10.496,1646.2
41121,30.220217,79.478006,2373.0,17.7791,136.54,-0.888,9.808,4496,1.971,0.001,0.001,12.95,632.4
41033,30.318705,79.343649,1226.0,14.7472,148.47,-0.657,7.982,1084,2.778,1.077,0.377,11.724,522.5
41017,30.349475,79.355277,1848.0,31.529,185.42,0.296,18.445,160,2.873,2.145,0.751,8.965,1058.2
41114,30.233995,79.452098,1727.0,18.217,132.67,-0.908,10.075,1228,2.113,0.981,0.343,11.626,647.9
40965,30.406012,79.444676,1863.0,25.4025,67.0,0.914,14.541,100,2.826,3.167,1.108,8.751,889.3
41099,30.272425,79.433817,1310.0,22.032,114.86,-0.84,12.353,873,2.363,1.218,0.426,11.078,775.5
40971,30.40131,79.405118,1516.0,31.4503,75.0,0.786,18.629,4500,2.911,0.0,0.0,12.305,1076.3
40996,30.38597,79.308145,1358.0,24.8144,248.3,0.852,14.121,181,3.069,1.936,0.678,9.371,868.0
41085,30.299724,79.546597,2463.0,28.4518,144.84,-1.339,16.969,110,2.217,2.924,1.023,8.714,1003.9
41044,30.308204,79.380001,1333.0,16.7358,140.42,-0.822,9.172,1777,2.658,0.615,0.215,12.086,594.9
40937,30.439503,79.423056,915.0,43.4297,89.0,0.076,28.403,1663,2.929,0.691,0.242,10.872,1379.1
40959,30.41033,79.456131,1757.0,39.0722,59.32,1.715,26.086,78,2.806,3.888,1.361,7.966,1347.1
41066,30.284169,79.482878,2145.0,47.5343,138.15,-2.362,37.07,58,2.3,4.948,1.732,7.373,1614.8
41052,30.296679,79.395041,1651.0,6.4577,144.81,-0.304,3.403,1573,2.572,0.751,0.263,12.941,227.7
40966,30.402847,79.436691,2100.0,29.25,69.47,0.961,17.184,142,2.839,2.358,0.825,8.937,1014.8
40943,30.422183,79.379138,1313.0,31.4887,93.7,-0.203,18.395,111,3.007,2.903,1.016,8.601,1053.1
41022,30.334742,79.303618,981.0,21.5747,169.01,-0.404,11.911,1815,2.912,0.59,0.206,11.833,747.3
40940,30.407523,79.39903,1389.0,33.6504,108.78,-1.026,20.489,1467,2.938,0.822,0.288,11.099,1153.7
40918,30.435957,79.309407,1465.0,25.2402,333.2,-1.016,14.503,45,3.159,6.16,2.156,7.96,887.5
41021,30.342333,79.298323,1290.0,38.2686,174.78,-0.347,23.737,233,2.949,1.565,0.548,9.089,1255.9
40951,30.430234,79.340179,1667.0,22.4492,344.61,-0.574,12.497,61,3.098,4.766,1.668,8.396,781.3
40915,30.455284,79.290889,2063.0,49.0344,324.72,-2.312,38.897,29,3.204,8.796,3.079,6.627,1649.9
41112,30.249433,79.450654,1594.0,41.4311,128.29,-2.015,29.041,4496,2.202,0.001,0.001,11.937,1430.1
41071,30.270391,79.455758,1816.0,29.2194,151.86,-1.215,17.388,153,2.299,2.218,0.776,9.013,1023.8
41024,30.339232,79.335911,1340.0,24.4661,143.44,-1.171,14.111,4500,2.874,0.0,0.0,12.6,867.1
41079,30.291739,79.495807,2222.0,33.3693,147.14,-1.521,20.87,62,2.304,4.721,1.652,7.946,1167.0
40925,30.418719,79.284478,1582.0,14.6505,302.35,-0.662,7.928,48,3.173,5.788,2.026,8.614,519.2
41101,30.257139,79.432977,2017.0,37.3341,120.22,-1.624,24.344,3524,2.286,0.244,0.085,11.839,1291.7
41110,30.242255,79.422842,2137.0,17.881,134.52,-0.894,9.87,157,2.23,2.172,0.76,9.589,636.0
40967,30.410264,79.426889,1492.0,39.4845,65.95,1.469,26.016,555,2.877,1.43,0.5,9.914,1346.5
40947,30.425608,79.372149,1621.0,8.7687,90.72,-0.011,4.628,90,3.027,3.449,1.207,9.77,305.0
40979,30.364614,79.514985,2165.0,33.8047,94.83,-0.284,20.127,4500,2.545,0.0,0.0,12.214,1125.4
40994,30.382846,79.328255,1167.0,25.5399,194.81,0.631,14.477,4496,3.027,0.001,0.001,12.551,884.0
41126,30.485056,79.354767,3188.0,11.1794,17.23,0.316,5.944,28,3.096,8.911,3.119,8.355,392.7
40972,30.374354,79.428564,1441.0,22.6207,91.58,-0.062,12.502,2920,2.788,0.395,0.138,12.256,771.2
40964,30.413531,79.436062,1641.0,32.2094,61.73,1.344,19.734,168,2.861,2.058,0.72,8.987,1123.3
40927,30.412434,79.286141,1612.0,43.3592,297.83,-1.79,30.514,55,3.16,5.209,1.823,7.466,1471.5
41089,30.275347,79.573146,2028.0,31.6814,151.14,-1.339,19.327,3488,2.039,0.253,0.089,12.041,1106.6
41042,30.312098,79.364632,1454.0,33.6995,145.5,-1.573,21.209,3928,2.708,0.143,0.08,12.082,1179.5
40978,30.371148,79.487069,1503.0,12.0533,93.41,-0.072,6.407,807,2.634,1.262,0.442,11.639,418.8
40977,30.361342,79.489162,1603.0,21.6564,95.65,-0.212,11.925,3876,2.599,0.156,0.08,12.587,744.3
40917,30.444288,79.312463,1789.0,27.4961,340.4,-0.869,15.906,38,3.163,6.978,2.442,7.692,955.5
40997,30.38266,79.291015,1704.0,18.0333,258.02,0.366,9.8,94,3.087,3.339,1.169,9.067,628.2
41077,30.302991,79.510768,2214.0,31.8044,140.22,-1.564,19.709,63,2.319,4.665,1.633,8.022,1120.0
40993,30.388524,79.350054,2058.0,23.8926,127.78,-1.157,13.727,4312,3.0,0.047,0.047,12.585,847.5
41031,30.3297,79.343586,1573.0,41.6549,145.06,-1.956,29.128,3632,2.823,0.217,0.08,11.716,1433.3
41083,30.278695,79.527695,2110.0,24.8144,149.53,-1.085,14.273,236,2.162,1.55,0.542,9.636,875.8
40935,30.449127,79.425002,1111.0,52.1379,82.66,0.661,39.009,747,2.932,1.302,0.456,9.765,1620.7
40975,30.353903,79.456153,1709.0,18.476,100.07,-0.318,10.049,4500,2.657,0.0,0.0,12.909,641.9
41001,30.380034,79.340752,1515.0,18.4411,167.7,-0.384,10.04,1765,2.997,0.623,0.218,11.975,642.4
40938,30.429004,79.421271,983.0,46.5468,95.37,-0.434,31.814,4500,2.921,0.0,0.0,11.759,1477.1
41055,30.286135,79.394632,1389.0,58.5891,150.42,-2.515,56.362,4076,2.523,0.106,0.08,11.221,1650.0
41075,30.315593,79.531653,2663.0,45.838,132.71,-2.285,34.689,60,2.323,4.844,1.695,7.466,1565.9
40982,30.370794,79.576222,2087.0,16.3857,93.76,-0.107,8.824,4500,2.419,0.0,0.0,13.037,566.6
40939,30.420035,79.406983,1324.0,21.3646,99.41,-0.345,11.77,1525,2.941,0.783,0.274,11.67,738.7
41028,30.332537,79.340413,1501.0,33.044,144.23,-1.567,20.678,3644,2.84,0.214,0.08,12.032,1158.9
41060,30.281113,79.426403,1666.0,26.1043,145.96,-1.211,15.229,224,2.424,1.621,0.567,9.526,922.6
41087,30.286079,79.548705,2154.0,41.0679,149.51,-1.796,28.17,579,2.148,1.414,0.495,9.9,1408.3
41020,30.344078,79.312437,1007.0,25.1471,162.44,-0.723,14.266,3340,2.933,0.29,0.101,12.271,874.5
40958,30.423776,79.453252,2159.0,36.8818,52.08,1.788,24.242,124,2.836,2.642,0.925,8.509,1286.2
40942,30.417898,79.388659,1349.0,45.8964,100.03,-0.787,31.429,155,2.98,2.199,0.77,8.413,1481.4
41061,30.285448,79.431789,1989.0,27.204,144.38,-1.288,16.047,146,2.433,2.314,0.81,9.05,961.4
41049,30.303208,79.396074,1716.0,14.1888,139.68,-0.7,7.677,697,2.6,1.335,0.467,11.323,504.0
41010,30.352474,79.295737,1273.0,35.9297,240.79,1.53,22.977,167,2.989,2.065,0.723,8.841,1245.4
41094,30.241698,79.605306,2656.0,12.3612,88.9,0.024,6.575,90,1.792,3.439,1.204,9.419,428.6
40928,30.416146,79.306303,1180.0,10.6287,317.27,-0.53,5.669,70,3.136,4.251,1.488,9.323,376.7
40956,30.405191,79.371368,1628.0,34.0089,53.85,1.62,21.529,775,2.994,1.283,0.449,10.447,1191.1
40913,30.454643,79.274129,1504.0,31.124,312.36,-1.55,19.171,26,3.226,9.507,3.327,7.164,1097.9
41045,30.315711,79.392213,1629.0,23.3191,133.57,-1.165,13.364,169,2.663,2.05,0.717,9.373,828.6
41058,30.287575,79.419873,1847.0,29.1215,144.36,-1.379,17.489,203,2.472,1.755,0.614,9.299,1027.0
40985,30.396521,79.289882,1928.0,31.9921,265.04,0.276,18.776,75,3.123,4.009,1.403,8.189,1071.3
40914,30.444769,79.275989,1581.0,35.283,308.65,-1.721,22.745,30,3.217,8.505,2.977,7.148,1234.8
40949,30.419474,79.357609,1238.0,12.9724,88.8,0.027,6.911,100,3.048,3.166,1.108,9.474,449.4
41074,30.264106,79.454275,1437.0,31.2943,156.56,-1.142,18.821,235,2.27,1.556,0.545,9.359,1086.3
41072,30.268803,79.473534,2062.0,29.494,149.43,-1.292,17.663,103,2.247,3.094,1.083,8.606,1035.6
41106,30.254171,79.409754,1565.0,22.2948,132.33,-1.11,12.674,200,2.326,1.777,0.622,9.591,792.4
40945,30.440551,79.365353,1825.0,17.3131,71.08,0.531,9.417,55,3.06,5.224,1.828,8.574,607.8
40955,30.413291,79.376204,1091.0,16.4654,43.95,0.823,9.016,171,2.999,2.026,0.709,9.762,585.5
40921,30.438595,79.280718,1466.0,18.9711,314.07,-0.948,10.542,34,3.205,7.684,2.689,7.995,674.8
41116,30.228154,79.448458,1632.0,26.2061,136.42,-1.309,15.385,216,2.089,1.668,0.584,9.485,929.4
41120,30.217977,79.46556,2023.0,25.342,138.32,-1.259,14.76,1054,1.989,1.097,0.384,11.109,899.2
41068,30.280974,79.454132,1701.0,21.494,146.8,-0.985,12.097,102,2.356,3.11,1.088,8.958,761.7
41062,30.277866,79.434712,1744.0,33.0406,146.39,-1.523,20.613,201,2.388,1.77,0.619,9.135,1156.9
40998,30.378688,79.304067,1169.0,25.0249,243.59,0.997,14.349,173,3.057,2.007,0.702,9.316,879.8
41038,30.325724,79.367959,1903.0,38.0036,135.93,-1.899,25.467,963,2.758,1.158,0.405,10.518,1325.0
41117,30.235892,79.468195,2180.0,27.2314,131.9,-1.354,16.131,3032,2.084,0.367,0.128,12.082,964.7
40992,30.38439,79.356879,1974.0,21.77,127.15,-1.048,12.306,1843,2.976,0.571,0.2,11.838,772.9
41002,30.377201,79.346841,1560.0,27.3736,160.55,-0.859,15.817,1075,2.977,1.083,0.379,11.04,951.2
41063,30.283142,79.444294,1670.0,21.5252,143.64,-1.028,12.141,117,2.391,2.778,0.972,9.094,764.0
40969,30.402422,79.422467,1543.0,39.5175,72.5,1.133,25.527,725,2.872,1.316,0.461,10.18,1330.3
41065,30.299434,79.477159,2301.0,11.2271,134.35,-0.561,6.002,45,2.387,6.068,2.124,8.825,398.1
41029,30.320543,79.331649,1267.0,39.5686,152.81,-1.608,26.344,202,2.808,1.763,0.617,8.9,1355.9
40968,30.399391,79.430111,1898.0,37.3015,73.35,1.024,23.447,223,2.848,1.627,0.569,9.08,1261.7
41006,30.369041,79.322001,1353.0,34.2964,215.49,1.621,21.765,4500,2.999,0.0,0.0,12.196,1200.0
41003,30.372195,79.352393,1739.0,17.0742,159.15,-0.568,9.288,202,2.952,1.762,0.617,9.89,600.6
40933,30.461222,79.426953,990.0,24.9488,75.73,0.596,14.08,163,2.934,2.104,0.736,9.26,863.7
40920,30.446302,79.297745,1979.0,32.5484,330.14,-1.405,20.071,34,3.188,7.62,2.667,7.377,1136.5
40950,30.431207,79.356331,1428.0,17.0742,5.16,0.153,9.22,66,3.068,4.455,1.559,8.771,590.8
41051,30.296934,79.406682,1984.0,26.1357,139.35,-1.292,15.322,231,2.547,1.577,0.552,9.556,926.5
40908,30.46441,79.273342,1639.0,45.7124,311.66,-2.27,34.491,23,3.231,10.468,3.664,6.512,1561.7
41023,30.335108,79.313204,887.0,5.6434,162.51,-0.162,2.966,4500,2.898,0.0,0.0,14.128,197.9
41040,30.325831,79.391838,1955.0,22.5378,125.18,-1.061,12.795,115,2.706,2.819,0.987,9.026,799.1
40936,30.444747,79.418763,1548.0,31.0007,84.25,0.309,18.069,603,2.944,1.398,0.489,10.312,1042.8
41018,30.346993,79.344331,1776.0,27.289,197.87,0.797,15.721,912,2.886,1.192,0.417,10.879,946.2
41067,30.280084,79.4685,2249.0,15.3702,142.89,-0.74,8.359,80,2.316,3.807,1.332,9.075,545.8
40988,30.390027,79.316795,1048.0,36.9457,235.94,1.714,24.162,662,3.065,1.358,0.475,10.181,1284.5
40954,30.409512,79.362235,1035.0,37.3093,42.56,1.859,24.758,176,3.022,1.981,0.693,8.843,1302.4
41019,30.347358,79.330936,1271.0,37.0526,212.98,1.692,24.217,1228,2.913,0.981,0.343,10.795,1286.7
41013,30.353902,79.326316,1246.0,36.3427,212.57,1.649,23.524,1537,2.944,0.775,0.271,11.046,1263.4
41107,30.252152,79.402146,1479.0,25.0054,135.99,-1.25,14.529,141,2.332,2.377,0.832,9.113,887.7
41108,30.220464,79.41095,2403.0,39.0668,138.73,-1.937,26.538,60,2.136,4.835,1.692,7.704,1358.1
41105,30.26041,79.400586,1598.0,28.8568,133.18,-1.44,17.367,209,2.38,1.715,0.6,9.339,1020.8
41046,30.309474,79.393254,1322.0,27.5009,136.06,-1.374,16.338,222,2.634,1.632,0.571,9.457,974.3
41027,30.33835,79.361942,1384.0,6.4243,124.61,-0.3,3.386,206,2.82,1.733,0.607,10.913,226.5
40923,30.425859,79.303505,1362.0,34.1381,322.3,-1.652,21.684,53,3.156,5.328,1.865,7.76,1196.5
41070,30.270356,79.443301,1483.0,31.8479,153.85,-1.26,19.361,238,2.33,1.54,0.539,9.35,1108.5
40953,30.413125,79.357785,1078.0,31.7615,32.71,1.444,19.517,134,3.037,2.482,0.869,8.779,1113.6
41054,30.291957,79.398552,1599.0,13.6912,146.61,-0.629,7.38,1765,2.542,0.623,0.218,12.289,485.3
41014,30.359045,79.339726,1767.0,33.3606,195.64,0.866,20.119,184,2.936,1.91,0.668,9.034,1137.9
41073,30.263107,79.471585,1600.0,31.9959,152.03,-1.325,19.548,130,2.222,2.545,0.891,8.739,1115.9
41048,30.296665,79.381353,1290.0,20.1985,146.57,-0.929,11.273,3708,2.603,0.198,0.08,12.619,716.2
40957,30.442081,79.437184,1786.0,48.3187,40.56,2.387,38.192,4112,2.897,0.097,0.08,11.607,1636.3
41004,30.368388,79.344261,1748.0,24.721,174.72,-0.227,13.83,178,2.957,1.96,0.686,9.359,844.0
40976,30.364316,79.459669,1563.0,32.7474,96.39,-0.362,19.358,1107,2.682,1.062,0.372,10.852,1097.5
41076,30.304798,79.530192,2397.0,37.1019,136.43,-1.853,24.561,81,2.279,3.75,1.312,8.075,1295.9
40980,30.366758,79.538548,2112.0,19.9795,94.06,-0.141,10.912,4400,2.494,0.025,0.025,12.802,687.2
41050,30.31855,79.43328,2136.0,30.9406,123.26,-1.419,18.867,65,2.579,4.494,1.573,8.087,1086.7
41090,30.277693,79.609293,2617.0,34.7865,78.65,0.671,21.073,1866,1.973,0.556,0.195,11.297,1171.7
41012,30.359577,79.320362,1121.0,23.5786,220.41,1.164,13.53,4192,2.973,0.077,0.077,12.571,837.3
40981,30.378865,79.548289,2096.0,60.028,91.53,-0.16,52.054,900,2.506,1.2,0.42,9.653,1650.0
41032,30.324446,79.354279,1602.0,15.9417,139.19,-0.789,8.702,4060,2.781,0.11,0.08,12.963,566.7
41095,30.239259,79.586171,2645.0,21.6527,92.11,-0.08,11.912,82,1.819,3.732,1.306,8.732,740.3
41123,30.210543,79.485242,2169.0,15.9417,138.67,-0.791,8.702,781,1.897,1.279,0.448,11.315,566.7
41111,30.243701,79.437992,1713.0,27.0919,131.36,-1.344,16.024,874,2.201,1.217,0.426,10.845,959.8
40999,30.378711,79.316151,981.0,21.9098,227.04,1.093,12.421,1320,3.037,0.92,0.322,11.497,778.9
41037,30.312403,79.356538,1238.0,30.9503,145.15,-1.451,18.914,1681,2.726,0.679,0.238,11.34,1088.3
41015,30.353979,79.340715,1485.0,30.7322,196.89,0.854,18.158,211,2.917,1.699,0.595,9.273,1057.0
41035,30.310052,79.335403,1151.0,33.7998,156.56,-1.234,20.834,145,2.756,2.327,0.814,8.779,1167.5
41078,30.315538,79.513002,2542.0,45.0504,137.77,-2.242,33.618,54,2.369,5.292,1.852,7.388,1542.4
40990,30.393474,79.344392,1821.0,19.1014,119.39,-0.817,10.561,1617,3.023,0.722,0.253,11.85,675.9
41125,30.208476,79.458329,1730.0,43.2686,146.18,-2.001,30.937,146,1.952,2.314,0.81,8.445,1480.6
40952,30.415798,79.34864,1327.0,35.8687,16.72,0.988,22.214,106,3.06,3.003,1.051,8.389,1218.2
40983,30.398549,79.276979,2406.0,30.3596,266.43,0.189,17.588,54,3.145,5.253,1.839,7.925,1018.5
41000,30.377335,79.327969,1141.0,55.2012,200.12,1.783,46.471,3704,3.013,0.199,0.08,11.255,1650.0
41007,30.369904,79.305644,966.0,7.3986,240.98,0.314,3.905,234,3.029,1.559,0.546,10.898,260.8
40929,30.408495,79.304793,1161.0,15.9048,302.62,-0.722,8.659,85,3.125,3.628,1.27,9.099,563.9
41115,30.233355,79.435905,2015.0,26.9179,137.56,-1.341,15.902,148,2.149,2.288,0.801,9.076,954.0
41098,30.26629,79.427031,1645.0,43.1458,117.03,-1.747,30.188,3372,2.348,0.282,0.099,11.589,1463.3
41030,30.324358,79.340905,1307.0,29.007,146.8,-1.329,17.353,1467,2.806,0.822,0.288,11.282,1021.4
40961,30.420484,79.437721,1335.0,28.8988,55.23,1.354,17.302,196,2.869,1.812,0.634,9.274,1018.9
40973,30.373096,79.444721,1659.0,20.424,91.2,-0.043,11.172,1717,2.745,0.655,0.229,11.837,699.1
41113,30.24296,79.458747,1923.0,23.1754,128.65,-1.13,13.246,3884,2.146,0.154,0.08,12.514,822.7
41025,30.340647,79.348306,1796.0,21.7254,132.86,-1.083,12.299,1246,2.856,0.969,0.339,11.449,772.4
40960,30.416197,79.446905,1633.0,41.2891,57.11,1.883,28.586,116,2.839,2.787,0.975,8.285,1419.1
41086,30.292518,79.565278,2237.0,46.771,145.55,-2.182,35.51,159,2.14,2.147,0.751,8.408,1584.4
41041,30.316966,79.378742,1755.0,13.4124,135.59,-0.67,7.234,876,2.699,1.216,0.426,11.61,476.4
41005,30.366874,79.33485,1808.0,17.6666,191.67,0.35,9.584,832,2.97,1.245,0.436,11.269,615.5
41097,30.271777,79.412449,1241.0,23.2476,119.26,-0.991,13.2,4500,2.411,0.0,0.0,12.658,820.7
41036,30.312546,79.347686,1334.0,32.2961,149.57,-1.41,19.882,778,2.744,1.281,0.448,10.517,1128.9
41034,30.315837,79.333623,1277.0,23.1754,156.54,-0.846,13.071,174,2.785,1.996,0.699,9.409,813.7
40912,30.469165,79.281932,1631.0,20.729,322.2,-1.004,11.636,23,3.221,10.553,3.694,7.508,736.3
40930,30.406513,79.295401,1541.0,37.821,295.66,-1.476,24.524,73,3.136,4.105,1.437,7.945,1298.8
41069,30.273422,79.451937,1649.0,28.007,150.07,-1.211,16.531,147,2.324,2.292,0.802,9.023,984.7
41088,30.273372,79.5446,2097.0,35.6641,153.54,-1.423,22.592,4500,2.095,0.0,0.0,12.145,1232.4
40987,30.389757,79.302585,1513.0,23.9785,251.51,0.721,13.516,127,3.088,2.591,0.907,9.056,836.2
41064,30.290121,79.466751,1971.0,22.4492,137.78,-1.117,12.776,63,2.369,4.642,1.625,8.428,797.9
41043,30.304654,79.368221,1231.0,31.9408,146.16,-1.477,19.697,2584,2.667,0.479,0.168,11.731,1120.6
41092,30.27256,79.620301,2255.0,19.8611,80.7,0.317,10.864,4500,1.926,0.0,0.0,12.831,688.1
40946,30.429554,79.365591,1458.0,31.7396,81.29,0.475,18.661,74,3.047,4.04,1.414,8.186,1072.1
41124,30.200402,79.483853,2005.0,16.5123,141.37,-0.805,9.036,149,1.841,2.268,0.794,9.621,586.7
40931,30.477813,79.412365,1577.0,31.0726,62.63,1.269,18.791,67,2.971,4.412,1.544,8.112,1084.6
40984,30.385291,79.279971,1777.0,33.0692,252.62,0.943,19.963,67,3.109,4.423,1.548,8.035,1132.5
41059,30.279699,79.414447,1573.0,22.35,148.93,-0.988,12.632,1560,2.446,0.76,0.266,11.642,790.6
41091,30.274055,79.635346,2297.0,50.0171,78.41,0.984,36.63,514,1.905,1.457,0.51,9.467,1592.8
40995,30.384732,79.317824,984.0,22.9396,228.57,1.138,13.102,1177,3.05,1.015,0.355,11.332,815.0
41080,30.291539,79.515044,1919.0,31.7005,145.38,-1.482,19.52,90,2.255,3.44,1.204,8.383,1113.3
41100,30.260447,79.444563,1419.0,29.0002,115.62,-1.131,17.153,1663,2.275,0.691,0.242,11.408,1013.5
41081,30.280994,79.511709,1896.0,30.4594,149.22,-1.339,18.417,116,2.213,2.791,0.977,8.686,1068.2
41850,30.181974,79.20123,1375.0,20.9231,354.17,-0.211,11.482,41,2.229,6.674,2.336,8.076,720.3
41849,30.17895,79.195724,1372.0,27.7035,350.83,-0.436,15.827,37,2.213,7.15,2.502,7.656,946.0
41971,30.023563,79.318763,1924.0,30.4999,130.29,-1.504,18.644,15,1.211,14.819,5.187,6.639,1076.1
41973,30.021223,79.322202,1965.0,27.7035,132.29,-1.379,16.485,15,1.2,14.769,5.169,6.753,981.1
41835,30.194119,79.18856,1786.0,10.6058,337.61,-0.374,5.637,47,2.305,5.899,2.065,8.927,373.6
41959,30.002808,79.292606,1715.0,10.6287,159.04,-0.355,5.648,12,1.2,18.262,6.392,7.559,374.1
41919,30.03132,79.272754,1664.0,2.1495,225.2,0.107,1.126,13,1.317,17.134,5.997,9.249,75.3
42025,29.975573,79.414806,1307.0,11.4925,108.9,-0.352,6.118,18,1.2,13.158,4.605,7.885,404.1
42045,29.967629,79.43632,1650.0,32.4411,127.79,-1.571,20.211,18,1.2,13.167,4.608,6.745,1140.3
41988,29.978859,79.318943,1457.0,27.4374,174.3,-0.271,15.604,12,1.2,18.358,6.425,6.542,931.5
41964,29.978828,79.261292,1690.0,19.2418,193.73,0.444,10.523,9,1.2,22.623,7.918,6.651,670.8
41840,30.176474,79.174767,1295.0,17.949,335.24,-0.683,9.831,31,2.203,8.26,2.891,7.962,633.2
42018,29.998608,79.428678,1624.0,19.6428,92.07,-0.071,10.709,24,1.2,10.299,3.605,7.609,674.2
41841,30.161439,79.159013,2025.0,29.6282,328.65,-1.316,17.785,23,2.112,10.482,3.669,7.101,1040.8
41862,30.170931,79.22928,1748.0,43.8314,304.25,-2.039,31.653,37,2.147,7.138,2.498,7.053,1498.0
41942,30.038403,79.302973,1878.0,39.0559,93.78,-0.257,24.382,15,1.309,14.842,5.195,6.318,1273.1
41887,30.135846,79.249168,1455.0,43.0683,332.24,-1.775,30.17,29,1.919,8.865,3.103,6.836,1462.7
41877,30.142343,79.25513,1777.0,37.5041,326.93,-1.715,24.658,33,1.952,7.936,2.778,7.162,1301.2
41920,30.031867,79.281543,1561.0,22.279,200.14,0.72,12.449,13,1.308,16.608,5.813,6.858,780.1
41871,30.15519,79.228692,1227.0,37.8679,310.0,-1.865,25.275,30,2.053,8.482,2.969,7.054,1319.3
41999,29.948988,79.318573,1269.0,29.0191,193.1,0.641,16.812,10,1.2,20.757,7.265,6.293,995.1
41980,29.998233,79.343854,1555.0,34.3174,144.03,-1.631,21.797,15,1.2,15.111,5.289,6.491,1201.1
41824,30.215437,79.154888,2570.0,31.3708,321.9,-1.523,19.323,51,2.431,5.515,1.93,7.828,1104.6
41961,29.998345,79.277191,1605.0,13.913,179.11,-0.022,7.432,11,1.2,19.952,6.983,7.195,481.3
41966,29.971051,79.271223,1728.0,16.555,187.34,0.21,8.928,9,1.2,22.252,7.788,6.812,574.7
41987,29.980937,79.32326,1332.0,21.5082,169.94,-0.37,11.863,12,1.2,17.897,6.264,6.817,744.1
41979,29.999725,79.32968,1936.0,24.0315,149.34,-1.054,13.743,14,1.2,15.964,5.587,6.848,848.8
41820,30.210172,79.107906,2774.0,38.2091,307.95,-1.853,25.562,31,2.38,8.305,2.907,7.074,1328.8
41998,29.953882,79.325905,1250.0,30.4277,187.47,0.392,17.688,11,1.2,19.865,6.953,6.331,1028.8
41855,30.145712,79.207054,1499.0,35.9871,352.69,-0.454,21.898,24,2.009,10.415,3.645,6.899,1196.5
41856,30.137756,79.198254,1467.0,15.4041,348.03,-0.313,8.286,21,1.965,11.495,4.023,7.735,537.9
41907,30.059553,79.236086,2007.0,16.4159,294.27,-0.615,8.922,13,1.497,16.492,5.772,7.188,579.1
41955,29.998015,79.237719,1936.0,22.0024,209.12,0.935,12.384,9,1.204,22.119,7.742,6.505,777.3
42007,29.933832,79.313817,1341.0,28.4518,135.77,-1.422,17.058,9,1.2,22.288,7.801,6.211,1007.0
41888,30.127406,79.24433,1489.0,16.1803,328.26,-0.724,8.818,25,1.874,9.891,3.462,7.857,573.5
41890,30.074137,79.203452,2654.0,47.425,282.5,-1.002,33.463,13,1.597,17.012,5.954,5.881,1531.8
41883,30.115573,79.252895,1905.0,33.0103,325.54,-1.54,20.613,24,1.796,10.373,3.631,7.011,1156.7
41945,30.028039,79.29585,1478.0,31.869,124.18,-1.481,19.647,14,1.269,16.188,5.666,6.516,1118.5
41958,30.008602,79.288028,1757.0,19.364,162.03,-0.568,10.628,12,1.2,18.414,6.445,6.932,678.2
41917,30.049926,79.277516,1587.0,29.7217,290.3,-0.967,17.523,15,1.403,15.151,5.303,6.67,1029.9
41848,30.170544,79.194852,1408.0,24.4007,347.76,-0.506,13.696,32,2.163,8.063,2.822,7.657,843.0
42046,29.962712,79.445548,1883.0,41.2016,128.8,-2.012,28.8,17,1.2,13.313,4.66,6.367,1423.4
42021,29.987582,79.439535,1455.0,28.8988,97.37,-0.368,16.616,22,1.2,11.006,3.852,7.086,980.8
42024,29.981243,79.417512,1221.0,23.7145,105.57,-0.613,13.301,19,1.2,12.478,4.367,7.168,824.1
42019,30.001654,79.448294,1927.0,38.0036,90.03,-0.002,23.442,27,1.2,9.231,3.231,6.944,1231.5
42041,29.95049,79.405696,1130.0,11.7527,134.37,-0.587,6.295,14,1.2,16.072,5.625,7.61,416.9
41868,30.167181,79.217763,1182.0,38.6388,305.03,-1.816,25.884,33,2.132,7.84,2.744,7.122,1339.5
41939,30.047617,79.301922,1752.0,28.6513,70.2,0.913,16.73,16,1.356,14.044,4.915,6.778,994.0
41985,29.996164,79.314442,1484.0,13.913,167.39,-0.296,7.448,13,1.2,17.292,6.052,7.362,486.6
42028,29.962625,79.385587,1913.0,17.145,122.61,-0.778,9.394,14,1.2,15.616,5.466,7.216,607.9
42034,29.944951,79.366048,1539.0,15.9644,139.68,-0.788,8.714,12,1.2,18.244,6.385,7.138,567.4
41884,30.115121,79.240926,1577.0,13.9682,318.04,-0.694,7.551,22,1.804,11.158,3.905,7.884,496.2
41997,29.963142,79.325808,1553.0,28.3257,184.19,0.206,16.188,11,1.2,19.136,6.698,6.417,956.8
41873,30.152266,79.245621,1993.0,39.691,319.42,-1.961,27.187,34,2.021,7.677,2.687,7.114,1377.5
41918,30.042072,79.277163,1660.0,20.7955,222.69,1.036,11.695,14,1.364,15.898,5.564,7.008,739.5
41900,30.07541,79.25762,1801.0,33.6835,323.63,-1.608,21.248,17,1.562,13.865,4.853,6.64,1180.6
41899,30.076198,79.273674,1790.0,15.6735,350.42,-0.257,8.432,18,1.548,12.923,4.523,7.562,545.9
41976,30.008462,79.328646,1972.0,29.25,141.49,-1.425,17.633,15,1.2,15.341,5.369,6.689,1032.9
42031,29.962596,79.357135,1246.0,45.9098,134.57,-2.295,34.808,13,1.2,17.072,5.975,5.934,1568.4
41937,30.056608,79.295437,1738.0,26.9836,38.83,1.318,15.924,17,1.413,13.561,4.746,6.909,955.3
41930,30.068322,79.316521,2356.0,26.293,28.36,1.099,15.263,21,1.441,11.334,3.967,7.151,924.9
41924,30.053713,79.286399,1594.0,20.9095,88.88,0.041,11.462,16,1.411,14.319,5.012,7.136,715.0
41954,30.014304,79.252212,2113.0,21.9149,206.9,0.884,12.303,11,1.261,19.824,6.938,6.71,772.9
41904,30.047198,79.196251,2513.0,34.2344,277.08,-0.419,20.504,11,1.457,19.773,6.921,6.184,1144.0
42044,29.963392,79.423774,1466.0,14.8298,130.06,-0.73,8.048,16,1.2,14.084,4.929,7.503,526.8
41822,30.215348,79.131179,2354.0,41.0081,315.01,-2.05,28.696,40,2.423,6.675,2.336,7.23,1419.9
41842,30.171623,79.177927,1293.0,21.9098,336.99,-0.788,12.252,30,2.173,8.577,3.002,7.713,769.8
42010,29.93495,79.322749,1192.0,20.5105,134.62,-1.025,11.514,10,1.2,21.586,7.555,6.687,729.5
42011,29.933859,79.319471,1296.0,26.1607,137.23,-1.304,15.35,9,1.2,21.898,7.664,6.309,927.8
41932,30.0709,79.291225,1866.0,21.2837,355.24,-0.176,11.696,19,1.495,12.464,4.362,7.288,731.1
41878,30.146217,79.241866,1776.0,46.0985,321.38,-2.248,34.89,30,1.988,8.431,2.951,6.764,1570.6
41858,30.180614,79.216654,1191.0,26.2061,7.13,0.323,14.804,42,2.213,6.432,2.251,7.848,894.6
41969,29.974643,79.289374,1555.0,13.359,176.91,-0.072,7.125,10,1.2,20.721,7.252,7.141,463.4
41967,29.985266,79.28044,1455.0,26.3159,181.61,0.074,14.839,10,1.2,20.49,7.171,6.408,889.3
41994,29.956824,79.289458,1878.0,7.3707,203.2,0.267,3.888,9,1.2,22.131,7.746,7.644,259.3
41990,29.967159,79.295336,1673.0,15.3702,194.51,0.373,8.275,10,1.2,20.907,7.317,6.995,538.0
41991,29.963156,79.293074,1693.0,15.4206,197.44,0.441,8.315,10,1.2,21.38,7.483,6.992,541.2
41870,30.162092,79.226234,1267.0,34.7896,309.37,-1.706,22.307,32,2.096,8.163,2.857,7.231,1219.0
41933,30.065107,79.293979,1873.0,26.1607,10.78,0.481,14.821,18,1.46,12.852,4.498,7.002,898.7
41825,30.201152,79.133378,2297.0,50.6773,315.87,-2.533,42.09,33,2.342,7.939,2.779,6.698,1650.0
42023,29.978913,79.427637,1472.0,19.6377,103.71,-0.452,10.759,19,1.2,12.351,4.323,7.376,684.3
42015,29.994864,79.393899,1724.0,26.3813,95.83,-0.267,14.906,20,1.2,12.118,4.241,7.098,898.2
42047,29.960323,79.437304,1614.0,9.7158,131.69,-0.483,5.166,17,1.2,13.875,4.856,7.999,344.0
41977,30.009367,79.312136,1444.0,40.0891,153.66,-1.594,26.809,13,1.2,16.401,5.74,6.138,1370.1
41861,30.170184,79.238929,1921.0,38.955,307.13,-1.875,26.3,41,2.134,6.557,2.295,7.327,1351.7
42002,29.943668,79.289394,1787.0,28.1272,141.95,-1.365,16.767,9,1.2,23.181,8.113,6.225,994.3
41829,30.202272,79.161093,2058.0,23.7588,326.01,-1.101,13.6,42,2.356,6.485,2.27,7.959,841.3
41846,30.154289,79.188978,1656.0,25.0249,339.89,-0.808,14.232,25,2.067,9.951,3.483,7.382,873.4
42027,29.966533,79.407965,1244.0,47.1283,115.12,-1.811,34.865,16,1.2,14.327,5.014,6.099,1571.9
42035,29.938091,79.378498,1349.0,45.0451,138.65,-2.234,33.588,12,1.2,18.353,6.424,5.885,1541.8
42026,29.969015,79.425495,1416.0,44.8861,110.1,-1.449,31.41,17,1.2,13.444,4.705,6.238,1493.2
42000,29.947262,79.30987,1216.0,27.4443,128.79,-1.34,16.264,10,1.2,21.491,7.522,6.359,971.2
41995,29.959066,79.307132,1650.0,21.5671,193.39,0.486,11.928,10,1.2,20.741,7.259,6.632,749.5
41828,30.205496,79.18156,1923.0,12.5682,330.66,-0.537,6.736,55,2.374,5.179,1.813,8.909,444.6
41923,30.048511,79.285457,1503.0,5.1072,133.27,-0.255,2.686,15,1.385,14.852,5.198,8.524,179.9
41854,30.156257,79.216783,1553.0,20.7691,358.25,-0.063,11.379,28,2.067,9.034,3.162,7.703,711.0
42017,29.995231,79.414998,1554.0,18.8751,94.08,-0.134,10.261,22,1.2,11.125,3.894,7.566,650.5
41847,30.161922,79.191995,1521.0,29.2548,343.82,-0.783,17.06,28,2.112,9.057,3.17,7.313,1008.0
41860,30.179918,79.24165,1412.0,36.7675,308.55,-1.792,24.149,51,2.19,5.552,1.943,7.624,1282.9
41892,30.078203,79.230563,2282.0,30.0244,296.7,-1.205,17.956,15,1.603,14.973,5.241,6.658,1049.0
41940,30.047086,79.293122,1553.0,21.494,77.52,0.454,11.874,16,1.367,14.57,5.099,7.106,746.1
41845,30.144726,79.191674,1510.0,31.4886,337.0,-1.133,18.956,22,2.009,10.902,3.816,6.982,1092.0
41875,30.151108,79.268687,2177.0,24.4818,333.62,-0.975,13.981,43,1.989,6.339,2.219,7.949,861.1
41823,30.209626,79.13537,2687.0,41.3193,315.82,-2.065,29.049,38,2.392,7.024,2.458,7.168,1429.6
41992,29.967152,79.302854,1680.0,16.3138,191.58,0.321,8.803,10,1.2,20.392,7.137,6.932,569.0
41831,30.191686,79.147805,2011.0,40.9254,322.98,-1.967,28.415,32,2.291,8.152,2.853,7.01,1413.2
41975,30.012825,79.343035,1560.0,51.0655,130.53,-2.522,42.631,16,1.2,14.008,4.903,5.96,1650.0
42042,29.948077,79.414021,1133.0,29.6752,134.25,-1.483,18.01,14,1.2,16.025,5.609,6.603,1048.9
41929,30.076387,79.316642,2308.0,23.0425,88.24,0.071,12.762,23,1.485,10.58,3.703,7.392,785.1
42040,29.955483,79.408851,1104.0,33.9382,131.26,-1.682,21.569,14,1.2,15.449,5.407,6.436,1191.7
42003,29.933731,79.288455,1830.0,21.0035,143.84,-1.001,11.803,8,1.2,24.035,8.412,6.438,745.6
41922,30.042755,79.284531,1476.0,15.9644,174.98,-0.139,8.586,14,1.357,15.436,5.403,7.292,553.1
41908,30.056032,79.249296,1822.0,23.6585,294.11,-0.882,13.396,14,1.467,16.112,5.639,6.866,830.9
41927,30.077473,79.292548,1926.0,40.6681,56.55,1.87,27.938,20,1.529,11.783,4.124,6.549,1400.8
41912,30.059657,79.27292,1636.0,17.881,340.75,-0.557,9.754,16,1.46,14.497,5.074,7.305,627.8
41965,29.966263,79.254975,1848.0,20.7673,196.64,0.57,11.468,8,1.2,24.13,8.445,6.45,725.3
41896,30.089931,79.289656,2179.0,32.4628,14.59,0.791,19.381,23,1.603,10.784,3.774,6.989,1107.5
42004,29.930903,79.300457,1603.0,32.2961,139.25,-1.597,20.135,9,1.2,23.437,8.203,6.057,1136.9
42001,29.945242,79.300817,1259.0,28.4481,134.76,-1.422,17.055,9,1.2,22.273,7.796,6.211,1006.9
42009,29.942623,79.32329,1107.0,23.8643,132.04,-1.187,13.731,10,1.2,20.939,7.329,6.519,847.6
42043,29.956318,79.417825,1262.0,18.9711,132.2,-0.944,10.54,15,1.2,15.036,5.263,7.177,674.7
42050,29.949913,79.423649,1452.0,34.4623,139.87,-1.698,22.024,14,1.2,15.465,5.413,6.417,1208.6
42048,29.957803,79.428725,1719.0,10.1403,134.8,-0.507,5.4,16,1.2,14.464,5.062,7.895,359.3
41957,30.003364,79.270608,1740.0,20.1939,183.39,0.119,11.038,11,1.2,19.843,6.945,6.799,693.7
42020,30.010693,79.459612,1932.0,9.7158,87.34,0.045,5.137,33,1.2,7.871,2.755,8.663,338.1
41960,29.989362,79.294313,1412.0,22.0434,161.72,-0.657,12.278,11,1.2,19.213,6.725,6.703,770.3
42051,29.941128,79.424665,1373.0,28.483,142.96,-1.37,17.024,14,1.2,16.323,5.713,6.652,1006.1
41882,30.112387,79.220699,1887.0,26.7668,303.45,-1.231,15.695,19,1.804,12.653,4.429,7.03,945.1
42036,29.950476,79.384034,1253.0,39.4027,134.73,-1.97,26.93,13,1.2,16.884,5.909,6.163,1369.6
41978,30.001501,79.310668,1439.0,26.0089,160.69,-0.812,14.877,13,1.2,17.127,5.994,6.684,905.5
41986,29.989726,79.309661,1336.0,28.5893,174.8,-0.258,16.376,12,1.2,18.132,6.346,6.493,966.9
41905,30.058461,79.221817,2396.0,36.6507,288.27,-1.091,22.976,13,1.502,17.267,6.043,6.262,1246.0
41844,30.141756,79.174424,1716.0,33.4957,329.99,-1.451,20.872,20,1.995,11.73,4.106,6.81,1167.8
41834,30.198062,79.177589,2031.0,14.4969,334.33,-0.566,7.819,45,2.331,6.09,2.131,8.56,512.0
41876,30.134246,79.274619,2123.0,37.962,337.35,-1.349,24.448,35,1.881,7.444,2.605,7.205,1296.7
41836,30.186337,79.200439,1457.0,18.031,340.73,-0.562,9.842,44,2.255,6.231,2.181,8.308,633.0
41853,30.158616,79.208114,1481.0,37.7275,354.5,-0.36,23.285,28,2.086,9.007,3.152,6.99,1241.4
42030,29.957903,79.36733,1353.0,42.8405,131.52,-2.126,30.803,13,1.2,16.951,5.933,6.042,1475.6
41947,30.024168,79.304476,1502.0,32.4183,118.54,-1.361,19.915,14,1.238,16.08,5.628,6.494,1130.6
41897,30.084744,79.265429,2019.0,15.8178,339.25,-0.524,8.557,19,1.605,12.576,4.402,7.607,556.6
41963,29.988324,79.26471,1639.0,33.0312,191.92,0.668,19.722,10,1.2,21.557,7.545,6.134,1119.3
41916,30.038421,79.268408,1725.0,27.9638,246.03,1.038,16.35,13,1.357,16.711,5.849,6.599,976.8
41837,30.186211,79.186812,1678.0,16.713,337.62,-0.588,9.085,40,2.259,6.748,2.362,8.293,588.7
41915,30.032825,79.258928,1833.0,23.9785,250.82,0.744,13.527,12,1.34,17.743,6.21,6.696,837.0
41830,30.189463,79.164585,1563.0,36.7585,325.39,-1.718,24.006,35,2.28,7.551,2.643,7.248,1279.1
41833,30.188216,79.173693,1785.0,17.7088,330.43,-0.76,9.717,37,2.273,7.229,2.53,8.154,626.9
41983,29.980976,79.332744,1682.0,48.3026,160.62,-1.512,35.547,13,1.2,17.243,6.035,5.851,1583.7
41910,30.028335,79.240449,2138.0,26.293,256.29,0.605,14.957,11,1.337,19.159,6.706,6.504,907.4
41901,30.075888,79.241552,1932.0,31.0099,309.95,-1.526,19.054,15,1.581,14.645,5.126,6.618,1093.3
41852,30.171278,79.209073,1313.0,6.4897,356.68,-0.038,3.413,34,2.161,7.628,2.67,9.101,226.4
41996,29.96292,79.317912,1697.0,17.0491,187.47,0.22,9.211,11,1.2,19.695,6.893,6.981,591.5
41944,30.033287,79.291013,1431.0,27.0999,125.62,-1.283,15.971,14,1.302,15.963,5.587,6.71,957.8
41865,30.171269,79.221664,1440.0,30.5661,304.31,-1.423,18.593,36,2.154,7.301,2.555,7.511,1075.0
42022,29.979196,79.439231,1425.0,27.2314,100.97,-0.509,15.538,20,1.2,11.874,4.156,7.061,933.8
41911,30.061129,79.263919,1739.0,14.6505,320.69,-0.718,7.943,15,1.478,14.848,5.197,7.451,520.4
42039,29.955865,79.398467,1208.0,19.3233,132.47,-0.962,10.76,14,1.2,15.766,5.518,7.088,687.3
41952,30.026761,79.28572,1546.0,31.5467,153.17,-1.271,19.147,13,1.278,16.855,5.899,6.454,1099.6
42037,29.940141,79.396104,1540.0,26.1447,135.42,-1.307,15.342,12,1.2,17.469,6.114,6.598,927.4
41851,30.182331,79.211303,1352.0,16.9438,358.56,-0.043,9.14,43,2.226,6.388,2.236,8.351,583.9
41913,30.043672,79.257562,1840.0,26.6869,272.25,-0.105,15.084,13,1.395,16.811,5.884,6.654,902.0
41867,30.165886,79.212146,1294.0,32.2557,301.65,-1.441,19.891,32,2.128,8.124,2.843,7.327,1128.9
41881,30.122202,79.218082,1855.0,16.1103,305.38,-0.761,8.789,20,1.863,11.974,4.191,7.639,571.9
42014,29.993447,79.383996,2018.0,36.8151,97.54,-0.479,22.584,18,1.2,12.782,4.474,6.581,1221.4
41951,30.019236,79.29446,1548.0,30.2753,140.83,-1.483,18.451,13,1.23,17.08,5.978,6.504,1068.1
41857,30.128581,79.199822,1809.0,39.7671,346.42,-0.908,25.475,19,1.91,12.436,4.353,6.529,1325.8
41906,30.04352,79.213451,2287.0,34.8397,275.44,-0.329,20.938,11,1.431,19.103,6.686,6.161,1157.6
41894,30.098524,79.19772,2389.0,27.2469,299.53,-1.168,15.967,14,1.736,15.706,5.497,6.704,958.4
41953,30.018647,79.280225,1758.0,18.8617,167.59,-0.396,10.289,12,1.248,17.905,6.267,6.96,656.8
41832,30.178428,79.157927,1525.0,44.1082,323.45,-2.11,32.155,28,2.214,8.94,3.129,6.765,1509.5
41843,30.150387,79.162468,1978.0,32.0676,328.5,-1.429,19.732,21,2.046,11.356,3.975,6.913,1122.5
41934,30.061095,79.293711,1659.0,21.2323,20.02,0.683,11.791,18,1.439,13.239,4.634,7.237,744.1
41821,30.20518,79.115469,2521.0,30.1777,309.32,-1.479,18.374,31,2.356,8.42,2.947,7.377,1064.8
41880,30.136089,79.221453,1818.0,42.47,310.78,-2.101,30.341,23,1.943,10.572,3.7,6.625,1463.9
41891,30.081597,79.209196,2424.0,27.0919,290.05,-0.873,15.636,14,1.635,16.013,5.605,6.711,942.6
41970,30.02651,79.312305,1866.0,42.813,131.02,-2.12,30.758,15,1.236,15.028,5.26,6.186,1474.5
41874,30.157938,79.251205,2118.0,23.5334,324.06,-1.118,13.467,39,2.049,6.842,2.395,7.896,834.3
41993,29.969182,79.316351,1457.0,19.6428,183.78,0.129,10.712,11,1.2,19.305,6.757,6.829,675.8
41926,30.065228,79.283984,1627.0,26.1607,45.66,1.308,15.354,17,1.475,13.382,4.684,6.945,927.9
41872,30.152178,79.232579,1334.0,27.607,312.1,-1.373,16.411,30,2.032,8.498,2.974,7.451,977.7
41935,30.064766,79.308528,2231.0,36.3471,32.63,1.651,23.531,20,1.436,12.096,4.234,6.704,1263.6
41839,30.178905,79.171494,1317.0,8.7309,333.91,-0.345,4.621,32,2.217,8.205,2.872,8.741,307.8
41962,29.982594,79.238839,1932.0,24.8144,208.41,1.038,14.24,9,1.2,23.489,8.221,6.37,874.2
42032,29.962435,79.348713,1578.0,34.0501,138.88,-1.687,21.668,12,1.2,17.621,6.167,6.278,1195.4
41902,30.07069,79.222848,2434.0,19.4067,296.9,-0.783,10.729,14,1.567,16.098,5.634,7.084,685.4
42006,29.937228,79.306758,1343.0,22.6933,137.65,-1.13,12.939,9,1.2,22.502,7.876,6.47,806.5
41943,30.030658,79.304358,1844.0,37.3837,106.45,-1.015,23.506,14,1.269,15.485,5.42,6.309,1263.6
41928,30.079866,79.304798,2319.0,30.7175,72.7,0.872,18.161,22,1.524,10.898,3.814,7.013,1057.2
41972,30.013256,79.309294,1401.0,29.3251,148.44,-1.308,17.559,14,1.2,16.287,5.7,6.617,1030.8
41895,30.091851,79.273832,2030.0,21.4118,351.62,-0.309,11.792,21,1.635,11.463,4.012,7.382,739.2
42016,29.994224,79.403775,1996.0,42.7608,95.26,-0.39,27.847,20,1.2,11.699,4.095,6.475,1379.1
41893,30.092536,79.234085,2305.0,25.4173,310.81,-1.257,14.809,17,1.68,13.523,4.733,6.978,901.6
41982,29.978043,79.340278,1534.0,35.4673,157.05,-1.273,22.222,13,1.2,16.96,5.936,6.305,1219.6
42033,29.95112,79.357901,1681.0,16.3857,139.77,-0.808,8.964,12,1.2,18.077,6.327,7.11,582.4
41909,30.031423,79.223069,2007.0,21.5082,265.93,0.152,11.829,11,1.365,19.814,6.935,6.73,737.7
41989,29.976493,79.305689,1465.0,24.9488,184.74,0.205,13.971,11,1.2,19.455,6.809,6.564,850.5
41941,30.041127,79.293503,1629.0,11.1466,99.31,-0.178,5.916,15,1.336,15.102,5.286,7.734,389.4
41885,30.120334,79.23108,1878.0,23.1253,315.18,-1.156,13.233,21,1.843,11.324,3.963,7.297,821.8
41866,30.173405,79.215797,1191.0,19.6753,303.51,-0.906,10.945,37,2.17,7.225,2.529,8.041,697.8
41946,30.027077,79.300523,1512.0,11.8096,119.16,-0.502,6.312,14,1.258,16.025,5.609,7.605,417.5
41949,30.012416,79.299939,1609.0,10.0855,136.05,-0.504,5.37,13,1.2,16.996,5.949,7.693,357.3
42008,29.941322,79.312834,1228.0,30.4011,136.19,-1.519,18.589,9,1.2,21.76,7.616,6.132,1073.6
41936,30.058689,79.304167,2061.0,16.3225,41.22,0.809,8.928,18,1.41,12.896,4.514,7.52,580.3
41889,30.123663,79.264245,1964.0,39.2959,341.93,-1.159,25.362,28,1.831,8.971,3.14,6.934,1325.4
41938,30.053383,79.300509,1942.0,18.8751,53.63,0.901,10.463,17,1.388,13.586,4.755,7.308,670.3
41886,30.128746,79.230607,1654.0,36.7524,318.9,-1.821,24.19,23,1.893,10.632,3.721,6.829,1283.9
41948,30.018808,79.307487,1384.0,20.9231,121.61,-0.934,11.717,14,1.208,15.97,5.59,7.002,740.9
41869,30.15872,79.223378,1225.0,27.4836,306.49,-1.314,16.266,30,2.078,8.598,3.009,7.456,971.5
41981,29.987707,79.345171,1455.0,7.2049,149.71,-0.314,3.802,14,1.2,15.856,5.55,8.108,254.0
41974,30.017534,79.33149,1815.0,23.7283,131.23,-1.176,13.635,16,1.2,14.425,5.049,6.996,842.7
42038,29.949442,79.396674,1204.0,32.4183,133.76,-1.619,20.262,13,1.2,16.49,5.771,6.42,1141.6
41859,30.180818,79.225114,1512.0,36.2265,11.24,0.693,22.24,44,2.209,6.189,2.166,7.497,1214.7
41898,30.077278,79.285153,1839.0,33.5583,13.7,0.772,20.195,19,1.538,12.201,4.27,6.756,1139.7
41984,29.990955,79.329666,1819.0,25.8748,158.93,-0.868,14.822,13,1.2,16.662,5.832,6.69,903.1
41864,30.166482,79.228538,1530.0,25.9764,305.16,-1.223,15.153,34,2.121,7.633,2.672,7.647,918.9
42005,29.932231,79.307327,1523.0,27.823,136.94,-1.388,16.578,9,1.2,22.86,8.001,6.238,985.3
42029,29.961449,79.37557,1772.0,54.5031,126.82,-2.615,48.727,14,1.2,16.201,5.67,5.702,1650.0
42049,29.949333,79.431537,1616.0,23.2476,137.6,-1.158,13.313,15,1.2,15.22,5.327,6.954,826.0
41956,30.002112,79.257014,1965.0,17.7791,196.64,0.488,9.677,10,1.202,20.695,7.243,6.841,622.6
41950,30.011976,79.294701,1628.0,20.4619,143.86,-0.975,11.457,12,1.2,17.74,6.209,6.872,726.4
41968,29.988769,79.283892,1452.0,34.196,179.36,-0.038,20.386,11,1.2,19.975,6.991,6.185,1125.8
40859,30.53011,79.621387,2895.0,36.23,121.95,-1.627,23.39,115,2.432,2.817,0.986,8.457,1259.0
40811,30.666706,79.524912,2419.0,51.3221,309.27,-2.515,42.995,4500,2.176,0.0,0.0,11.591,1650.0
40826,30.538302,79.55177,2768.0,23.775,196.13,0.635,13.348,234,2.567,1.562,0.547,9.676,826.8
40827,30.510869,79.567671,3284.0,2.1413,150.91,-0.091,1.122,134,2.572,2.487,0.87,11.585,75.0
40887,30.74973,79.813968,3951.0,35.4014,23.82,1.308,22.214,4500,1.328,0.0,0.0,12.155,1219.2
40864,30.503733,79.588437,3118.0,25.5729,167.42,-0.544,14.462,239,2.533,1.534,0.537,9.615,882.1
40852,30.574811,79.706489,3866.0,23.2765,87.39,0.106,12.909,61,2.199,4.759,1.666,8.356,793.7
40875,30.510045,79.652016,2834.0,32.6912,143.47,-1.564,20.397,126,2.405,2.617,0.916,8.681,1147.8
40818,30.560642,79.452313,2658.0,31.616,248.64,1.072,18.991,32,2.762,8.04,2.814,7.352,1093.4
40819,30.545116,79.498646,1824.0,52.1514,239.45,2.283,43.348,86,2.683,3.591,1.257,7.603,1650.0
40812,30.671554,79.57594,3554.0,51.4922,334.47,-2.003,41.314,59,2.032,4.922,1.723,7.25,1650.0
40871,30.490226,79.609324,2325.0,59.3858,166.47,-1.351,52.961,1120,2.499,1.053,0.369,9.898,1650.0
40816,30.568971,79.541337,1525.0,29.4697,286.47,-0.801,17.222,4500,2.52,0.0,0.0,12.384,1015.5
40872,30.499783,79.618348,1894.0,25.5983,157.72,-0.898,14.659,3240,2.475,0.315,0.11,12.22,895.2
40847,30.456356,79.501141,1995.0,17.1218,214.15,0.795,9.387,90,2.749,3.461,1.211,9.078,607.5
40866,30.506742,79.604623,2250.0,24.9625,155.11,-0.953,14.279,3916,2.496,0.146,0.08,12.439,876.2
40902,30.587714,79.861431,3882.0,24.6518,69.87,0.797,13.985,4500,2.136,0.0,0.0,12.592,860.8
40829,30.519634,79.378881,2833.0,36.2435,244.48,1.409,23.057,25,3.015,10.0,3.5,6.931,1249.1
40838,30.485994,79.465051,941.0,49.5182,229.02,2.452,40.084,653,2.841,1.364,0.477,9.724,1650.0
40903,30.556044,79.604229,2611.0,46.0322,70.22,1.466,32.729,87,2.413,3.539,1.239,7.831,1523.9
40895,30.722991,79.784514,4165.0,46.771,32.39,2.116,35.306,73,1.482,4.092,1.432,7.63,1580.6
40874,30.516201,79.637057,2966.0,25.5927,142.68,-1.234,14.906,111,2.423,2.894,1.013,8.847,906.6
40888,30.771953,79.814677,4112.0,51.0746,21.93,1.769,39.946,4500,1.2,0.0,0.0,11.599,1650.0
40851,30.457847,79.539681,2847.0,23.207,198.43,0.696,13.017,46,2.655,6.041,2.114,8.077,810.0
40901,30.641617,79.85672,4043.0,32.0812,58.84,1.42,19.73,210,1.923,1.707,0.597,9.215,1122.6
40825,30.547843,79.541166,2165.0,26.7973,243.47,1.071,15.581,1906,2.573,0.529,0.185,11.637,940.3
40840,30.505505,79.499721,2023.0,44.8491,228.57,2.225,33.332,2700,2.741,0.45,0.158,11.307,1536.0
40890,30.774873,79.876611,4308.0,42.2887,29.62,1.817,29.453,108,1.216,2.973,1.041,8.178,1443.5
40822,30.515008,79.50786,1772.0,22.032,213.13,1.008,12.445,1777,2.71,0.615,0.215,11.789,780.5
40833,30.508109,79.459024,2020.0,39.7671,235.47,1.857,27.033,88,2.84,3.502,1.226,8.062,1374.4
40897,30.640687,79.772556,3615.0,40.4379,48.89,2.003,28.013,90,1.908,3.445,1.206,8.061,1401.2
40844,30.465556,79.461994,1686.0,26.3813,228.25,1.311,15.506,4464,2.85,0.009,0.009,12.506,935.3
40879,30.498119,79.697319,2357.0,67.1518,144.7,-3.167,87.245,925,2.351,1.183,0.414,9.367,1650.0
40898,30.612444,79.789001,3259.0,20.5899,57.75,0.929,11.511,4500,2.022,0.0,0.0,12.792,729.5
40878,30.503443,79.670164,2616.0,61.2691,145.91,-2.844,64.855,175,2.383,1.983,0.694,7.965,1650.0
40900,30.606701,79.823799,3372.0,41.7045,62.87,1.693,28.585,123,2.048,2.656,0.93,8.329,1420.7
40893,30.705708,79.865949,2965.0,32.8865,41.03,1.629,20.645,1515,1.608,0.79,0.276,11.16,1156.7
40830,30.520202,79.414331,2408.0,34.3828,243.44,1.375,21.477,35,2.934,7.565,2.648,7.336,1191.6
40876,30.478375,79.627352,2520.0,38.4671,167.76,-0.797,24.21,1168,2.468,1.021,0.357,10.694,1283.8
40870,30.480595,79.615189,2268.0,28.5985,166.51,-0.649,16.527,662,2.491,1.358,0.475,10.503,982.2
40862,30.532111,79.594451,2098.0,44.861,134.44,-2.243,33.399,1147,2.483,1.035,0.362,10.451,1537.4
40861,30.519719,79.586672,2623.0,24.7814,154.63,-0.959,14.165,2672,2.519,0.457,0.16,12.065,870.5
40809,30.671277,79.409111,4691.0,33.2012,342.79,-0.938,20.06,23,2.438,10.678,3.737,6.961,1136.3
40834,30.499546,79.454877,1819.0,25.9229,233.36,1.241,15.133,101,2.858,3.127,1.094,8.738,917.7
40896,30.681586,79.805648,4469.0,32.2585,42.82,1.608,20.122,59,1.707,4.896,1.714,7.939,1136.1
40867,30.486491,79.592028,2836.0,29.7754,175.24,-0.246,17.19,128,2.537,2.576,0.902,8.812,1003.0
40858,30.531037,79.659583,3530.0,48.9161,113.78,-1.805,37.106,58,2.363,4.981,1.743,7.325,1616.3
40841,30.491408,79.490572,1719.0,46.1967,225.84,2.309,35.203,4500,2.774,0.0,0.0,11.771,1576.8
40836,30.480194,79.445224,1228.0,26.6387,229.69,1.314,15.684,147,2.891,2.3,0.805,9.082,943.9
40880,30.484065,79.74378,3595.0,40.8168,74.74,1.036,26.597,1360,2.316,0.893,0.313,10.763,1361.5
40853,30.57098,79.803015,3422.0,73.9038,93.07,-0.395,104.368,106,2.16,3.014,1.055,6.822,1650.0
40820,30.527442,79.4715,1870.0,24.0214,230.7,1.177,13.826,73,2.784,4.126,1.444,8.5,852.5
40891,30.732027,79.878369,4156.0,38.1671,36.24,1.82,25.458,149,1.471,2.27,0.794,8.646,1325.9
40892,30.692271,79.899152,3527.0,48.3285,44.24,2.416,38.309,4500,1.715,0.0,0.0,11.697,1638.3
40808,30.758034,79.49866,3120.0,6.0297,16.57,0.165,3.171,4500,1.736,0.0,0.0,14.061,211.5
40846,30.450883,79.471245,2533.0,36.9867,222.84,1.844,24.441,198,2.82,1.795,0.628,8.973,1292.0
40863,30.516988,79.606329,1920.0,41.4167,143.47,-1.981,28.944,1578,2.481,0.748,0.262,10.891,1427.9
40850,30.479339,79.538823,2886.0,55.3702,201.68,1.901,47.201,69,2.66,4.317,1.511,7.265,1650.0
40883,30.451619,79.704925,3378.0,25.7395,92.17,-0.097,14.467,127,2.344,2.601,0.91,8.975,871.9
40889,30.784127,79.847459,3973.0,40.7309,24.84,1.553,27.346,4500,1.2,0.0,0.0,11.963,1386.1
40848,30.477384,79.511644,1607.0,56.8983,216.66,2.725,53.887,129,2.727,2.563,0.897,7.833,1650.0
40849,30.495748,79.518919,2668.0,19.6232,221.13,0.972,10.946,219,2.701,1.651,0.578,9.822,697.8
40855,30.538406,79.774187,3745.0,39.8054,103.1,-0.879,25.478,121,2.24,2.702,0.946,8.379,1325.4
40823,30.526858,79.529719,1851.0,26.7126,210.61,1.171,15.606,4500,2.64,0.0,0.0,12.5,941.1
40845,30.457925,79.445963,1497.0,20.7691,231.08,1.015,11.667,1921,2.887,0.519,0.182,11.931,738.0
40832,30.514751,79.472268,2161.0,33.1843,235.11,1.557,20.775,103,2.8,3.09,1.081,8.461,1162.8
40813,30.635922,79.538228,1910.0,46.2701,313.78,-2.311,35.3,1540,2.287,0.773,0.271,10.696,1578.8
40882,30.461544,79.733147,2567.0,26.551,84.06,0.273,15.019,4500,2.323,0.0,0.0,12.507,903.8
40865,30.511263,79.598846,2465.0,29.7217,154.92,-1.141,17.675,3620,2.503,0.22,0.08,12.156,1036.8
40835,30.479681,79.428975,1738.0,36.438,231.78,1.771,23.822,92,2.931,3.396,1.189,8.226,1272.1
40814,30.629962,79.57429,2476.0,49.6889,339.13,-1.654,37.702,73,2.229,4.104,1.436,7.527,1626.0
40869,30.445555,79.621359,3320.0,22.0105,173.57,-0.245,12.145,62,2.468,4.693,1.643,8.434,756.9
40881,30.483994,79.701896,2372.0,64.4453,80.95,1.001,64.295,4500,2.353,0.0,0.0,11.075,1650.0
40885,30.457084,79.668608,3253.0,28.5667,100.55,-0.514,16.441,100,2.395,3.157,1.105,8.614,976.0
40886,30.456834,79.652369,3072.0,38.2677,106.25,-1.028,24.282,96,2.42,3.272,1.145,8.203,1289.6
40824,30.536123,79.534915,2133.0,44.3976,220.05,2.187,32.7,3512,2.612,0.247,0.086,11.586,1521.7
40821,30.524249,79.490758,1697.0,22.6933,225.6,1.134,12.942,131,2.74,2.529,0.885,9.148,806.6
40828,30.470805,79.574718,3361.0,4.2929,152.47,-0.176,2.254,57,2.577,5.0,1.75,10.034,150.8
40884,30.456299,79.684845,3312.0,41.3285,95.89,-0.422,26.499,100,2.371,3.157,1.105,8.135,1343.0
40857,30.543486,79.666237,4185.0,36.3388,105.51,-0.936,22.547,43,2.329,6.395,2.238,7.469,1229.5
40843,30.46583,79.481728,2416.0,38.9046,220.92,1.926,26.361,647,2.801,1.368,0.479,10.088,1352.8
40842,30.479816,79.480166,2071.0,32.0311,225.68,1.601,19.935,3808,2.805,0.173,0.08,12.115,1128.7
40839,30.501373,79.479123,1043.0,61.3642,232.98,2.95,65.819,232,2.796,1.574,0.551,8.243,1650.0
40810,30.612343,79.432104,3402.0,26.1011,260.99,0.404,14.757,26,2.646,9.684,3.389,7.373,894.1
40837,30.481776,79.455963,873.0,4.7445,228.74,0.235,2.493,215,2.865,1.672,0.585,11.261,167.0
40815,30.60201,79.535814,2592.0,39.691,305.06,-1.866,26.979,4488,2.428,0.003,0.003,11.997,1372.6
40856,30.516205,79.757991,3094.0,38.9035,110.69,-1.286,25.191,152,2.282,2.238,0.783,8.64,1320.6
40873,30.487626,79.626723,2021.0,34.7071,161.07,-1.065,21.36,4500,2.466,0.0,0.0,12.18,1187.3
40868,30.47484,79.599173,2790.0,24.5089,175.47,-0.193,13.69,109,2.524,2.941,1.029,8.878,836.1
40831,30.508646,79.432302,2783.0,49.1947,238.06,2.209,38.757,52,2.905,5.412,1.894,7.205,1647.6
40817,30.565124,79.393599,3561.0,42.1763,247.19,1.507,28.681,19,2.891,12.5,4.375,6.444,1423.8
41275,30.278921,79.121068,1326.0,42.1808,290.83,-1.402,28.489,1159,2.762,1.027,0.359,10.555,1418.3
41284,30.256674,79.206233,1508.0,40.2632,275.42,-0.379,25.5,1260,2.652,0.96,0.336,10.706,1312.2
41472,30.185249,79.266735,1395.0,23.3273,144.99,-1.096,13.32,88,2.196,3.531,1.236,8.72,826.7
41333,30.259115,79.248066,1231.0,26.6387,89.81,0.009,15.048,511,2.635,1.459,0.511,10.328,897.1
41486,30.191942,79.314173,998.0,14.4969,136.86,-0.723,7.858,4500,2.168,0.0,0.0,13.166,515.1
41480,30.168122,79.259638,1628.0,22.8968,161.66,-0.684,12.818,52,2.102,5.443,1.905,8.214,799.4
41323,30.200998,79.206281,1607.0,10.1346,181.09,0.019,5.363,65,2.339,4.513,1.58,9.297,352.2
41305,30.236077,79.091634,2185.0,32.4969,229.44,1.605,20.303,41,2.513,6.552,2.293,7.566,1143.5
41446,30.228222,79.269587,833.0,36.479,93.65,-0.232,22.212,3164,2.442,0.334,0.117,11.763,1200.1
41445,30.229621,79.262313,839.0,18.476,95.68,-0.182,10.032,4500,2.459,0.0,0.0,12.909,638.4
41419,30.230723,79.277669,1272.0,31.0254,130.92,-1.536,19.079,1122,2.446,1.052,0.368,10.932,1094.2
41465,30.198183,79.26576,1218.0,14.8268,133.49,-0.74,8.049,134,2.273,2.482,0.869,9.628,526.9
41370,30.282687,79.277119,1117.0,24.5216,33.34,1.126,14.113,170,2.722,2.037,0.713,9.322,867.5
41433,30.219393,79.29168,1450.0,16.9438,147.53,-0.767,9.273,1270,2.363,0.953,0.334,11.737,600.8
41426,30.225583,79.281717,1362.0,33.3539,140.15,-1.641,21.034,1405,2.412,0.863,0.302,11.067,1171.8
41389,30.302804,79.323265,1164.0,56.3828,51.49,2.747,52.957,93,2.746,3.346,1.171,7.526,1650.0
41291,30.254579,79.10355,2237.0,38.985,293.33,-1.418,25.472,71,2.625,4.203,1.471,7.875,1329.6
41427,30.225864,79.294176,1505.0,27.8603,136.71,-1.391,16.607,217,2.396,1.664,0.582,9.419,986.6
41404,30.275813,79.391106,1557.0,41.2603,83.72,0.449,26.451,958,2.48,1.161,0.406,10.397,1342.7
41330,30.267888,79.228156,1169.0,33.3407,40.96,1.65,21.037,1641,2.698,0.706,0.247,11.223,1171.8
41450,30.216324,79.256101,1069.0,15.9644,115.42,-0.619,8.664,230,2.39,1.584,0.554,10.091,563.7
41280,30.268265,79.15334,1219.0,26.1307,292.07,-0.91,15.018,2540,2.721,0.49,0.171,11.953,912.9
41290,30.259698,79.105795,2193.0,11.4221,294.85,-0.436,6.09,85,2.653,3.605,1.262,9.443,403.0
41458,30.20077,79.235903,1243.0,26.4287,147.97,-1.188,15.428,81,2.319,3.774,1.321,8.495,932.5
41357,30.223468,79.246739,1184.0,41.1531,165.8,-0.979,26.841,1104,2.44,1.064,0.372,10.543,1367.7
41412,30.252922,79.270078,1581.0,21.1123,105.04,-0.529,11.664,122,2.578,2.689,0.941,9.157,735.6
41381,30.299114,79.301601,893.0,32.2229,40.39,1.59,20.068,151,2.765,2.252,0.788,8.88,1134.3
41378,30.283103,79.297761,1084.0,33.5761,46.45,1.677,21.268,94,2.695,3.339,1.169,8.354,1180.3
41360,30.276699,79.235811,841.0,34.5914,68.43,1.183,21.401,1938,2.736,0.508,0.178,11.342,1189.2
41359,30.210341,79.240519,1183.0,27.2255,181.55,0.074,15.437,125,2.371,2.63,0.92,8.894,917.7
41403,30.281033,79.393833,1144.0,32.3593,81.1,0.495,19.125,1857,2.5,0.562,0.197,11.384,1091.7
41310,30.232513,79.116244,1723.0,23.3823,230.16,1.15,13.393,49,2.513,5.744,2.01,8.131,830.2
41390,30.30324,79.334257,1013.0,34.7071,54.27,1.645,22.14,109,2.728,2.941,1.029,8.46,1213.7
41273,30.28473,79.112383,1194.0,27.7035,290.94,-0.925,16.086,751,2.785,1.299,0.455,10.667,964.2
41339,30.240046,79.219512,1296.0,27.9969,185.4,0.262,15.977,4500,2.555,0.0,0.0,12.445,948.7
41315,30.222635,79.208552,1768.0,29.7046,177.03,-0.154,17.125,155,2.464,2.2,0.77,9.006,997.2
41293,30.257855,79.117893,1760.0,33.3995,296.8,-1.344,20.655,98,2.652,3.217,1.126,8.403,1160.1
41487,30.187162,79.310341,1355.0,36.0771,140.88,-1.766,23.501,1726,2.146,0.649,0.227,11.171,1260.9
41448,30.219489,79.270809,1027.0,31.4289,101.57,-0.618,18.507,3144,2.391,0.339,0.119,11.947,1068.7
41304,30.243453,79.099092,1915.0,31.0224,231.21,1.515,19.049,51,2.561,5.49,1.921,7.842,1093.2
41308,30.240228,79.114985,1618.0,21.6564,232.34,1.047,12.234,57,2.555,5.06,1.771,8.368,769.0
41318,30.202317,79.188965,1788.0,25.4579,191.28,0.488,14.367,56,2.353,5.113,1.79,8.169,876.5
41347,30.237911,79.23716,1118.0,33.4723,154.16,-1.313,20.673,3576,2.53,0.231,0.081,11.997,1161.0
41373,30.275459,79.280791,1260.0,23.4979,43.73,1.174,13.485,112,2.681,2.878,1.007,8.953,834.9
41319,30.204129,79.197963,1678.0,19.2384,185.53,0.185,10.479,65,2.361,4.49,1.571,8.628,663.9
41311,30.223095,79.091105,2330.0,55.5016,230.02,2.733,51.159,33,2.44,7.855,2.749,6.523,1650.0
41428,30.223667,79.302468,1545.0,23.0425,136.78,-1.15,13.176,174,2.371,1.992,0.697,9.415,818.8
41344,30.242444,79.266789,1399.0,29.4364,119.57,-1.263,17.591,471,2.525,1.486,0.52,10.128,1032.6
41464,30.194825,79.259112,1600.0,26.2246,138.03,-1.304,15.393,99,2.261,3.185,1.115,8.704,929.9
41342,30.249615,79.25396,993.0,23.52,114.0,-0.874,13.304,182,2.578,1.921,0.672,9.437,826.0
41410,30.26054,79.286776,1727.0,31.0099,94.54,-0.245,18.06,71,2.596,4.177,1.462,8.173,1040.5
41327,30.197548,79.217184,1445.0,19.1539,174.58,-0.18,10.428,63,2.313,4.607,1.612,8.602,660.9
41379,30.289777,79.297452,959.0,11.8096,42.97,0.589,6.327,118,2.728,2.762,0.967,9.737,419.0
41277,30.27535,79.143264,1216.0,43.0092,293.31,-1.563,29.644,3316,2.754,0.296,0.104,11.577,1449.5
41411,30.256745,79.282174,2009.0,18.6845,99.0,-0.289,10.167,87,2.583,3.565,1.248,8.951,648.1
41296,30.251672,79.131487,1571.0,24.441,295.62,-0.953,13.941,100,2.626,3.154,1.104,8.795,859.1
41353,30.223081,79.236613,1425.0,41.4311,173.77,-0.447,26.609,646,2.447,1.369,0.479,9.997,1347.1
41282,30.268044,79.186232,872.0,36.022,300.4,-1.572,23.122,1071,2.719,1.086,0.38,10.696,1250.2
41408,30.268188,79.292818,1451.0,36.1751,86.58,0.215,21.962,70,2.628,4.263,1.492,7.963,1190.7
41374,30.275559,79.292409,1145.0,28.0631,46.87,1.4,16.759,85,2.666,3.621,1.267,8.473,993.6
41449,30.217504,79.264829,1270.0,15.8582,107.47,-0.454,8.566,1377,2.387,0.882,0.309,11.887,556.4
41481,30.164604,79.292516,1576.0,34.0729,148.76,-1.511,21.418,83,2.038,3.695,1.293,8.211,1188.2
41343,30.254376,79.257743,1365.0,43.2271,106.47,-1.175,29.156,131,2.6,2.529,0.885,8.338,1434.2
41444,30.208055,79.341669,1536.0,46.3575,82.12,0.63,31.767,107,2.213,2.982,1.044,8.027,1483.8
41365,30.287745,79.268267,790.0,49.0031,90.11,-0.009,34.515,1137,2.757,1.042,0.365,10.297,1510.0
41414,30.250592,79.290384,2008.0,23.5851,106.61,-0.646,13.233,87,2.538,3.549,1.242,8.696,820.9
41477,30.174891,79.276724,1931.0,12.4684,148.32,-0.557,6.685,80,2.122,3.797,1.329,9.292,441.4
41391,30.304094,79.341726,1043.0,18.476,56.09,0.855,10.205,142,2.718,2.357,0.825,9.453,655.5
41386,30.322169,79.32155,907.0,27.9145,39.53,1.37,16.623,232,2.833,1.571,0.55,9.483,987.6
41398,30.28845,79.339041,1427.0,29.0002,69.56,0.949,17.0,81,2.65,3.772,1.32,8.386,1006.4
41440,30.217005,79.326403,1810.0,31.8779,77.0,0.699,18.884,110,2.293,2.913,1.02,8.577,1085.8
41364,30.287925,79.260106,805.0,34.6721,84.15,0.352,20.816,2504,2.768,0.499,0.175,11.595,1153.8
41476,30.18519,79.290786,1384.0,37.667,137.58,-1.876,25.114,170,2.164,2.037,0.713,8.796,1313.9
41395,30.285638,79.315403,1147.0,18.1184,64.96,0.695,9.934,70,2.679,4.269,1.494,8.767,639.3
41336,30.246148,79.228742,1059.0,22.9396,148.74,-1.018,13.022,2600,2.582,0.475,0.166,12.124,811.3
41307,30.236287,79.110089,1936.0,23.3823,229.83,1.153,13.395,49,2.53,5.678,1.987,8.131,830.3
41326,30.190074,79.21586,1221.0,22.8321,174.39,-0.222,12.646,52,2.27,5.441,1.904,8.218,783.0
41429,30.227417,79.304696,1784.0,32.5067,135.04,-1.625,20.34,136,2.389,2.453,0.859,8.764,1144.7
41281,30.266583,79.168744,975.0,27.9638,293.32,-1.017,16.334,4120,2.713,0.095,0.08,12.358,976.0
41321,30.215266,79.215674,2125.0,20.5724,171.52,-0.3,11.285,118,2.417,2.751,0.963,9.152,711.2
41352,30.231449,79.234548,1452.0,7.9715,170.0,-0.136,4.203,1908,2.496,0.528,0.185,12.921,278.9
41362,30.282255,79.245087,772.0,10.5678,75.42,0.257,5.606,4496,2.756,0.001,0.001,13.491,370.6
41452,30.211243,79.266264,1286.0,24.0679,113.5,-0.88,13.656,704,2.349,1.33,0.465,10.764,844.3
41402,30.278299,79.380133,1287.0,30.1986,80.48,0.493,17.565,207,2.517,1.725,0.604,9.275,1025.8
41274,30.287328,79.125545,807.0,17.0038,295.14,-0.654,9.272,4496,2.806,0.001,0.001,12.997,600.2
41407,30.268684,79.281081,1543.0,35.9599,83.91,0.379,21.842,90,2.646,3.462,1.212,8.222,1192.2
41276,30.279762,79.135058,989.0,37.2959,294.1,-1.39,23.929,3424,2.773,0.269,0.094,11.812,1279.2
41372,30.27097,79.268795,1406.0,24.5242,44.33,1.226,14.192,134,2.674,2.476,0.867,9.084,870.9
41294,30.253061,79.121143,1318.0,40.4471,294.98,-1.548,27.063,88,2.629,3.522,1.233,8.038,1377.8
41394,30.292877,79.325651,1266.0,22.0525,61.71,0.92,12.407,68,2.696,4.329,1.515,8.524,778.5
41430,30.226724,79.313244,1779.0,31.7615,134.64,-1.588,19.709,110,2.371,2.926,1.024,8.581,1119.6
41405,30.259962,79.26283,1801.0,30.5985,90.05,-0.003,17.741,122,2.624,2.682,0.939,8.731,1018.2
41406,30.262272,79.274611,1786.0,20.7717,88.62,0.05,11.38,86,2.622,3.578,1.252,8.825,710.7
41322,30.208667,79.221979,1847.0,30.7934,164.79,-0.78,18.149,95,2.375,3.292,1.152,8.473,1055.8
41490,30.272884,79.119366,1646.0,29.3002,292.3,-1.029,17.275,212,2.731,1.695,0.593,9.335,1019.1
41401,30.285939,79.379564,1375.0,23.4774,76.77,0.523,13.119,954,2.556,1.164,0.407,11.096,813.4
41457,30.197945,79.247867,1085.0,34.696,137.82,-1.726,22.263,85,2.291,3.618,1.266,8.212,1217.0
41460,30.195122,79.224211,1243.0,18.1332,161.29,-0.551,9.899,62,2.294,4.683,1.639,8.645,636.2
41303,30.243188,79.094334,2171.0,24.5884,230.38,1.208,14.22,49,2.555,5.742,2.01,8.075,872.4
41455,30.20358,79.257334,1413.0,38.0184,126.51,-1.818,25.318,130,2.315,2.544,0.89,8.515,1321.4
41298,30.243713,79.135688,1867.0,36.23,292.07,-1.262,22.839,82,2.585,3.718,1.301,8.119,1241.7
41431,30.220455,79.309588,1708.0,24.5216,139.82,-1.209,14.177,158,2.341,2.161,0.756,9.249,870.2
41423,30.239738,79.302411,2167.0,44.5125,121.81,-1.994,32.293,93,2.461,3.368,1.179,7.951,1514.0
41424,30.234109,79.303183,1828.0,42.5745,126.29,-2.031,30.271,109,2.429,2.933,1.027,8.177,1463.0
41416,30.243573,79.279098,1266.0,38.955,116.53,-1.557,25.682,151,2.516,2.243,0.785,8.631,1335.7
41354,30.227145,79.243087,1331.0,19.1539,163.9,-0.51,10.488,1551,2.465,0.766,0.268,11.805,669.6
41356,30.230004,79.250071,949.0,25.342,155.93,-0.944,14.521,3388,2.474,0.278,0.097,12.277,888.4
41474,30.196478,79.309046,931.0,25.5729,124.5,-1.194,14.859,4220,2.203,0.07,0.07,12.486,904.5
41355,30.235632,79.250169,857.0,22.0434,148.93,-0.974,12.432,3192,2.506,0.327,0.114,12.374,779.9
41456,30.205241,79.247856,982.0,28.8194,134.04,-1.44,17.34,107,2.334,2.984,1.044,8.672,1019.6
41393,30.295057,79.340706,1420.0,38.9035,61.81,1.62,25.749,101,2.679,3.138,1.098,8.231,1337.4
41483,30.175528,79.300348,1635.0,36.3062,144.43,-1.718,23.613,149,2.092,2.27,0.794,8.713,1265.6
41348,30.234442,79.227492,1336.0,28.8659,176.66,-0.168,16.549,2932,2.519,0.392,0.137,11.98,972.0
41337,30.247868,79.218262,1034.0,22.1283,190.15,0.384,12.244,1929,2.599,0.514,0.18,11.866,764.9
41435,30.210948,79.286337,1158.0,43.5284,156.48,-1.593,30.251,4084,2.322,0.104,0.08,11.767,1465.2
41432,30.218521,79.300963,1694.0,22.8227,144.13,-1.084,12.99,514,2.344,1.457,0.51,10.509,809.4
41459,30.195924,79.232148,1155.0,15.4952,153.26,-0.623,8.397,67,2.293,4.39,1.536,8.889,547.6
41462,30.193112,79.248323,1465.0,41.0321,144.05,-1.95,28.482,75,2.262,4.004,1.401,7.858,1415.4
41367,30.291967,79.282589,826.0,22.0024,94.94,-0.189,12.133,224,2.759,1.617,0.566,9.719,755.0
41350,30.228968,79.215705,1731.0,33.7593,202.88,1.209,20.772,777,2.496,1.282,0.449,10.459,1165.2
41301,30.244815,79.106759,1537.0,29.0285,228.36,1.441,17.492,57,2.574,5.017,1.756,8.033,1026.4
41387,30.316172,79.322401,953.0,26.8827,43.25,1.342,15.878,157,2.806,2.175,0.761,9.137,952.9
41313,30.224575,79.122875,1859.0,45.2929,227.96,2.253,33.937,44,2.472,6.188,2.166,7.175,1549.5
41447,30.223257,79.264699,1059.0,23.6625,101.42,-0.459,13.215,2912,2.42,0.397,0.139,12.203,817.4
41485,30.180945,79.293973,1202.0,13.913,146.9,-0.636,7.506,155,2.134,2.202,0.771,9.84,493.1
41371,30.27916,79.261362,1171.0,40.566,31.14,1.796,27.676,733,2.724,1.311,0.459,10.154,1394.1
41316,30.214374,79.200828,2000.0,15.5058,183.79,0.102,8.325,93,2.42,3.367,1.178,9.216,536.9
41292,30.25606,79.109503,1860.0,23.7588,294.96,-0.909,13.476,80,2.637,3.795,1.328,8.604,835.1
41471,30.193337,79.269339,1129.0,32.4183,139.49,-1.601,20.236,122,2.241,2.675,0.936,8.659,1140.9
41320,30.210353,79.209912,1950.0,26.4287,176.49,-0.162,14.921,91,2.392,3.419,1.197,8.611,895.9
41331,30.262902,79.235727,1486.0,16.4654,75.55,0.398,8.902,3688,2.666,0.203,0.08,12.833,575.9
41332,30.262567,79.245039,1276.0,25.5578,81.15,0.389,14.401,1170,2.656,1.02,0.357,11.204,876.3
41300,30.246377,79.115871,1512.0,12.7227,227.55,0.634,6.841,67,2.589,4.423,1.548,9.094,451.6
41302,30.248577,79.101112,1994.0,5.6588,231.51,0.276,2.978,59,2.59,4.898,1.714,9.79,199.4
41295,30.256198,79.125313,1271.0,42.0635,297.7,-1.731,29.03,106,2.648,3.017,1.056,8.167,1432.7
41468,30.204638,79.291111,1098.0,43.1142,120.9,-1.9,30.517,3108,2.278,0.348,0.122,11.509,1470.8
41399,30.284447,79.343104,1647.0,18.0333,72.77,0.51,9.83,80,2.623,3.805,1.332,8.905,631.8
41382,30.302618,79.303389,1078.0,35.9297,39.93,1.768,23.377,166,2.778,2.075,0.726,8.835,1256.6
41420,30.2359,79.287394,1803.0,34.3142,124.68,-1.606,21.756,164,2.462,2.102,0.736,8.883,1199.9
41314,30.219946,79.184779,2337.0,55.0981,200.33,1.795,46.336,85,2.457,3.628,1.27,7.484,1650.0
41368,30.290777,79.289541,936.0,25.777,99.13,-0.404,14.547,158,2.744,2.166,0.758,9.192,883.8
41312,30.224539,79.112305,2219.0,27.8977,228.77,1.383,16.625,40,2.465,6.705,2.347,7.726,987.6
41439,30.216991,79.316895,1689.0,33.0312,147.94,-1.486,20.554,145,2.309,2.319,0.812,8.808,1155.0
41286,30.262179,79.142414,1284.0,17.5129,292.61,-0.622,9.557,226,2.686,1.609,0.563,9.975,616.8
41400,30.292024,79.369016,1130.0,49.2629,72.87,1.387,36.469,576,2.608,1.416,0.496,9.608,1599.5
41396,30.280206,79.32536,1421.0,41.2891,70.14,1.319,27.468,53,2.635,5.367,1.878,7.501,1389.3
41422,30.244916,79.299782,2283.0,28.0989,117.71,-1.157,16.545,84,2.494,3.648,1.277,8.46,985.6
41437,30.213139,79.309503,1607.0,23.3266,149.64,-1.017,13.267,240,2.299,1.528,0.535,9.723,824.2
41415,30.246569,79.293589,2121.0,34.529,110.34,-1.125,21.284,91,2.512,3.404,1.191,8.286,1184.7
41334,30.252202,79.237071,885.0,37.3341,113.55,-1.367,23.927,1387,2.608,0.875,0.306,10.907,1279.2
41309,30.23927,79.126157,1682.0,9.7158,231.54,0.473,5.165,63,2.556,4.61,1.613,9.309,343.9
41351,30.220246,79.224501,1739.0,25.5729,189.54,0.418,14.419,175,2.44,1.988,0.696,9.303,877.8
41484,30.174863,79.288601,1322.0,18.9963,150.14,-0.82,10.5,104,2.105,3.059,1.071,9.112,672.4
41340,30.24252,79.232631,1199.0,32.8321,149.15,-1.445,20.343,1791,2.559,0.606,0.212,11.33,1147.0
41385,30.323668,79.314792,1203.0,22.279,36.11,1.061,12.632,1114,2.85,1.057,0.37,11.309,790.4
41329,30.207118,79.232049,1467.0,25.2402,161.16,-0.771,14.351,99,2.359,3.196,1.119,8.748,879.1
41442,30.218627,79.339413,1251.0,32.6431,76.11,0.761,19.494,79,2.278,3.84,1.344,8.216,1111.6
41454,30.206393,79.268485,1207.0,24.506,116.87,-0.988,14.005,226,2.318,1.608,0.563,9.607,862.4
41421,30.238894,79.294805,1844.0,40.7388,121.76,-1.823,27.904,115,2.468,2.821,0.987,8.295,1400.4
41376,30.275911,79.301549,1196.0,25.2045,49.96,1.241,14.653,71,2.654,4.184,1.464,8.417,894.0
41358,30.219963,79.247177,1094.0,43.3275,168.83,-0.823,28.773,559,2.42,1.427,0.499,9.786,1417.5
41297,30.247131,79.145043,1977.0,56.2443,292.26,-1.972,49.059,109,2.607,2.934,1.027,7.69,1650.0
41466,30.201248,79.27593,924.0,15.7216,127.41,-0.759,8.566,230,2.279,1.585,0.555,10.107,558.4
41475,30.18999,79.294579,1031.0,19.3233,133.19,-0.964,10.761,616,2.187,1.389,0.486,10.872,687.3
41384,30.32556,79.309308,1046.0,28.8568,32.72,1.312,17.228,1882,2.867,0.545,0.191,11.537,1015.9
41463,30.18768,79.243381,1304.0,33.7998,150.08,-1.461,21.128,61,2.235,4.778,1.672,7.913,1177.6
41443,30.20892,79.332427,1382.0,45.6667,82.43,0.596,30.978,129,2.235,2.562,0.897,8.238,1464.7
41288,30.264354,79.120622,1898.0,38.8123,295.51,-1.509,25.468,136,2.688,2.457,0.86,8.532,1329.2
41349,30.236403,79.213375,1486.0,32.8377,209.68,1.413,20.305,1725,2.539,0.65,0.227,11.292,1145.8
41375,30.271029,79.300627,1418.0,35.468,52.21,1.718,22.896,65,2.63,4.531,1.586,7.915,1240.2
41328,30.203781,79.227601,1599.0,24.3737,165.3,-0.598,13.713,84,2.343,3.668,1.284,8.624,845.1
41341,30.247852,79.241658,840.0,37.6303,125.29,-1.774,24.882,582,2.581,1.412,0.494,10.028,1307.8
41478,30.176488,79.266717,1784.0,31.3355,153.78,-1.242,18.957,69,2.144,4.284,1.499,8.131,1091.8
41285,30.263308,79.154087,1340.0,20.3837,292.87,-0.73,11.295,1300,2.695,0.933,0.327,11.561,717.0
41287,30.263808,79.132088,1593.0,28.5985,294.48,-1.079,16.825,179,2.691,1.953,0.684,9.195,998.7
41283,30.262099,79.1751,1202.0,28.7897,290.68,-0.951,16.854,4384,2.69,0.029,0.029,12.386,999.8
41469,30.197947,79.292561,934.0,33.7616,124.54,-1.577,21.264,1452,2.237,0.832,0.291,11.085,1181.6
41451,30.211072,79.255203,1070.0,32.2094,120.27,-1.402,19.806,170,2.361,2.034,0.712,8.999,1125.8
41473,30.187467,79.279768,1399.0,36.8588,138.51,-1.829,24.299,131,2.193,2.528,0.885,8.564,1287.5
41363,30.284761,79.253455,997.0,35.8853,81.49,0.525,21.854,3172,2.76,0.332,0.116,11.787,1196.9
41383,30.31319,79.308888,987.0,37.641,37.1,1.811,24.962,236,2.816,1.549,0.542,9.125,1309.9
41494,30.26449,79.325036,2140.0,37.3341,106.55,-1.019,23.469,41,2.556,6.624,2.318,7.386,1262.4
41278,30.275059,79.153639,901.0,38.2973,295.79,-1.5,24.987,3780,2.755,0.18,0.08,11.875,1313.9
41418,30.235743,79.270597,1060.0,27.02,128.61,-1.318,15.949,1137,2.483,1.042,0.365,11.111,956.5
41417,30.239985,79.277032,1235.0,21.6564,121.34,-0.962,12.184,196,2.499,1.807,0.632,9.603,766.5
41438,30.207489,79.316159,1360.0,23.8643,151.64,-0.998,13.598,513,2.256,1.458,0.51,10.457,841.4
41306,30.233439,79.101677,1954.0,28.4198,228.35,1.411,17.023,43,2.507,6.362,2.227,7.776,1005.6
41397,30.281804,79.33403,1662.0,27.0999,71.17,0.828,15.613,63,2.628,4.641,1.624,8.214,941.3
41346,30.243561,79.246272,811.0,12.163,133.04,-0.607,6.525,1090,2.553,1.073,0.376,11.93,431.6
41369,30.283492,79.286635,967.0,11.7527,104.58,-0.286,6.254,127,2.713,2.586,0.905,9.815,412.0
41453,30.216,79.274751,912.0,17.7791,106.79,-0.492,9.678,2928,2.366,0.393,0.138,12.521,622.7
41436,30.207373,79.30261,1617.0,43.1855,153.5,-1.724,30.177,1795,2.277,0.603,0.211,10.957,1463.1
41425,30.232013,79.294729,1651.0,25.0249,130.53,-1.236,14.53,153,2.43,2.226,0.779,9.193,887.9
41345,30.243817,79.25867,1077.0,28.3396,122.71,-1.289,16.839,564,2.542,1.424,0.498,10.354,998.3
41289,30.264735,79.111321,1901.0,40.4385,296.49,-1.614,27.181,113,2.684,2.855,0.999,8.288,1381.0
41335,30.249015,79.232665,990.0,46.9323,130.94,-2.323,36.167,1705,2.595,0.663,0.232,10.775,1596.9
41388,30.307562,79.328229,926.0,4.2766,49.28,0.211,2.246,106,2.759,3.019,1.057,10.658,150.4
41441,30.224142,79.33491,1449.0,41.5059,73.33,1.141,27.398,74,2.318,4.056,1.42,7.828,1385.9
41467,30.205767,79.279549,962.0,35.6044,124.32,-1.658,22.91,1242,2.301,0.972,0.34,10.86,1241.6
41392,30.299929,79.358925,1166.0,26.4287,60.96,1.122,15.373,459,2.665,1.494,0.523,10.229,930.1
41317,30.211275,79.192445,2042.0,24.9817,191.49,0.488,14.061,73,2.405,4.092,1.432,8.455,861.1
41461,30.189065,79.228492,1267.0,42.7176,159.17,-1.42,29.063,55,2.255,5.219,1.827,7.488,1433.8
41489,30.179715,79.318682,1566.0,27.02,143.13,-1.297,15.929,1366,2.087,0.889,0.311,11.294,955.7
41377,30.281682,79.292464,971.0,21.6207,45.34,1.081,12.233,102,2.696,3.114,1.09,8.952,768.8
41361,30.271096,79.251251,1368.0,42.9038,96.45,-0.479,28.041,1036,2.694,1.109,0.388,10.418,1387.6
41380,30.29555,79.297579,815.0,5.6679,40.38,0.28,2.983,148,2.755,2.288,0.801,10.709,199.7
41366,30.291378,79.274714,789.0,8.3639,91.17,-0.017,4.411,966,2.767,1.156,0.405,12.192,291.1
41264,30.300766,79.253042,1209.0,38.2681,38.03,1.857,25.625,1155,2.835,1.03,0.36,10.69,1330.7
41255,30.316234,79.254327,1550.0,28.3382,21.4,0.963,16.55,152,2.902,2.237,0.783,9.043,985.9
41196,30.351716,79.219625,1410.0,14.1462,0.77,0.019,7.561,35,3.068,7.442,2.605,8.335,489.2
41231,30.315265,79.198882,1464.0,19.8858,305.09,-0.935,11.086,48,2.938,5.758,2.015,8.289,705.7
41245,30.291127,79.192295,1307.0,36.3471,298.33,-1.518,23.312,85,2.831,3.608,1.263,8.151,1257.3
41164,30.37907,79.162673,2192.0,23.8926,303.29,-1.096,13.683,23,3.169,10.779,3.773,7.351,845.6
41247,30.277871,79.180594,1150.0,42.233,276.4,-0.468,27.383,202,2.77,1.761,0.616,8.806,1369.5
41157,30.365317,79.197438,1815.0,29.4364,19.91,0.943,17.302,25,3.123,10.013,3.505,7.192,1020.0
41223,30.328902,79.171362,1024.0,10.0855,352.78,-0.126,5.338,44,3.0,6.238,2.183,8.912,352.0
41186,30.34373,79.281253,1173.0,38.0538,27.19,1.547,24.849,116,2.978,2.787,0.975,8.4,1309.1
41202,30.338328,79.229953,1328.0,15.1063,14.24,0.36,8.124,49,3.013,5.657,1.98,8.603,528.7
41156,30.364398,79.210561,1649.0,27.3583,25.83,1.073,15.963,28,3.115,9.086,3.18,7.392,958.6
41131,30.477626,79.213499,2920.0,13.7102,4.29,0.102,7.321,15,3.287,15.229,5.33,7.52,476.0
41200,30.336685,79.238693,1446.0,15.9417,18.7,0.484,8.619,58,2.999,4.954,1.734,8.715,560.0
41199,30.343029,79.238203,1419.0,20.4619,16.37,0.553,11.279,51,3.023,5.515,1.93,8.319,714.6
41242,30.30617,79.196818,1342.0,38.8123,310.34,-1.915,26.251,54,2.899,5.28,1.848,7.608,1349.6
41220,30.340163,79.178282,1170.0,36.7682,357.51,-0.16,22.431,34,3.043,7.661,2.681,7.219,1204.8
41209,30.348,79.192391,1614.0,31.9959,356.58,-0.191,18.76,28,3.068,9.102,3.186,7.204,1067.8
41191,30.350049,79.228025,1343.0,30.4098,1.09,0.058,17.609,40,3.056,6.759,2.366,7.623,1014.7
41240,30.296349,79.173986,997.0,49.4273,283.31,-1.107,36.093,98,2.859,3.223,1.128,7.831,1586.4
41178,30.339304,79.162026,1528.0,23.1754,306.83,-1.112,13.234,40,3.04,6.788,2.376,7.938,822.1
41210,30.341187,79.194853,1622.0,35.921,357.79,-0.138,21.743,32,3.043,8.126,2.844,7.189,1179.8
41230,30.316611,79.179948,1580.0,25.9505,289.72,-0.824,14.846,52,2.949,5.469,1.914,8.073,904.0
41212,30.334491,79.204651,1776.0,36.3471,5.36,0.338,22.138,38,3.014,6.975,2.441,7.346,1201.4
41211,30.336114,79.19553,1502.0,18.476,358.18,-0.059,10.025,34,3.023,7.641,2.674,8.024,635.3
41205,30.342817,79.207492,1680.0,5.6588,1.41,0.014,2.973,35,3.043,7.486,2.62,9.268,197.3
41189,30.347439,79.24463,1184.0,33.1615,9.73,0.552,19.751,52,3.033,5.467,1.913,7.778,1118.2
41179,30.334526,79.156658,1191.0,31.6447,303.64,-1.459,19.447,45,3.021,6.066,2.123,7.692,1110.5
41222,30.327872,79.163068,1063.0,60.2063,347.01,-1.319,54.628,49,2.996,5.736,2.008,6.735,1650.0
41150,30.378137,79.194956,1845.0,19.8858,13.03,0.437,10.903,21,3.162,11.242,3.935,7.463,692.2
41271,30.41769,79.180723,2481.0,14.1888,352.01,-0.195,7.592,15,3.253,15.394,5.388,7.484,494.1
41272,30.321683,79.250525,1887.0,28.2162,33.33,1.295,16.758,109,2.929,2.937,1.028,8.715,994.6
41248,30.281973,79.192244,1182.0,33.1536,291.37,-1.125,20.207,120,2.787,2.722,0.953,8.615,1143.0
41229,30.320924,79.177958,1304.0,23.7283,359.39,-0.025,13.187,48,2.967,5.788,2.026,8.094,805.6
41172,30.353925,79.170017,1465.0,28.1272,308.98,-1.375,16.778,30,3.092,8.588,3.006,7.429,994.7
41259,30.300723,79.286,924.0,16.5123,52.32,0.799,9.034,1039,2.795,1.107,0.387,11.563,586.6
41160,30.375103,79.122616,2165.0,35.4412,284.77,-0.874,21.756,26,3.145,9.734,3.407,6.999,1200.3
41139,30.418584,79.220669,1772.0,32.3142,14.24,0.77,19.255,22,3.238,11.135,3.897,6.95,1102.1
41204,30.336076,79.218387,1660.0,34.0989,7.79,0.458,20.417,44,3.012,6.218,2.176,7.575,1141.8
41207,30.352558,79.203824,1738.0,21.0624,2.09,0.077,11.555,30,3.079,8.535,2.987,7.757,721.0
41173,30.356078,79.163722,1687.0,10.6058,307.64,-0.513,5.654,30,3.099,8.49,2.971,8.478,375.7
41221,30.33448,79.177367,1261.0,36.8332,356.21,-0.243,22.503,38,3.021,7.068,2.474,7.328,1210.6
41138,30.422804,79.204364,1545.0,14.7107,7.51,0.191,7.884,18,3.254,12.774,4.471,7.629,511.8
41146,30.392693,79.207457,1383.0,28.5893,15.6,0.741,16.572,21,3.194,11.647,4.076,7.053,985.4
41261,30.300658,79.27032,1130.0,29.4194,47.06,1.467,17.804,4108,2.815,0.098,0.08,12.295,1040.0
41260,30.305601,79.273562,1331.0,44.4313,44.59,2.221,32.838,4080,2.834,0.105,0.08,11.735,1524.5
41174,30.356653,79.156106,1776.0,25.2744,305.53,-1.195,14.662,31,3.1,8.228,2.88,7.586,894.7
41132,30.441074,79.207082,1791.0,26.0213,2.92,0.132,14.652,17,3.275,13.312,4.659,6.951,882.0
41148,30.385059,79.214102,1316.0,22.4956,20.3,0.732,12.589,23,3.172,10.58,3.703,7.418,787.6
41256,30.311933,79.259445,1580.0,33.9752,28.22,1.416,21.206,236,2.878,1.547,0.541,9.26,1181.0
41193,30.363594,79.225989,1221.0,41.98,1.31,0.096,26.999,32,3.103,8.021,2.807,6.973,1342.9
41217,30.33323,79.187355,1411.0,31.0224,357.97,-0.11,18.047,36,3.015,7.432,2.601,7.493,1035.3
41228,30.322796,79.163872,1144.0,46.8511,351.21,-0.708,32.402,54,2.975,5.285,1.85,7.326,1500.5
41198,30.344305,79.229682,1543.0,10.5892,9.55,0.173,5.613,45,3.035,6.173,2.161,8.885,370.1
41241,30.298526,79.183306,1005.0,8.3475,292.39,-0.294,4.411,78,2.868,3.886,1.36,9.677,293.8
41233,30.307375,79.182557,1401.0,30.3494,289.68,-0.962,17.967,62,2.908,4.704,1.646,8.064,1049.4
41155,30.366881,79.218765,1455.0,24.0565,29.34,1.028,13.742,29,3.118,8.762,3.067,7.575,848.8
41154,30.370786,79.214863,1372.0,16.7358,26.35,0.666,9.12,27,3.132,9.341,3.269,7.899,591.3
41168,30.363233,79.181203,2012.0,42.0204,312.4,-2.092,29.843,25,3.121,10.029,3.51,6.724,1450.8
41170,30.353028,79.187468,1803.0,17.0038,315.73,-0.85,9.338,27,3.087,9.349,3.272,7.882,604.8
41250,30.293336,79.212989,1341.0,43.3405,333.12,-1.748,30.396,94,2.833,3.332,1.166,8.002,1468.6
41238,30.317419,79.152147,1091.0,39.8092,283.24,-0.888,25.491,71,2.951,4.196,1.469,7.846,1325.9
41232,30.310823,79.193609,1281.0,15.9417,299.56,-0.684,8.669,50,2.921,5.573,1.951,8.566,564.3
41171,30.354199,79.178918,1595.0,30.3421,312.44,-1.511,18.535,28,3.092,9.046,3.166,7.269,1071.4
41149,30.384466,79.19999,1631.0,18.9711,14.87,0.471,10.37,21,3.177,11.444,4.005,7.514,662.4
41219,30.346138,79.181057,1364.0,31.3547,359.67,-0.018,18.28,31,3.064,8.372,2.93,7.331,1041.4
41270,30.292159,79.248304,947.0,14.1651,46.35,0.707,7.666,1773,2.8,0.618,0.216,12.258,503.3
41253,30.306744,79.21292,1354.0,34.9398,339.39,-1.151,21.642,73,2.894,4.117,1.441,8.05,1198.2
41133,30.44004,79.220877,2441.0,57.2105,8.28,0.815,47.337,20,3.266,12.109,4.238,5.957,1650.0
41243,30.302613,79.202954,1540.0,30.3432,316.2,-1.516,18.543,62,2.881,4.675,1.636,8.064,1071.6
41249,30.295455,79.206928,1599.0,44.955,323.76,-2.143,33.214,76,2.846,3.962,1.387,7.734,1534.2
41239,30.305296,79.154238,1192.0,19.6843,278.56,-0.29,10.755,101,2.899,3.128,1.095,9.044,681.5
41266,30.298138,79.230291,1152.0,43.769,16.1,1.166,29.699,149,2.844,2.265,0.793,8.448,1448.0
41137,30.419335,79.19315,2006.0,23.3273,2.43,0.099,12.94,17,3.252,13.58,4.753,7.076,795.1
41153,30.376603,79.218694,1356.0,32.1424,27.36,1.312,19.644,26,3.146,9.578,3.352,7.124,1119.9
41177,30.344043,79.167212,1463.0,28.2162,309.87,-1.388,16.854,35,3.057,7.498,2.624,7.579,998.1
41161,30.373265,79.129032,2150.0,41.3962,287.23,-1.171,27.337,26,3.143,9.533,3.337,6.785,1384.5
41141,30.409372,79.222293,1730.0,30.9902,16.88,0.861,18.35,23,3.221,10.574,3.701,7.046,1065.2
41262,30.295916,79.271513,1039.0,24.9625,52.11,1.21,14.467,1843,2.792,0.571,0.2,11.685,884.9
41208,30.356041,79.19884,2034.0,38.665,0.57,0.038,24.005,28,3.093,9.148,3.202,6.956,1251.4
41203,30.331373,79.226255,1496.0,41.1363,13.01,0.902,26.732,53,2.989,5.316,1.861,7.507,1363.2
41224,30.328998,79.178575,1163.0,38.0384,358.02,-0.131,23.481,41,3.0,6.597,2.309,7.36,1238.8
41188,30.340548,79.24749,1411.0,36.4793,11.84,0.733,22.478,62,3.006,4.707,1.647,7.83,1223.9
41140,30.421133,79.231912,2070.0,17.3456,19.23,0.539,9.438,24,3.234,10.227,3.579,7.743,609.1
41192,30.355738,79.228663,1190.0,5.3605,2.17,0.02,2.815,37,3.075,7.193,2.518,9.378,187.0
41134,30.429759,79.222578,2215.0,24.626,9.87,0.416,13.811,21,3.253,11.418,3.996,7.226,847.3
41167,30.367324,79.174284,2057.0,33.4426,308.93,-1.635,21.096,24,3.135,10.088,3.531,6.994,1174.3
41195,30.356634,79.210964,1578.0,47.7019,354.66,-0.442,33.132,31,3.09,8.413,2.945,6.741,1505.5
41194,30.3579,79.220953,1343.0,37.8489,359.56,-0.029,23.312,33,3.088,7.872,2.755,7.15,1228.6
41180,30.3342,79.167259,1305.0,32.5484,309.6,-1.599,20.335,41,3.021,6.55,2.292,7.564,1144.8
41254,30.308733,79.224447,1418.0,30.2981,354.21,-0.304,17.57,87,2.896,3.544,1.24,8.404,1021.3
41268,30.278966,79.224827,1069.0,39.6594,17.28,1.125,25.645,233,2.756,1.568,0.549,9.04,1333.9
41145,30.383008,79.179854,2081.0,18.1184,1.92,0.061,9.817,20,3.179,11.872,4.155,7.514,623.5
41135,30.431758,79.210651,1799.0,21.2999,6.88,0.253,11.715,19,3.263,12.572,4.4,7.288,733.9
41147,30.39255,79.232625,1936.0,60.7614,27.44,2.485,61.312,28,3.177,8.977,3.142,6.153,1650.0
41158,30.369659,79.187175,2109.0,23.3462,16.34,0.63,13.077,22,3.14,10.939,3.829,7.332,812.5
41159,30.377896,79.115911,2004.0,17.949,352.56,-0.23,9.731,24,3.149,10.083,3.529,7.706,622.0
41152,30.380301,79.215053,1364.0,15.9417,24.65,0.604,8.647,24,3.158,10.122,3.543,7.832,562.6
41234,30.307769,79.172767,1411.0,32.5875,284.32,-0.781,19.467,70,2.911,4.266,1.493,8.097,1110.8
41175,30.354923,79.143776,1876.0,42.8799,301.24,-1.901,30.27,34,3.092,7.696,2.694,7.002,1464.4
41263,30.297516,79.261814,995.0,30.6491,46.1,1.531,18.789,3736,2.811,0.191,0.08,12.15,1082.0
41235,30.311809,79.168837,1584.0,36.8741,285.36,-0.942,22.997,66,2.929,4.465,1.563,7.878,1245.3
41251,30.285389,79.203579,1347.0,34.3636,313.11,-1.714,21.968,85,2.8,3.603,1.261,8.224,1206.3
41142,30.406295,79.203487,1604.0,30.4615,10.56,0.549,17.777,18,3.225,13.038,4.563,6.822,1036.2
41185,30.342218,79.2637,1025.0,33.7108,17.99,0.99,20.5,80,2.995,3.797,1.329,8.188,1154.0
41182,30.360307,79.235679,1230.0,29.7933,355.88,-0.213,17.196,37,3.085,7.119,2.492,7.57,1002.2
41215,30.322096,79.202623,1676.0,34.053,4.37,0.259,20.31,46,2.965,6.017,2.106,7.622,1131.5
41244,30.297196,79.198101,1416.0,28.9033,308.51,-1.408,17.365,66,2.858,4.476,1.567,8.185,1021.1
41265,30.299154,79.241398,1264.0,33.7759,28.66,1.421,21.054,219,2.839,1.649,0.577,9.192,1175.1
41197,30.344059,79.219918,1647.0,18.4092,1.94,0.062,9.986,40,3.041,6.785,2.375,8.19,633.2
41166,30.369962,79.160617,1756.0,16.7296,302.63,-0.76,9.147,25,3.143,9.761,3.416,7.822,593.2
41187,30.332216,79.24763,1653.0,26.7518,12.94,0.584,15.251,75,2.974,4.003,1.401,8.404,921.3
41201,30.332142,79.236014,1557.0,23.6625,18.52,0.713,13.312,61,2.984,4.749,1.662,8.337,825.6
41267,30.291942,79.220801,1164.0,17.145,3.44,0.103,9.257,127,2.822,2.589,0.906,9.421,592.0
41183,30.356096,79.243923,1090.0,11.1466,1.98,0.038,5.911,44,3.064,6.234,2.182,8.81,387.2
41257,30.309766,79.270406,1509.0,38.3733,37.37,1.851,25.709,1716,2.856,0.656,0.23,11.082,1333.5
41162,30.365738,79.13601,1962.0,52.6592,288.54,-1.587,41.725,29,3.124,8.75,3.062,6.498,1650.0
41136,30.433462,79.198308,1837.0,9.6296,3.87,0.065,5.091,17,3.27,13.752,4.813,8.008,335.4
41225,30.32633,79.184678,1370.0,36.6355,1.96,0.125,22.318,41,2.988,6.636,2.323,7.411,1199.4
41176,30.341053,79.148961,1152.0,10.3029,299.77,-0.444,5.48,43,3.044,6.367,2.228,8.867,364.1
41226,30.325809,79.191097,1578.0,25.5007,7.29,0.321,14.347,39,2.984,6.898,2.414,7.805,872.1
41216,30.327568,79.196784,1861.0,14.5775,2.04,0.052,7.802,39,2.99,6.843,2.395,8.412,504.4
41269,30.288344,79.23983,984.0,36.9228,38.98,1.806,24.312,1434,2.79,0.844,0.295,10.955,1288.3
41246,30.289118,79.178442,962.0,34.4113,286.02,-0.913,20.974,119,2.825,2.742,0.96,8.559,1171.5
41163,30.369411,79.149525,1857.0,20.2804,295.21,-0.782,11.254,27,3.139,9.387,3.285,7.693,714.9
41218,30.339452,79.185654,1477.0,20.8191,359.62,-0.014,11.407,33,3.039,7.95,2.782,7.865,711.2
41165,30.374475,79.169293,2191.0,29.9673,306.11,-1.427,18.157,23,3.156,10.537,3.688,7.087,1056.0
41237,30.318944,79.160859,1160.0,27.1281,286.9,-0.755,15.588,61,2.959,4.766,1.668,8.181,939.5
41236,30.313294,79.159928,1247.0,41.5662,282.58,-0.884,27.118,71,2.935,4.176,1.462,7.784,1373.9
41184,30.347687,79.254436,1052.0,15.3871,10.44,0.274,8.272,60,3.025,4.853,1.699,8.786,536.5
41143,30.411043,79.193584,1938.0,56.6531,8.08,0.788,46.291,16,3.238,14.075,4.926,5.755,1650.0
41213,30.329007,79.203873,1913.0,14.1462,4.85,0.119,7.564,42,2.992,6.526,2.284,8.517,491.1
41258,30.314077,79.291209,1264.0,29.2858,45.79,1.464,17.704,3176,2.847,0.331,0.116,12.043,1035.6
41169,30.359256,79.186937,2108.0,40.2751,315.58,-2.013,27.876,25,3.107,9.924,3.473,6.786,1397.0
41206,30.348607,79.209325,1740.0,23.3462,4.13,0.168,12.958,33,3.063,7.85,2.747,7.738,797.9
41684,30.129645,79.547946,2067.0,18.831,37.79,0.912,10.442,48,1.262,5.761,2.016,8.348,669.1
41569,30.139438,79.384694,1251.0,1.419,325.06,-0.067,0.743,1125,1.716,1.05,0.367,14.125,49.7
41618,30.084341,79.468771,1248.0,20.5309,297.67,-0.844,11.433,4492,1.2,0.002,0.002,12.793,725.1
41625,30.09108,79.41838,1835.0,34.2344,294.48,-1.291,21.248,125,1.356,2.625,0.919,8.614,1183.3
41647,30.067544,79.447465,1705.0,25.5399,299.32,-1.09,14.755,130,1.2,2.548,0.892,9.007,899.9
41627,30.099464,79.401606,1428.0,15.7566,298.67,-0.663,8.557,102,1.443,3.11,1.088,9.291,557.5
41662,30.137673,79.421753,1569.0,41.8172,287.86,-1.221,27.822,742,1.62,1.305,0.457,10.122,1398.6
41551,30.175976,79.387775,1495.0,24.0214,319.36,-1.187,13.833,132,1.928,2.504,0.876,9.092,852.8
41563,30.149672,79.407897,1497.0,21.6207,328.86,-0.957,12.16,739,1.724,1.307,0.457,10.932,765.1
41719,30.065381,79.502557,1424.0,23.7145,185.03,0.207,13.192,1756,1.2,0.629,0.22,11.695,811.0
41753,30.062986,79.566122,1882.0,35.2356,94.05,-0.248,21.223,3764,1.2,0.184,0.08,11.982,1165.3
41619,30.078789,79.468393,1506.0,44.4706,289.54,-1.402,30.864,1830,1.2,0.58,0.203,10.932,1479.7
41778,30.144041,79.711251,2323.0,34.2344,93.69,-0.22,20.439,4500,1.2,0.0,0.0,12.198,1135.1
41723,30.05809,79.510284,1353.0,35.5842,107.19,-1.005,22.001,939,1.2,1.174,0.411,10.581,1210.6
41586,30.117673,79.411898,1137.0,41.0081,269.42,0.042,26.087,1263,1.524,0.958,0.335,10.682,1314.5
41741,30.085346,79.545921,2271.0,22.0434,57.52,0.999,12.447,161,1.2,2.124,0.743,9.387,780.6
41798,30.025697,79.646439,1531.0,21.0624,79.83,0.366,11.592,38,1.2,6.972,2.44,7.993,729.3
41646,30.072865,79.453412,1450.0,27.8405,304.52,-1.3,16.5,203,1.2,1.756,0.615,9.353,982.6
41716,30.065462,79.48646,1703.0,35.7604,282.47,-0.754,21.91,837,1.2,1.242,0.435,10.459,1204.0
41776,30.144418,79.675211,2777.0,64.3983,87.99,0.226,62.69,185,1.2,1.893,0.663,7.886,1650.0
41744,30.081814,79.580213,1853.0,18.0877,70.62,0.566,9.877,725,1.2,1.316,0.461,11.106,635.0
41600,30.108217,79.434051,1129.0,38.5098,285.09,-0.968,24.424,3740,1.416,0.19,0.08,11.857,1293.5
41527,30.15959,79.319897,1511.0,36.0464,278.45,-0.524,21.983,122,1.965,2.689,0.941,8.523,1201.5
41663,30.131254,79.410508,1266.0,19.5753,282.39,-0.41,10.713,4404,1.608,0.024,0.024,12.825,681.1
41783,30.12403,79.638622,1867.0,23.3823,96.71,-0.271,12.995,113,1.2,2.848,0.997,8.967,802.3
41633,30.079141,79.400035,2235.0,27.8183,293.22,-1.008,16.227,60,1.332,4.831,1.691,8.135,971.0
41559,30.157653,79.389628,1409.0,38.4604,322.45,-1.858,25.804,1342,1.814,0.905,0.317,10.833,1336.4
41570,30.141926,79.371876,1086.0,23.8643,324.31,-1.131,13.69,243,1.758,1.513,0.53,9.71,845.8
41596,30.112861,79.431533,1235.0,31.0038,283.05,-0.682,18.237,4476,1.449,0.006,0.006,12.317,1058.3
41742,30.076345,79.548854,2254.0,38.2267,69.6,1.249,24.535,970,1.2,1.153,0.404,10.517,1299.4
41507,30.200739,79.364643,2039.0,29.1385,346.01,-0.684,16.919,87,2.124,3.547,1.241,8.451,1000.5
41538,30.152585,79.372036,1075.0,48.3262,295.84,-1.896,36.606,1926,1.822,0.516,0.181,10.848,1607.2
41516,30.18509,79.385252,1532.0,39.1372,286.09,-1.042,25.067,98,1.988,3.212,1.124,8.192,1315.0
41495,30.235563,79.34525,1723.0,19.2418,336.93,-0.694,10.597,49,2.363,5.726,2.004,8.346,677.4
41639,30.077562,79.444704,1751.0,27.7311,301.79,-1.242,16.368,185,1.217,1.893,0.663,9.265,976.9
41626,30.09245,79.40686,1746.0,25.8943,294.55,-0.979,14.908,95,1.391,3.306,1.157,8.678,907.6
41709,30.061737,79.481362,1907.0,11.4925,270.09,-0.002,6.099,194,1.2,1.82,0.637,10.262,398.5
41594,30.117544,79.420664,1170.0,33.9586,279.93,-0.577,20.371,3032,1.503,0.367,0.128,11.814,1143.0
41496,30.246671,79.353768,1945.0,36.0611,341.39,-1.091,22.486,46,2.407,6.035,2.112,7.547,1228.7
41604,30.100738,79.433238,1095.0,11.2092,283.72,-0.258,5.955,1441,1.375,0.839,0.294,12.293,392.8
41582,30.119331,79.403587,1033.0,7.7344,264.1,0.079,4.075,604,1.554,1.397,0.489,11.801,270.0
41580,30.125741,79.39665,1173.0,39.5761,263.34,0.456,24.926,653,1.607,1.364,0.477,10.073,1297.4
41529,30.14784,79.313619,1922.0,20.9846,276.67,-0.242,11.523,73,1.905,4.118,1.441,8.65,723.2
41733,30.032264,79.535191,1665.0,13.913,115.0,-0.533,7.484,79,1.2,3.827,1.339,9.166,491.1
41544,30.122417,79.342187,1772.0,25.2404,287.37,-0.719,14.324,58,1.702,4.929,1.725,8.214,877.4
41687,30.122498,79.517503,1560.0,14.5052,20.44,0.475,7.805,48,1.293,5.779,2.023,8.624,510.5
41679,30.134781,79.5151,1861.0,41.0495,7.12,0.505,26.29,39,1.372,6.94,2.429,7.203,1340.0
41682,30.124011,79.530572,1984.0,22.35,26.51,0.893,12.578,44,1.27,6.273,2.196,8.074,787.7
41548,30.091909,79.375472,1740.0,22.4851,282.98,-0.492,12.492,51,1.458,5.502,1.926,8.215,779.9
41554,30.166525,79.374342,1364.0,31.6673,316.53,-1.581,19.627,1348,1.9,0.901,0.315,11.091,1116.4
41800,30.024649,79.680155,1572.0,41.622,79.13,0.771,27.049,25,1.2,9.831,3.441,6.738,1369.4
41708,30.069466,79.482572,1590.0,15.1063,291.25,-0.51,8.151,1224,1.2,0.984,0.344,11.821,531.9
41700,30.043311,79.545296,1261.0,19.8858,135.51,-0.994,11.116,131,1.2,2.525,0.884,9.293,707.3
41602,30.10221,79.436043,1189.0,29.6026,283.73,-0.683,17.242,1905,1.377,0.53,0.185,11.519,1015.0
41532,30.148983,79.342597,1710.0,32.2818,283.65,-0.74,19.21,136,1.86,2.444,0.855,8.773,1099.8
41736,30.029644,79.556751,1304.0,31.381,106.42,-0.851,18.627,77,1.2,3.943,1.38,8.239,1076.9
41737,30.023685,79.566122,1406.0,21.3646,107.01,-0.598,11.84,65,1.2,4.527,1.584,8.514,746.0
41668,30.126445,79.431977,1736.0,41.8051,292.69,-1.488,28.274,1027,1.528,1.115,0.39,10.447,1412.6
41502,30.218525,79.350928,1472.0,15.0767,341.89,-0.445,8.121,66,2.256,4.454,1.559,8.902,529.5
41573,30.130924,79.366062,1265.0,29.6722,322.46,-1.434,17.95,113,1.705,2.848,0.997,8.691,1046.9
41518,30.181517,79.372296,1447.0,20.7955,284.13,-0.492,11.462,157,1.994,2.18,0.763,9.426,724.0
41806,30.049022,79.773023,1560.0,39.6917,75.39,0.969,25.477,20,1.2,12.1,4.235,6.583,1326.8
41598,30.109207,79.420238,1502.0,18.5985,279.18,-0.293,10.117,1111,1.455,1.059,0.371,11.503,645.3
41677,30.136047,79.5034,1853.0,18.5985,354.95,-0.163,10.102,41,1.408,6.618,2.316,8.204,642.0
41564,30.149171,79.399058,1772.0,25.1471,327.11,-1.147,14.539,1708,1.741,0.661,0.231,11.6,888.9
41530,30.146285,79.325685,1688.0,36.1613,278.64,-0.537,22.083,85,1.875,3.609,1.263,8.157,1205.5
41721,30.054834,79.500378,1549.0,18.4411,144.57,-0.871,10.192,198,1.2,1.79,0.626,9.788,654.7
41762,30.043729,79.583815,1519.0,22.2286,114.4,-0.836,12.473,157,1.2,2.169,0.759,9.352,781.9
41710,30.066664,79.474376,1875.0,17.7088,287.58,-0.51,9.641,229,1.2,1.586,0.555,9.977,620.8
41768,30.093425,79.553432,2513.0,17.1218,79.33,0.312,9.264,103,1.2,3.077,1.077,9.213,596.2
41605,30.102871,79.427234,1270.0,23.7145,284.31,-0.568,13.284,1077,1.402,1.082,0.379,11.206,822.6
41672,30.092016,79.477638,1338.0,35.7604,301.55,-1.595,22.938,1008,1.216,1.128,0.395,10.645,1243.4
41644,30.069465,79.464259,1949.0,25.7911,298.14,-1.073,14.908,212,1.2,1.691,0.592,9.485,907.5
41764,30.038991,79.56289,1432.0,31.125,125.25,-1.467,19.065,113,1.2,2.861,1.001,8.633,1094.5
41759,30.04557,79.557024,1700.0,31.9408,117.19,-1.298,19.475,156,1.2,2.182,0.764,8.924,1113.0
41787,30.09766,79.651523,1698.0,38.6693,111.65,-1.326,25.041,60,1.2,4.844,1.695,7.718,1315.9
41624,30.089022,79.430742,1309.0,28.9033,294.36,-1.086,17.045,180,1.314,1.941,0.679,9.188,1008.7
41561,30.157583,79.404739,1778.0,15.9644,328.6,-0.71,8.69,208,1.779,1.719,0.602,9.99,565.7
41695,30.066704,79.526592,1408.0,17.145,107.07,-0.481,9.308,4136,1.2,0.091,0.08,12.905,600.9
41775,30.149615,79.643926,2821.0,32.1923,81.05,0.495,19.002,128,1.2,2.57,0.899,8.716,1086.6
41550,30.173434,79.376738,1329.0,36.3847,315.0,-1.819,23.864,216,1.937,1.671,0.585,9.082,1272.7
41699,30.0469,79.539306,1232.0,6.5016,134.44,-0.325,3.428,157,1.2,2.177,0.762,10.629,229.4
41553,30.169167,79.38623,1709.0,29.4364,319.08,-1.457,17.805,199,1.89,1.789,0.626,9.267,1040.2
41676,30.123245,79.503538,1958.0,16.3225,354.8,-0.147,8.79,53,1.332,5.316,1.861,8.6,565.4
41692,30.082999,79.503201,1341.0,32.5484,20.84,1.082,19.7,907,1.2,1.195,0.418,10.66,1122.6
41815,30.167541,79.354169,1056.0,28.4518,293.78,-1.05,16.698,4112,1.948,0.097,0.08,12.336,992.9
41814,30.210623,79.395212,2676.0,35.2957,312.31,-1.757,22.818,45,2.116,6.118,2.141,7.553,1236.8
41816,30.160671,79.532692,2131.0,15.8582,10.83,0.293,8.54,32,1.484,8.114,2.84,8.125,552.9
41817,30.016089,79.525382,2334.0,25.0627,146.79,-1.148,14.484,49,1.2,5.693,1.993,8.053,886.1
41819,30.022424,79.780126,2437.0,33.4426,93.64,-0.212,19.836,15,1.2,15.028,5.26,6.524,1111.5
41818,30.164678,79.74246,3265.0,46.0232,61.67,1.922,33.841,81,1.2,3.778,1.322,7.76,1549.9
41667,30.130392,79.42262,1431.0,30.4594,289.97,-0.978,18.06,1519,1.574,0.787,0.275,11.258,1053.5
41591,30.104989,79.389996,1556.0,28.8818,263.64,0.318,16.59,89,1.501,3.468,1.214,8.485,978.3
41543,30.135817,79.339783,1386.0,32.7193,290.33,-1.066,19.814,80,1.786,3.817,1.336,8.226,1127.1
41636,30.080454,79.427686,1400.0,13.7391,299.23,-0.585,7.397,114,1.274,2.83,0.99,9.546,486.1
41535,30.156573,79.3629,1083.0,35.8588,292.27,-1.258,22.525,1738,1.865,0.641,0.224,11.186,1230.5
41534,30.161964,79.359297,1221.0,36.438,292.17,-1.273,23.028,3152,1.905,0.337,0.118,11.76,1248.4
41523,30.176943,79.329751,1084.0,41.5348,280.14,-0.72,26.916,1879,2.051,0.547,0.191,11.061,1364.3
41680,30.13977,79.52464,2010.0,27.1281,14.45,0.656,15.535,33,1.378,7.818,2.736,7.566,935.9
41552,30.176404,79.39948,1733.0,32.7877,323.63,-1.566,20.475,99,1.904,3.177,1.112,8.436,1150.9
41810,30.05879,79.818923,2379.0,20.4757,77.01,0.448,11.258,16,1.2,14.036,4.913,7.159,712.2
41587,30.112572,79.414142,1408.0,33.5198,268.37,0.095,19.876,886,1.489,1.209,0.423,10.6,1108.6
41781,30.119757,79.69848,2470.0,22.9048,101.93,-0.463,12.743,108,1.2,2.96,1.036,8.945,792.8
41780,30.126158,79.71915,2311.0,41.0562,100.63,-0.744,26.489,162,1.2,2.123,0.743,8.627,1352.7
41697,30.063564,79.545791,1756.0,25.2402,110.0,-0.811,14.373,3364,1.2,0.284,0.099,12.274,880.5
41730,30.035394,79.517846,1820.0,15.5058,127.72,-0.75,8.439,85,1.2,3.621,1.267,9.126,550.7
41703,30.080234,79.476676,1515.0,12.9635,311.69,-0.644,6.977,4052,1.2,0.112,0.08,13.177,460.2
41686,30.118048,79.517998,1669.0,34.9192,21.54,1.193,21.676,53,1.266,5.344,1.87,7.731,1199.5
41589,30.105231,79.397164,1260.0,31.381,262.91,0.384,18.366,108,1.486,2.957,1.035,8.578,1057.5
41720,30.063295,79.494875,1565.0,11.4221,182.39,0.048,6.061,991,1.2,1.139,0.399,11.899,396.8
41739,30.012002,79.567298,1718.0,7.9715,114.76,-0.303,4.211,48,1.2,5.808,2.033,9.238,280.7
41588,30.111659,79.40077,1381.0,22.0024,265.77,0.162,12.13,155,1.515,2.199,0.77,9.351,754.1
41770,30.121333,79.604852,1985.0,34.7253,78.91,0.655,21.014,3644,1.2,0.214,0.08,11.969,1169.1
41714,30.049299,79.487186,1966.0,16.3225,240.76,0.696,8.891,113,1.2,2.864,1.002,9.357,577.7
41685,30.113234,79.527243,1929.0,29.4364,32.22,1.328,17.66,57,1.215,5.055,1.769,8.016,1035.1
41809,30.062568,79.797632,1647.0,43.8394,75.43,1.067,29.617,19,1.2,12.284,4.299,6.386,1444.4
41599,30.106544,79.427712,1238.0,26.9169,280.82,-0.496,15.324,1564,1.422,0.757,0.265,11.434,923.4
41595,30.118271,79.427067,1103.0,40.7655,283.5,-0.925,26.411,3984,1.492,0.129,0.08,11.84,1354.2
41728,30.041248,79.522655,1615.0,19.6824,114.76,-0.749,10.881,109,1.2,2.935,1.027,9.121,693.8
41752,30.063044,79.588275,1340.0,31.9744,91.51,-0.084,18.731,4500,1.2,0.0,0.0,12.284,1062.6
41779,30.14298,79.730604,2529.0,19.1539,96.44,-0.213,10.432,188,1.2,1.868,0.654,9.695,661.8
41756,30.053908,79.585745,1332.0,16.3225,101.63,-0.322,8.808,1156,1.2,1.029,0.36,11.682,569.3
41612,30.099531,79.424594,1408.0,23.5786,288.39,-0.706,13.255,240,1.389,1.528,0.535,9.711,822.6
41650,30.16173,79.439657,2021.0,30.5985,291.66,-1.05,18.223,66,1.72,4.442,1.555,8.116,1060.8
41623,30.080813,79.438117,1697.0,13.9217,287.91,-0.407,7.467,165,1.251,2.087,0.73,9.902,489.0
41555,30.160539,79.379974,1567.0,26.0089,317.03,-1.297,15.241,1723,1.852,0.651,0.228,11.571,922.5
41658,30.151672,79.432768,2244.0,29.5599,293.54,-1.082,17.506,100,1.677,3.172,1.11,8.573,1029.4
41504,30.21047,79.357699,1787.0,37.8001,343.63,-1.022,23.87,74,2.195,4.074,1.426,7.959,1275.9
41584,30.115641,79.382688,1547.0,41.2847,260.26,0.688,26.651,101,1.579,3.123,1.093,8.146,1355.9
41659,30.151939,79.4423,2278.0,15.1401,298.85,-0.64,8.2,79,1.655,3.847,1.346,9.078,535.7
41808,30.072988,79.798623,2288.0,20.5309,72.43,0.591,11.333,21,1.2,11.531,4.036,7.428,718.0
41597,30.111712,79.42613,1250.0,18.4167,281.45,-0.358,10.021,2676,1.456,0.456,0.16,12.393,640.9
41528,30.15413,79.326393,1481.0,28.401,278.85,-0.432,16.297,114,1.921,2.844,0.995,8.752,967.7
41638,30.069205,79.433443,1909.0,29.5074,292.32,-1.037,17.429,94,1.2,3.329,1.165,8.514,1025.9
41734,30.031936,79.54238,1503.0,25.6137,110.93,-0.855,14.643,80,1.2,3.806,1.332,8.518,894.2
41560,30.155208,79.397773,1733.0,16.324,324.81,-0.769,8.915,1019,1.781,1.12,0.392,11.556,579.4
41609,30.10366,79.402956,1375.0,27.0005,283.13,-0.597,15.422,122,1.464,2.684,0.939,8.879,929.7
41506,30.203803,79.352206,1824.0,12.7227,343.16,-0.353,6.794,100,2.168,3.158,1.105,9.495,446.7
41524,30.166479,79.320567,1798.0,23.8887,277.27,-0.3,13.317,172,2.005,2.014,0.705,9.363,819.6
41522,30.171448,79.336758,974.0,49.0031,278.86,-0.746,34.992,1684,2.005,0.677,0.237,10.69,1554.5
41755,30.056079,79.589526,1387.0,48.4494,98.84,-0.736,34.304,1528,1.2,0.781,0.273,10.612,1540.8
41615,30.09255,79.445952,1112.0,35.1557,292.65,-1.249,21.936,1774,1.297,0.617,0.216,11.233,1209.1
41702,30.081052,79.484581,1381.0,20.4757,322.63,-0.988,11.472,3392,1.2,0.277,0.097,12.515,727.3
41746,30.075556,79.60969,1900.0,8.9658,78.1,0.181,4.737,224,1.2,1.617,0.566,10.659,313.9
41664,30.131297,79.403854,1529.0,33.4244,281.52,-0.654,20.01,2784,1.624,0.429,0.15,11.748,1130.5
41745,30.080933,79.59374,1431.0,3.2223,73.35,0.088,1.689,4380,1.2,0.03,0.03,14.663,112.8
41526,30.164847,79.336641,1124.0,46.9779,281.14,-0.891,32.778,757,1.966,1.295,0.453,9.961,1514.3
41592,30.099508,79.391018,1351.0,32.5631,262.15,0.441,19.251,79,1.467,3.833,1.342,8.219,1095.4
41740,30.090647,79.536084,2026.0,27.9176,45.22,1.396,16.652,125,1.2,2.631,0.921,8.865,988.7
41607,30.102724,79.413209,1521.0,18.217,282.66,-0.39,9.911,168,1.434,2.055,0.719,9.637,635.0
41713,30.045117,79.485944,1986.0,14.7107,237.46,0.667,7.963,94,1.2,3.339,1.169,9.282,521.4
41558,30.162761,79.395821,1946.0,33.8047,324.68,-1.595,21.326,209,1.83,1.714,0.6,9.145,1183.7
41576,30.12533,79.373799,1585.0,5.5414,324.67,-0.261,2.915,109,1.655,2.948,1.032,10.425,195.1
41660,30.136893,79.445573,2241.0,23.7145,295.87,-0.931,13.461,112,1.557,2.877,1.007,8.942,834.3
41675,30.103104,79.498527,1807.0,29.4194,347.45,-0.624,17.081,104,1.227,3.066,1.073,8.618,1006.9
41542,30.140076,79.355506,1491.0,28.3143,292.87,-1.014,16.573,128,1.781,2.571,0.9,8.872,987.1
41540,30.147938,79.373768,1144.0,41.4167,296.69,-1.662,28.233,1419,1.79,0.854,0.299,10.784,1411.0
41539,30.146469,79.378832,1087.0,25.2402,296.26,-1.001,14.493,1626,1.77,0.716,0.251,11.547,887.0
41630,30.086276,79.379326,1542.0,32.9381,292.68,-1.172,20.093,49,1.418,5.685,1.99,7.727,1138.4
41520,30.181884,79.358864,1400.0,33.5021,283.41,-0.756,20.14,469,2.025,1.487,0.52,9.964,1137.3
41805,30.03548,79.752595,1784.0,18.0333,77.78,0.373,9.801,18,1.2,12.677,4.437,7.414,628.4
41706,30.075131,79.481872,1500.0,18.1332,306.81,-0.87,10.009,2772,1.2,0.432,0.151,12.445,644.1
41545,30.113843,79.368484,1811.0,11.1466,288.44,-0.334,5.928,69,1.599,4.301,1.505,9.26,391.8
41681,30.14073,79.531935,1776.0,12.3612,20.3,0.402,6.601,32,1.366,8.131,2.846,8.385,435.0
41501,30.225426,79.347212,1427.0,18.7821,341.49,-0.565,10.283,59,2.302,4.892,1.712,8.557,658.5
41712,30.052859,79.477172,2176.0,22.4851,260.1,0.381,12.462,112,1.2,2.888,1.011,9.002,776.5
41801,30.027048,79.695791,1691.0,28.599,78.37,0.565,16.486,22,1.2,11.111,3.889,7.099,979.0
41500,30.226131,79.358508,1692.0,26.1357,342.82,-0.738,14.919,50,2.284,5.569,1.949,8.025,907.0
41499,30.231914,79.363774,1658.0,9.7314,343.92,-0.259,5.154,43,2.305,6.39,2.236,8.926,341.6
41766,30.034056,79.56294,1319.0,35.8435,130.73,-1.772,23.31,91,1.2,3.406,1.192,8.237,1254.2
41661,30.133571,79.436278,1920.0,30.0782,290.93,-1.004,17.808,176,1.56,1.976,0.692,9.118,1042.6
41617,30.08722,79.461118,1173.0,17.881,295.89,-0.702,9.797,4500,1.23,0.0,0.0,12.944,631.3
41603,30.098346,79.438167,1132.0,16.9174,282.63,-0.361,9.154,1663,1.349,0.691,0.242,12.008,590.4
41696,30.067245,79.53805,1588.0,20.5309,105.14,-0.518,11.31,4256,1.2,0.061,0.061,12.739,716.0
41688,30.106388,79.514983,1892.0,38.8376,25.38,1.504,25.482,74,1.205,4.037,1.413,7.922,1329.7
41514,30.192295,79.387731,1992.0,35.831,286.45,-0.973,22.168,75,2.025,4.014,1.405,8.044,1216.4
41704,30.078135,79.473402,1610.0,28.5592,306.01,-1.358,17.065,2688,1.2,0.453,0.159,11.906,1008.1
41571,30.137511,79.375629,1161.0,23.4774,324.49,-1.11,13.426,208,1.724,1.72,0.602,9.573,832.1
41799,30.02675,79.663328,1546.0,39.6078,78.83,0.753,25.174,31,1.2,8.282,2.899,7.025,1313.5
41738,30.014478,79.554722,1810.0,20.4952,118.42,-0.858,11.418,50,1.2,5.635,1.972,8.297,724.3
41509,30.192668,79.366319,1538.0,29.2353,346.54,-0.662,16.974,111,2.073,2.89,1.012,8.691,1002.7
41724,30.049267,79.494879,1698.0,19.8858,162.88,-0.559,10.936,128,1.2,2.571,0.9,9.27,695.5
41751,30.060685,79.600328,2000.0,49.9426,91.3,-0.113,35.691,909,1.2,1.194,0.418,10.04,1537.7
41769,30.102539,79.579808,2145.0,45.5558,81.82,0.642,30.901,176,1.2,1.979,0.693,8.552,1464.5
41711,30.062618,79.471863,1956.0,12.9635,281.3,-0.249,6.917,164,1.2,2.097,0.734,9.97,453.1
41631,30.085929,79.389414,1761.0,32.027,294.2,-1.197,19.426,57,1.394,5.021,1.757,7.913,1111.4
41792,30.054745,79.628405,2059.0,22.7874,63.78,0.903,12.857,76,1.2,3.988,1.396,8.599,802.6
41674,30.089815,79.515905,1776.0,39.1202,27.75,1.612,25.935,141,1.2,2.376,0.832,8.557,1343.3
41621,30.083445,79.45115,1445.0,25.4579,291.39,-0.865,14.547,1224,1.233,0.984,0.344,11.253,889.4
41666,30.129482,79.416393,1289.0,25.2513,286.43,-0.685,14.315,3352,1.584,0.287,0.1,12.27,876.6
41634,30.082783,79.414245,2002.0,31.962,297.48,-1.308,19.503,86,1.319,3.567,1.248,8.327,1114.1
41784,30.110539,79.614103,2074.0,25.8748,99.44,-0.419,14.615,1240,1.2,0.973,0.341,11.248,887.4
41614,30.093788,79.437848,1109.0,10.9269,289.94,-0.35,5.809,1087,1.324,1.075,0.376,12.037,384.4
41531,30.142636,79.337118,1854.0,48.3751,280.03,-0.83,34.337,94,1.832,3.329,1.165,7.826,1544.7
41565,30.151512,79.391673,1642.0,23.3957,326.96,-1.069,13.345,2712,1.772,0.447,0.156,12.144,828.1
41590,30.109831,79.388212,1709.0,21.4118,264.61,0.2,11.776,98,1.533,3.205,1.122,8.922,736.0
41536,30.1528,79.35318,1283.0,39.5369,290.42,-1.293,25.777,242,1.862,1.517,0.531,9.082,1339.0
41574,30.133771,79.378188,1119.0,30.7429,326.63,-1.412,18.711,181,1.696,1.928,0.675,9.119,1080.1
41772,30.152462,79.621489,2391.0,14.7107,72.83,0.415,7.91,2916,1.238,0.396,0.139,12.716,516.3
41804,30.022898,79.724029,1455.0,38.985,80.87,0.611,24.506,17,1.2,13.485,4.72,6.446,1289.0
41705,30.07248,79.474049,1761.0,22.6197,295.46,-0.878,12.739,1192,1.2,1.005,0.352,11.36,796.2
41640,30.076398,79.449801,1576.0,37.1219,302.26,-1.676,24.249,221,1.2,1.636,0.573,9.078,1287.9
41790,30.04971,79.611498,1750.0,22.5378,65.31,0.855,12.675,122,1.2,2.683,0.939,9.085,792.8
41498,30.23902,79.371326,2256.0,43.6277,345.72,-1.043,29.364,52,2.329,5.421,1.897,7.4,1437.5
41654,30.144393,79.416011,1500.0,29.2836,280.53,-0.526,16.94,532,1.673,1.445,0.506,10.256,998.8
41802,30.016049,79.690582,1646.0,16.1803,82.81,0.201,8.713,22,1.2,11.158,3.905,7.73,561.8
41771,30.143617,79.618341,2188.0,46.1957,74.12,1.216,32.415,3020,1.2,0.37,0.13,11.372,1513.6
41643,30.075908,79.463484,1577.0,33.5583,307.19,-1.616,21.16,1104,1.2,1.064,0.372,10.818,1177.0
41549,30.17178,79.364074,1394.0,46.0082,310.83,-2.276,34.868,1452,1.954,0.832,0.291,10.647,1569.9
41572,30.13341,79.359055,1217.0,21.494,321.22,-1.049,12.134,107,1.734,2.997,1.049,9.006,763.6
41651,30.158257,79.426721,1893.0,32.5198,286.3,-0.876,19.49,96,1.731,3.28,1.148,8.416,1112.9
41803,30.023524,79.710777,1613.0,41.7022,80.43,0.684,27.042,17,1.2,13.36,4.676,6.35,1366.9
41521,30.177826,79.352199,1134.0,35.5339,282.11,-0.729,21.708,1575,2.014,0.75,0.262,11.1,1196.3
41525,30.172391,79.350265,1108.0,58.3086,284.36,-1.401,50.919,3936,1.985,0.141,0.08,11.197,1650.0
41635,30.083101,79.422675,1661.0,26.1238,299.62,-1.122,15.168,108,1.301,2.964,1.037,8.796,920.1
41652,30.15957,79.417416,1584.0,22.5378,284.32,-0.54,12.54,119,1.761,2.746,0.961,9.06,783.1
41760,30.044255,79.564646,1455.0,22.555,116.71,-0.906,12.713,149,1.2,2.265,0.793,9.284,794.9
41567,30.145593,79.393561,1494.0,32.0549,327.38,-1.455,19.755,4500,1.733,0.0,0.0,12.281,1123.2
41593,30.095767,79.389933,1502.0,33.214,261.18,0.503,19.766,71,1.448,4.204,1.471,8.087,1117.6
41645,30.069189,79.455996,1642.0,33.7759,298.94,-1.43,21.066,170,1.2,2.039,0.714,8.939,1175.5
41581,30.124948,79.403992,1119.0,16.9438,265.78,0.124,9.143,1315,1.586,0.923,0.323,11.771,585.8
41608,30.10781,79.410298,1282.0,15.5058,285.86,-0.408,8.358,191,1.471,1.851,0.648,9.936,543.4
41606,30.104549,79.420806,1556.0,24.91,284.57,-0.606,14.059,616,1.427,1.389,0.486,10.591,862.8
41796,30.03315,79.640823,1396.0,14.5417,75.66,0.349,7.805,46,1.2,6.055,2.119,8.579,509.2
41789,30.043386,79.603073,1349.0,26.7277,138.48,-1.327,15.758,126,1.2,2.605,0.912,8.924,947.2
41505,30.208472,79.367042,1970.0,29.0002,346.16,-0.674,16.817,67,2.165,4.394,1.538,8.196,995.8
41670,30.105315,79.445761,1314.0,37.3042,288.07,-1.1,23.539,2968,1.371,0.383,0.134,11.669,1265.4
41749,30.074632,79.585569,1430.0,27.3925,80.9,0.428,15.617,1798,1.2,0.601,0.21,11.553,935.9
41665,30.125352,79.419483,1517.0,20.6422,284.51,-0.501,11.372,3816,1.552,0.171,0.08,12.624,719.2
41568,30.139708,79.397405,1495.0,23.6585,327.19,-1.077,13.519,3688,1.689,0.203,0.08,12.439,837.1
41583,30.118898,79.396939,1130.0,20.0059,263.38,0.229,10.937,186,1.566,1.887,0.66,9.637,690.5
41585,30.116881,79.393554,1276.0,22.1505,263.77,0.239,12.23,148,1.562,2.279,0.798,9.297,761.3
41791,30.062108,79.617325,1995.0,25.0848,59.85,1.089,14.454,119,1.2,2.734,0.957,8.939,884.9
41575,30.133084,79.391017,1045.0,40.6368,330.06,-1.757,27.662,949,1.664,1.167,0.408,10.41,1394.1
41562,30.154458,79.407948,1626.0,18.8751,329.54,-0.825,10.43,212,1.753,1.691,0.592,9.831,668.4
41690,30.089279,79.527529,1822.0,22.8321,60.0,0.989,12.936,139,1.2,2.411,0.844,9.201,806.8
41620,30.082929,79.461959,1321.0,24.3586,293.77,-0.899,13.854,2876,1.204,0.406,0.142,12.158,854.6
41795,30.04378,79.64518,1867.0,34.8904,70.24,1.11,21.556,47,1.2,5.889,2.061,7.612,1194.8
41748,30.071754,79.597139,1477.0,40.1209,81.97,0.555,25.475,1855,1.2,0.563,0.197,11.098,1317.4
41510,30.188725,79.35221,1338.0,32.5734,273.78,-0.214,19.188,202,2.079,1.761,0.616,9.158,1086.0
41767,30.026829,79.572657,1670.0,31.124,132.72,-1.551,19.173,72,1.2,4.127,1.444,8.182,1097.9
41782,30.121058,79.671614,1978.0,41.4319,100.43,-0.738,26.836,70,1.2,4.262,1.492,7.775,1362.5
41611,30.098395,79.419749,1638.0,32.9825,285.49,-0.849,19.817,179,1.394,1.95,0.682,9.021,1125.7
41797,30.035205,79.656127,1524.0,52.0996,74.56,1.337,40.221,37,1.2,7.235,2.532,6.762,1650.0
41757,30.054249,79.572658,1535.0,25.0054,104.23,-0.596,14.116,1054,1.2,1.097,0.384,11.124,865.6
41648,30.162947,79.409117,2024.0,30.6537,348.64,-0.592,17.935,136,1.801,2.445,0.856,8.837,1043.8
41793,30.037236,79.616296,1705.0,39.0751,73.73,1.051,25.022,77,1.2,3.935,1.377,7.953,1313.7
41512,30.192622,79.380335,1886.0,44.957,282.7,-0.964,30.643,84,2.043,3.644,1.275,7.834,1467.6
41641,30.077436,79.455431,1334.0,39.6413,305.47,-1.873,26.946,877,1.2,1.215,0.425,10.366,1371.6
41812,30.043,79.78993,2113.0,28.6057,82.32,0.379,16.419,17,1.2,13.527,4.734,6.841,972.1
41541,30.143065,79.363355,1238.0,18.3134,294.13,-0.683,10.044,188,1.783,1.869,0.654,9.743,645.6
41683,30.135446,79.541345,2029.0,18.4522,30.28,0.803,10.17,41,1.312,6.55,2.292,8.212,653.4
41578,30.121244,79.384879,1296.0,13.7844,327.0,-0.63,7.433,131,1.607,2.528,0.885,9.682,488.5
41637,30.075128,79.428039,1504.0,40.4471,296.08,-1.597,27.156,97,1.244,3.229,1.13,8.136,1380.4
41678,30.141575,79.509837,2003.0,16.9174,0.83,0.025,9.125,36,1.425,7.431,2.601,8.175,582.6
41691,30.07527,79.520734,1772.0,19.6086,81.74,0.279,10.708,1488,1.2,0.808,0.283,11.739,678.7
41694,30.05612,79.528144,1243.0,41.2706,125.25,-1.945,28.711,828,1.2,1.248,0.437,10.251,1421.9
41656,30.145936,79.428192,2235.0,49.0908,287.6,-1.415,36.313,139,1.654,2.403,0.841,8.192,1597.0
41503,30.211774,79.349886,1694.0,27.0123,341.36,-0.818,15.548,81,2.219,3.772,1.32,8.469,938.1
41642,30.080564,79.460184,1415.0,13.1306,311.86,-0.653,7.072,1626,1.2,0.716,0.251,12.251,466.2
41610,30.098371,79.413101,1645.0,16.1803,283.08,-0.357,8.732,139,1.41,2.408,0.843,9.573,565.3
41649,30.168334,79.431794,1899.0,12.6443,359.25,-0.017,6.73,67,1.779,4.427,1.549,9.1,438.1
41763,30.033497,79.577365,1520.0,22.0434,123.26,-1.011,12.454,93,1.2,3.352,1.173,8.838,781.0
41747,30.069513,79.607154,1785.0,30.0184,82.26,0.401,17.403,234,1.2,1.563,0.547,9.405,1016.6
41557,30.166956,79.401353,2047.0,9.2749,326.5,-0.427,4.921,139,1.843,2.403,0.841,10.148,327.8
41622,30.083235,79.444203,1657.0,15.2423,290.34,-0.497,8.225,484,1.249,1.477,0.517,10.883,536.3
41732,30.038692,79.54094,1425.0,19.791,104.41,-0.477,10.857,104,1.2,3.071,1.075,9.068,690.1
41669,30.117486,79.440514,1681.0,30.4277,292.6,-1.08,18.127,1216,1.455,0.989,0.346,11.037,1056.7
41754,30.058266,79.580494,1394.0,15.1401,97.29,-0.191,8.125,1815,1.2,0.59,0.206,12.212,526.4
41533,30.158435,79.350108,1580.0,32.9292,288.54,-0.993,19.903,958,1.902,1.161,0.406,10.7,1130.4
41707,30.077343,79.489925,1295.0,17.7791,328.08,-0.798,9.772,4084,1.2,0.104,0.08,12.853,630.2
41653,30.150672,79.420069,1774.0,47.511,283.26,-1.061,33.661,153,1.701,2.221,0.777,8.344,1537.4
41718,30.069028,79.497744,1422.0,35.7986,279.7,-0.595,21.826,2732,1.2,0.442,0.155,11.641,1197.7
41717,30.067354,79.492716,1499.0,12.9236,282.04,-0.264,6.896,1488,1.2,0.808,0.283,12.178,452.0
41761,30.045192,79.572623,1376.0,57.4389,114.86,-2.191,52.315,164,1.2,2.098,0.734,8.053,1650.0
41511,30.187035,79.365431,1488.0,39.691,277.01,-0.481,25.042,145,2.042,2.32,0.812,8.564,1301.9
41701,30.085248,79.478946,1352.0,21.494,321.91,-1.044,12.131,2552,1.2,0.487,0.17,12.178,763.4
41758,30.052118,79.559082,1799.0,35.0122,109.84,-1.118,21.663,538,1.2,1.441,0.504,10.045,1198.8
41786,30.102771,79.632778,1987.0,40.7655,107.14,-1.148,26.702,109,1.2,2.945,1.031,8.241,1365.9
41673,30.088833,79.493234,1421.0,34.2964,328.24,-1.535,21.634,592,1.2,1.405,0.492,10.167,1196.1
41497,30.237839,79.357954,1728.0,37.4205,341.76,-1.112,23.653,42,2.35,6.439,2.254,7.407,1269.4
41671,30.093738,79.460324,1157.0,32.7877,286.89,-0.912,19.722,2648,1.269,0.463,0.162,11.723,1122.6
41715,30.055214,79.489123,1799.0,10.108,246.34,0.372,5.367,156,1.2,2.186,0.765,10.176,356.2
41601,30.105246,79.43461,1080.0,23.4046,284.33,-0.561,13.087,2952,1.398,0.387,0.135,12.229,812.3
41547,30.104988,79.380605,1871.0,17.2127,288.33,-0.514,9.355,73,1.522,4.112,1.439,8.864,604.0
41577,30.120821,79.372177,1656.0,6.4001,323.68,-0.305,3.373,90,1.632,3.454,1.209,10.089,225.7
41628,30.093757,79.397751,1710.0,34.6477,296.08,-1.368,21.681,79,1.419,3.827,1.339,8.14,1199.3
41629,30.092682,79.386672,1445.0,32.9511,295.32,-1.274,20.219,62,1.438,4.673,1.636,7.962,1143.3
41616,30.089643,79.453911,1176.0,23.1754,294.08,-0.863,13.08,3292,1.261,0.302,0.106,12.349,814.3
41785,30.088909,79.602445,1380.0,28.8005,109.54,-0.908,16.83,1890,1.2,0.54,0.189,11.544,998.5
41788,30.047647,79.591933,1305.0,3.5098,136.67,-0.175,1.841,205,1.2,1.743,0.61,11.516,123.3
41729,30.040287,79.511507,1847.0,23.0728,132.83,-1.15,13.195,101,1.2,3.131,1.096,8.87,819.9
41726,30.048641,79.520206,1496.0,11.2092,107.59,-0.323,5.961,160,1.2,2.138,0.748,10.095,393.8
41731,30.038205,79.529964,1477.0,49.4971,112.7,-1.762,37.75,98,1.2,3.213,1.125,7.829,1627.9
41566,30.148415,79.386639,1275.0,32.2094,325.67,-1.5,19.934,4048,1.765,0.113,0.08,12.169,1130.0
41725,30.046934,79.5074,1859.0,14.5775,132.21,-0.725,7.904,137,1.2,2.43,0.851,9.668,518.0
41689,30.10281,79.505682,1521.0,34.3828,13.83,0.798,20.852,95,1.207,3.313,1.16,8.334,1165.5
41693,30.068739,79.509962,1252.0,38.5666,105.21,-0.976,24.483,4500,1.2,0.0,0.0,12.04,1295.5
41556,30.165963,79.392443,2021.0,38.8202,322.74,-1.871,26.165,193,1.857,1.828,0.64,8.881,1347.6
41632,30.083912,79.402095,2124.0,33.2023,295.09,-1.275,20.416,69,1.354,4.311,1.509,8.059,1151.0
41657,30.144189,79.4389,2377.0,41.0208,292.53,-1.452,27.439,107,1.617,2.998,1.049,8.213,1388.9
41813,30.031978,79.795718,2265.0,57.3849,85.33,0.466,47.136,15,1.2,14.853,5.199,5.663,1650.0
41735,30.030588,79.548586,1509.0,39.5435,109.05,-1.22,25.673,78,1.2,3.905,1.367,7.95,1335.5
41698,30.052762,79.54652,1625.0,34.7071,123.33,-1.593,22.057,493,1.2,1.471,0.515,9.969,1211.3
41519,30.183193,79.366473,1380.0,23.0425,284.29,-0.551,12.857,172,2.017,2.02,0.707,9.404,800.1
41722,30.061073,79.504278,1564.0,26.7837,121.39,-1.191,15.671,1197,1.2,1.002,0.351,11.172,944.2
41655,30.140709,79.411419,1290.0,8.5867,278.6,-0.127,4.532,1444,1.662,0.837,0.293,12.567,300.1
41613,30.095327,79.428887,1390.0,21.4118,287.6,-0.617,11.875,233,1.355,1.567,0.548,9.788,748.2
41807,30.076646,79.772378,1911.0,33.9728,70.6,1.064,20.779,26,1.2,9.514,3.33,7.054,1165.2
41750,30.069355,79.58699,1516.0,33.4957,85.43,0.266,19.888,3260,1.2,0.31,0.108,11.904,1115.5
41765,30.037248,79.553597,1264.0,28.599,131.43,-1.419,17.159,101,1.2,3.129,1.095,8.623,1011.7
41811,30.048539,79.806625,2302.0,25.5578,80.0,0.437,14.415,16,1.2,14.021,4.907,6.911,877.9
41774,30.190903,79.62968,2552.0,14.4136,66.01,0.535,7.765,4500,1.453,0.0,0.0,13.172,508.5
41773,30.164288,79.629077,2083.0,32.5734,71.85,0.964,19.606,1581,1.295,0.746,0.261,11.215,1118.3
41727,30.045817,79.528407,1471.0,23.6625,102.41,-0.497,13.227,141,1.2,2.384,0.834,9.175,818.7
