habitation_id,latitude,longitude,date,rainfall_24h,rainfall_3day,rainfall_7day,rainfall_anomaly,temperature,humidity,pressure_hpa,wind_speed_ms,river_level,threshold_exceedance,level_change_1h,level_change_3h,level_change_6h,flow_cumecs,river_level_percentile,sat_water_extent_pct,sat_vegetation_index,sat_surface_change_score,sat_landslide_change_score,sat_flood_inundation_flag,elevation_m,slope_degree,aspect_degree,curvature,roughness,flow_accumulation,drainage_density,distance_to_river_km,distance_to_stream_km,topographic_wetness_index,relative_relief,soil_moisture,soil_depth_cm,clay_pct,sand_pct,soil_stability_index,distance_to_fault_km,population,population_log,households,temporary_house_pct,dilapidated_house_pct,hospital_distance_km,healthcare_capacity_est,flood_label,landslide_label,severity_class
40962,30.426364963336702,79.43680988737616,1970-07-20,0.0,0.0,0.0,-55.4,20.0,70.0,850.0,2.5,1007.8,2.8,0.06,0.5,1.79,740.0,100.0,0.0,0.537,3.1,0.0,0.0,1628.0,4.7445,53.13,0.228,2.493,763.0,2.88,1.291,0.452,12.527,166.9,25.0,65.0,18.4,49.0,0.795,0.962,606.0,6.408528791059498,145.0,0.8,1.5,8.0,50.2,1,0,3
40963,30.41641547611461,79.42194162839219,1970-07-20,0.0,0.0,0.0,-55.4,20.0,70.0,850.0,2.5,1007.8,2.8,0.06,0.5,1.79,740.0,100.0,0.0,0.532,3.0,0.0,0.0,1235.0,8.5469,57.88,0.385,4.525,1662.0,2.9,0.692,0.242,12.712,301.8,25.0,65.0,18.4,49.0,0.795,0.179,796.0,6.680854678790215,170.0,0.0,1.2,8.0,42.1,1,0,3
40941,30.41044210562518,79.3863463889815,1970-07-20,0.0,0.0,0.0,-55.4,20.0,70.0,850.0,2.5,1007.8,2.8,0.06,0.5,1.79,740.0,100.0,0.0,0.561,3.2,0.0,0.0,1189.0,34.7453,105.5,-0.895,21.221,510.0,2.972,1.46,0.511,10.001,1180.7,25.0,65.0,18.4,49.0,0.795,1.828,493.0,6.202535517187923,106.0,0.0,1.8,8.0,34.5,1,0,3
40971,30.40130988370373,79.4051176233213,1970-07-20,0.0,0.0,0.0,-55.4,20.0,70.0,850.0,2.5,1007.8,2.8,0.06,0.5,1.79,740.0,100.0,3.42,0.535,2.4,0.0,0.0,1516.0,31.4503,75.0,0.786,18.629,4500.0,2.911,0.0,0.0,12.305,1076.3,25.0,110.0,22.5,36.0,0.782,0.111,295.0,5.69035945432406,66.0,0.0,0.0,8.0,24.0,1,0,3
40937,30.439502861379243,79.42305610743524,1970-07-20,0.0,0.0,0.0,-55.4,20.0,70.0,850.0,2.5,1007.8,2.8,0.06,0.5,1.79,740.0,100.0,0.0,0.47,2.4,0.0,0.0,915.0,43.4297,89.0,0.076,28.403,1663.0,2.929,0.691,0.242,10.872,1379.1,25.0,65.0,18.4,49.0,0.795,2.263,36.0,3.6109179126442243,8.0,0.0,0.0,8.0,47.1,1,0,3
40966,30.40284663850347,79.43669103300984,1970-07-20,0.0,0.0,0.0,-55.4,20.0,70.0,850.0,2.5,1007.8,2.8,0.06,0.5,1.79,740.0,100.0,0.0,0.548,2.9,0.0,0.0,2100.0,29.25,69.47,0.961,17.184,142.0,2.839,2.358,0.825,8.937,1014.8,25.0,65.0,18.4,49.0,0.795,1.9,659.0,6.492239835020471,139.0,0.0,4.0,8.0,35.9,1,0,3
40943,30.422182683973645,79.37913763525685,1970-07-20,0.0,0.0,0.0,-55.4,20.0,70.0,850.0,2.5,1007.8,2.8,0.06,0.5,1.79,740.0,100.0,0.0,0.605,2.9,0.0,0.0,1313.0,31.4887,93.7,-0.203,18.395,111.0,3.007,2.903,1.016,8.601,1053.1,25.0,65.0,18.4,49.0,0.795,3.288,1022.0,6.930494765951626,266.0,0.4,1.2,8.0,60.6,1,0,3
40940,30.407522593134544,79.39903015212282,1970-07-20,0.0,0.0,0.0,-55.4,20.0,70.0,850.0,2.5,1007.8,2.8,0.06,0.5,1.79,740.0,100.0,0.0,0.573,2.6,0.0,0.0,1389.0,33.6504,108.78,-1.026,20.489,1467.0,2.938,0.822,0.288,11.099,1153.7,25.0,65.0,18.4,49.0,0.795,0.801,20.0,3.044522437723423,4.0,,,8.0,25.2,1,0,3
40967,30.410264456063047,79.42688938574202,1970-07-20,0.0,0.0,0.0,-55.4,20.0,70.0,850.0,2.5,1007.8,2.8,0.06,0.5,1.79,740.0,100.0,0.0,0.604,4.0,0.0,0.0,1492.0,39.4845,65.95,1.469,26.016,555.0,2.877,1.43,0.5,9.914,1346.5,25.0,65.0,18.4,49.0,0.795,0.658,255.0,5.545177444479562,59.0,0.0,0.0,8.0,38.4,1,0,3
40947,30.42560775462311,79.37214943346098,1970-07-20,0.0,0.0,0.0,-55.4,20.0,70.0,850.0,2.5,1007.8,2.8,0.06,0.5,1.79,740.0,100.0,0.0,0.612,3.8,0.0,0.0,1621.0,8.7687,90.72,-0.011,4.628,90.0,3.027,3.449,1.207,9.77,305.0,25.0,65.0,18.4,49.0,0.795,4.012,381.0,5.945420608606575,84.0,0.0,0.0,8.0,43.7,1,0,3
40964,30.413530869473146,79.43606183445867,1970-07-20,0.0,0.0,0.0,-55.4,20.0,70.0,850.0,2.5,1007.8,2.8,0.06,0.5,1.79,740.0,100.0,0.0,0.677,3.9,0.0,0.0,1641.0,32.2094,61.73,1.344,19.734,168.0,2.861,2.058,0.72,8.987,1123.3,25.0,65.0,18.4,49.0,0.795,0.924,545.0,6.302618975744905,126.0,0.0,0.0,8.0,67.4,1,0,3
40938,30.42900364829652,79.42127116929353,1970-07-20,0.0,0.0,0.0,-55.4,20.0,70.0,850.0,2.5,1007.8,2.8,0.06,0.5,1.79,740.0,100.0,4.17,0.581,0.2,0.0,0.0,983.0,46.5468,95.37,-0.434,31.814,4500.0,2.921,0.0,0.0,11.759,1477.1,25.0,110.0,22.5,36.0,0.782,1.315,306.0,5.726847747587197,79.0,0.0,3.9,8.0,52.4,1,0,3
40939,30.4200348994658,79.40698268396768,1970-07-20,0.0,0.0,0.0,-55.4,20.0,70.0,850.0,2.5,1007.8,2.8,0.06,0.5,1.79,740.0,100.0,0.0,0.558,0.3,0.0,0.0,1324.0,21.3646,99.41,-0.345,11.77,1525.0,2.941,0.783,0.274,11.67,738.7,25.0,65.0,18.4,49.0,0.795,1.405,181.0,5.204006687076795,45.0,0.0,0.0,8.0,35.3,1,0,3
40942,30.41789813498829,79.38865938400312,1970-07-20,0.0,0.0,0.0,-55.4,20.0,70.0,850.0,2.5,1007.8,2.8,0.06,0.5,1.79,740.0,100.0,0.0,0.536,2.7,0.0,0.0,1349.0,45.8964,100.03,-0.787,31.429,155.0,2.98,2.199,0.77,8.413,1481.4,25.0,65.0,18.4,49.0,0.795,2.335,448.0,6.1070228877422545,94.0,10.3,7.2,8.0,33.4,1,0,3
40956,30.40519117632852,79.37136787683774,1970-07-20,0.0,0.0,0.0,-55.4,20.0,70.0,850.0,2.5,1007.8,2.8,0.06,0.5,1.79,740.0,100.0,0.0,0.58,5.7,0.0,0.0,1628.0,34.0089,53.85,1.62,21.529,775.0,2.994,1.283,0.449,10.447,1191.1,25.0,65.0,18.4,49.0,0.795,2.283,1294.0,7.166265974133638,274.0,0.0,4.0,8.0,42.0,1,0,3
40955,30.41329126721236,79.37620386850742,1970-07-20,0.0,0.0,0.0,-55.4,20.0,70.0,850.0,2.5,1007.8,2.8,0.06,0.5,1.79,740.0,100.0,0.0,0.48,2.4,0.0,0.0,1091.0,16.4654,43.95,0.823,9.016,171.0,2.999,2.026,0.709,9.762,585.5,25.0,65.0,18.4,49.0,0.795,2.693,300.0,5.707110264748875,56.0,1.8,21.1,8.0,44.5,1,0,3
40969,30.40242181481715,79.42246682499723,1970-07-20,0.0,0.0,0.0,-55.4,20.0,70.0,850.0,2.5,1007.8,2.8,0.06,0.5,1.79,740.0,100.0,0.0,0.571,4.1,0.0,0.0,1543.0,39.5175,72.5,1.133,25.527,725.0,2.872,1.316,0.461,10.18,1330.3,25.0,65.0,18.4,49.0,0.795,1.071,312.0,5.746203190540153,70.0,0.0,0.0,8.0,30.5,1,0,3
40968,30.39939087029473,79.43011093419827,1970-07-20,0.0,0.0,0.0,-55.4,20.0,70.0,850.0,2.5,1007.8,2.8,0.06,0.5,1.79,740.0,100.0,0.0,0.561,1.0,0.0,0.0,1898.0,37.3015,73.35,1.024,23.447,223.0,2.848,1.627,0.569,9.08,1261.7,25.0,65.0,18.4,49.0,0.795,1.8,205.0,5.327876168789581,43.0,0.0,2.3,8.0,31.3,1,0,3
40961,30.420484011621763,79.4377205329411,1970-07-20,0.0,0.0,0.0,-55.4,20.0,70.0,850.0,2.5,1007.8,2.8,0.06,0.5,1.79,740.0,100.0,0.0,0.643,2.4,0.0,0.0,1335.0,28.8988,55.23,1.354,17.302,196.0,2.869,1.812,0.634,9.274,1018.9,25.0,65.0,18.4,49.0,0.795,0.744,321.0,5.7745515455444085,92.0,4.5,19.3,8.0,55.6,1,0,3
40962,30.426364963336702,79.43680988737616,1999-03-29,0.0,0.0,0.0,-55.4,20.0,70.0,850.0,2.5,1007.8,2.8,0.06,0.5,1.79,740.0,100.0,0.0,0.537,3.1,0.0,0.0,1628.0,4.7445,53.13,0.228,2.493,763.0,2.88,1.291,0.452,12.527,166.9,25.0,65.0,18.4,49.0,0.795,0.962,606.0,6.408528791059498,145.0,0.8,1.5,8.0,50.2,0,0,3
40963,30.41641547611461,79.42194162839219,1999-03-29,0.0,0.0,0.0,-55.4,20.0,70.0,850.0,2.5,1007.8,2.8,0.06,0.5,1.79,740.0,100.0,0.0,0.532,3.0,0.0,0.0,1235.0,8.5469,57.88,0.385,4.525,1662.0,2.9,0.692,0.242,12.712,301.8,25.0,65.0,18.4,49.0,0.795,0.179,796.0,6.680854678790215,170.0,0.0,1.2,8.0,42.1,0,0,3
40941,30.41044210562518,79.3863463889815,1999-03-29,0.0,0.0,0.0,-55.4,20.0,70.0,850.0,2.5,1007.8,2.8,0.06,0.5,1.79,740.0,100.0,0.0,0.561,3.2,0.0,0.0,1189.0,34.7453,105.5,-0.895,21.221,510.0,2.972,1.46,0.511,10.001,1180.7,25.0,65.0,18.4,49.0,0.795,1.828,493.0,6.202535517187923,106.0,0.0,1.8,8.0,34.5,0,0,3
40965,30.40601194083125,79.44467578854777,1999-03-29,0.0,0.0,0.0,-55.4,20.0,70.0,850.0,2.5,1007.8,2.8,0.06,0.5,1.79,740.0,100.0,0.0,0.582,3.4,0.0,0.0,1863.0,25.4025,67.0,0.914,14.541,100.0,2.826,3.167,1.108,8.751,889.3,25.0,65.0,18.4,49.0,0.795,2.096,214.0,5.3706380281276624,48.0,0.0,8.5,8.0,39.2,0,0,3
40971,30.40130988370373,79.4051176233213,1999-03-29,0.0,0.0,0.0,-55.4,20.0,70.0,850.0,2.5,1007.8,2.8,0.06,0.5,1.79,740.0,100.0,3.42,0.535,2.4,0.0,0.0,1516.0,31.4503,75.0,0.786,18.629,4500.0,2.911,0.0,0.0,12.305,1076.3,25.0,110.0,22.5,36.0,0.782,0.111,295.0,5.69035945432406,66.0,0.0,0.0,8.0,24.0,0,0,3
40937,30.439502861379243,79.42305610743524,1999-03-29,0.0,0.0,0.0,-55.4,20.0,70.0,850.0,2.5,1007.8,2.8,0.06,0.5,1.79,740.0,100.0,0.0,0.47,2.4,0.0,0.0,915.0,43.4297,89.0,0.076,28.403,1663.0,2.929,0.691,0.242,10.872,1379.1,25.0,65.0,18.4,49.0,0.795,2.263,36.0,3.6109179126442243,8.0,0.0,0.0,8.0,47.1,0,0,3
40959,30.410330496973646,79.45613138605064,1999-03-29,0.0,0.0,0.0,-55.4,20.0,70.0,850.0,2.5,1007.8,2.8,0.06,0.5,1.79,740.0,100.0,0.0,0.574,1.8,0.0,0.0,1757.0,39.0722,59.32,1.715,26.086,78.0,2.806,3.888,1.361,7.966,1347.1,25.0,65.0,18.4,49.0,0.795,2.73,14.0,2.70805020110221,6.0,0.0,33.3,8.0,37.5,0,0,3
40966,30.40284663850347,79.43669103300984,1999-03-29,0.0,0.0,0.0,-55.4,20.0,70.0,850.0,2.5,1007.8,2.8,0.06,0.5,1.79,740.0,100.0,0.0,0.548,2.9,0.0,0.0,2100.0,29.25,69.47,0.961,17.184,142.0,2.839,2.358,0.825,8.937,1014.8,25.0,65.0,18.4,49.0,0.795,1.9,659.0,6.492239835020471,139.0,0.0,4.0,8.0,35.9,0,0,3
40940,30.407522593134544,79.39903015212282,1999-03-29,0.0,0.0,0.0,-55.4,20.0,70.0,850.0,2.5,1007.8,2.8,0.06,0.5,1.79,740.0,100.0,0.0,0.573,2.6,0.0,0.0,1389.0,33.6504,108.78,-1.026,20.489,1467.0,2.938,0.822,0.288,11.099,1153.7,25.0,65.0,18.4,49.0,0.795,0.801,20.0,3.044522437723423,4.0,,,8.0,25.2,0,0,3
40967,30.410264456063047,79.42688938574202,1999-03-29,0.0,0.0,0.0,-55.4,20.0,70.0,850.0,2.5,1007.8,2.8,0.06,0.5,1.79,740.0,100.0,0.0,0.604,4.0,0.0,0.0,1492.0,39.4845,65.95,1.469,26.016,555.0,2.877,1.43,0.5,9.914,1346.5,25.0,65.0,18.4,49.0,0.795,0.658,255.0,5.545177444479562,59.0,0.0,0.0,8.0,38.4,0,0,3
40964,30.413530869473146,79.43606183445867,1999-03-29,0.0,0.0,0.0,-55.4,20.0,70.0,850.0,2.5,1007.8,2.8,0.06,0.5,1.79,740.0,100.0,0.0,0.677,3.9,0.0,0.0,1641.0,32.2094,61.73,1.344,19.734,168.0,2.861,2.058,0.72,8.987,1123.3,25.0,65.0,18.4,49.0,0.795,0.924,545.0,6.302618975744905,126.0,0.0,0.0,8.0,67.4,0,0,3
40938,30.42900364829652,79.42127116929353,1999-03-29,0.0,0.0,0.0,-55.4,20.0,70.0,850.0,2.5,1007.8,2.8,0.06,0.5,1.79,740.0,100.0,4.17,0.581,0.2,0.0,0.0,983.0,46.5468,95.37,-0.434,31.814,4500.0,2.921,0.0,0.0,11.759,1477.1,25.0,110.0,22.5,36.0,0.782,1.315,306.0,5.726847747587197,79.0,0.0,3.9,8.0,52.4,0,0,3
40939,30.4200348994658,79.40698268396768,1999-03-29,0.0,0.0,0.0,-55.4,20.0,70.0,850.0,2.5,1007.8,2.8,0.06,0.5,1.79,740.0,100.0,0.0,0.558,0.3,0.0,0.0,1324.0,21.3646,99.41,-0.345,11.77,1525.0,2.941,0.783,0.274,11.67,738.7,25.0,65.0,18.4,49.0,0.795,1.405,181.0,5.204006687076795,45.0,0.0,0.0,8.0,35.3,0,0,3
40942,30.41789813498829,79.38865938400312,1999-03-29,0.0,0.0,0.0,-55.4,20.0,70.0,850.0,2.5,1007.8,2.8,0.06,0.5,1.79,740.0,100.0,0.0,0.536,2.7,0.0,0.0,1349.0,45.8964,100.03,-0.787,31.429,155.0,2.98,2.199,0.77,8.413,1481.4,25.0,65.0,18.4,49.0,0.795,2.335,448.0,6.1070228877422545,94.0,10.3,7.2,8.0,33.4,0,0,3
40969,30.40242181481715,79.42246682499723,1999-03-29,0.0,0.0,0.0,-55.4,20.0,70.0,850.0,2.5,1007.8,2.8,0.06,0.5,1.79,740.0,100.0,0.0,0.571,4.1,0.0,0.0,1543.0,39.5175,72.5,1.133,25.527,725.0,2.872,1.316,0.461,10.18,1330.3,25.0,65.0,18.4,49.0,0.795,1.071,312.0,5.746203190540153,70.0,0.0,0.0,8.0,30.5,0,0,3
40968,30.39939087029473,79.43011093419827,1999-03-29,0.0,0.0,0.0,-55.4,20.0,70.0,850.0,2.5,1007.8,2.8,0.06,0.5,1.79,740.0,100.0,0.0,0.561,1.0,0.0,0.0,1898.0,37.3015,73.35,1.024,23.447,223.0,2.848,1.627,0.569,9.08,1261.7,25.0,65.0,18.4,49.0,0.795,1.8,205.0,5.327876168789581,43.0,0.0,2.3,8.0,31.3,0,0,3
40961,30.420484011621763,79.4377205329411,1999-03-29,0.0,0.0,0.0,-55.4,20.0,70.0,850.0,2.5,1007.8,2.8,0.06,0.5,1.79,740.0,100.0,0.0,0.643,2.4,0.0,0.0,1335.0,28.8988,55.23,1.354,17.302,196.0,2.869,1.812,0.634,9.274,1018.9,25.0,65.0,18.4,49.0,0.795,0.744,321.0,5.7745515455444085,92.0,4.5,19.3,8.0,55.6,0,0,3
40960,30.416197042689497,79.44690521352022,1999-03-29,0.0,0.0,0.0,-55.4,20.0,70.0,850.0,2.5,1007.8,2.8,0.06,0.5,1.79,740.0,100.0,0.0,0.532,3.4,0.0,0.0,1633.0,41.2891,57.11,1.883,28.586,116.0,2.839,2.787,0.975,8.285,1419.1,25.0,65.0,18.4,49.0,0.795,1.678,4.0,1.6094379124341003,1.0,0.0,100.0,8.0,49.3,0,0,3
40962,30.426364963336702,79.43680988737616,2013-06-16,168.0,248.0,248.0,112.6,16.5,96.0,829.8,5.2,1007.8,2.8,0.06,0.5,1.79,740.0,100.0,0.0,0.537,3.1,0.0,0.0,1628.0,4.7445,53.13,0.228,2.493,763.0,2.88,1.291,0.452,12.527,166.9,25.0,65.0,18.4,49.0,0.795,0.962,606.0,6.408528791059498,145.0,0.8,1.5,8.0,50.2,1,0,3
40963,30.41641547611461,79.42194162839219,2013-06-16,168.0,248.0,248.0,112.6,16.5,96.0,829.8,5.2,1007.8,2.8,0.06,0.5,1.79,740.0,100.0,0.0,0.532,3.0,0.0,0.0,1235.0,8.5469,57.88,0.385,4.525,1662.0,2.9,0.692,0.242,12.712,301.8,25.0,65.0,18.4,49.0,0.795,0.179,796.0,6.680854678790215,170.0,0.0,1.2,8.0,42.1,1,0,3
40941,30.41044210562518,79.3863463889815,2013-06-16,168.0,248.0,248.0,112.6,16.5,96.0,829.8,5.2,1007.8,2.8,0.06,0.5,1.79,740.0,100.0,0.0,0.561,3.2,0.0,0.0,1189.0,34.7453,105.5,-0.895,21.221,510.0,2.972,1.46,0.511,10.001,1180.7,25.0,65.0,18.4,49.0,0.795,1.828,493.0,6.202535517187923,106.0,0.0,1.8,8.0,34.5,1,0,3
40971,30.40130988370373,79.4051176233213,2013-06-16,168.0,248.0,248.0,112.6,16.5,96.0,829.8,5.2,1007.8,2.8,0.06,0.5,1.79,740.0,100.0,3.42,0.535,2.4,0.0,0.0,1516.0,31.4503,75.0,0.786,18.629,4500.0,2.911,0.0,0.0,12.305,1076.3,25.0,110.0,22.5,36.0,0.782,0.111,295.0,5.69035945432406,66.0,0.0,0.0,8.0,24.0,1,0,3
40937,30.439502861379243,79.42305610743524,2013-06-16,168.0,248.0,248.0,112.6,16.5,96.0,829.8,5.2,1007.8,2.8,0.06,0.5,1.79,740.0,100.0,0.0,0.47,2.4,0.0,0.0,915.0,43.4297,89.0,0.076,28.403,1663.0,2.929,0.691,0.242,10.872,1379.1,25.0,65.0,18.4,49.0,0.795,2.263,36.0,3.6109179126442243,8.0,0.0,0.0,8.0,47.1,1,0,3
40966,30.40284663850347,79.43669103300984,2013-06-16,168.0,248.0,248.0,112.6,16.5,96.0,829.8,5.2,1007.8,2.8,0.06,0.5,1.79,740.0,100.0,0.0,0.548,2.9,0.0,0.0,2100.0,29.25,69.47,0.961,17.184,142.0,2.839,2.358,0.825,8.937,1014.8,25.0,65.0,18.4,49.0,0.795,1.9,659.0,6.492239835020471,139.0,0.0,4.0,8.0,35.9,1,0,3
40943,30.422182683973645,79.37913763525685,2013-06-16,168.0,248.0,248.0,112.6,16.5,96.0,829.8,5.2,1007.8,2.8,0.06,0.5,1.79,740.0,100.0,0.0,0.605,2.9,0.0,0.0,1313.0,31.4887,93.7,-0.203,18.395,111.0,3.007,2.903,1.016,8.601,1053.1,25.0,65.0,18.4,49.0,0.795,3.288,1022.0,6.930494765951626,266.0,0.4,1.2,8.0,60.6,1,0,3
40940,30.407522593134544,79.39903015212282,2013-06-16,168.0,248.0,248.0,112.6,16.5,96.0,829.8,5.2,1007.8,2.8,0.06,0.5,1.79,740.0,100.0,0.0,0.573,2.6,0.0,0.0,1389.0,33.6504,108.78,-1.026,20.489,1467.0,2.938,0.822,0.288,11.099,1153.7,25.0,65.0,18.4,49.0,0.795,0.801,20.0,3.044522437723423,4.0,,,8.0,25.2,1,0,3
40967,30.410264456063047,79.42688938574202,2013-06-16,168.0,248.0,248.0,112.6,16.5,96.0,829.8,5.2,1007.8,2.8,0.06,0.5,1.79,740.0,100.0,0.0,0.604,4.0,0.0,0.0,1492.0,39.4845,65.95,1.469,26.016,555.0,2.877,1.43,0.5,9.914,1346.5,25.0,65.0,18.4,49.0,0.795,0.658,255.0,5.545177444479562,59.0,0.0,0.0,8.0,38.4,1,0,3
40947,30.42560775462311,79.37214943346098,2013-06-16,168.0,248.0,248.0,112.6,16.5,96.0,829.8,5.2,1007.8,2.8,0.06,0.5,1.79,740.0,100.0,0.0,0.612,3.8,0.0,0.0,1621.0,8.7687,90.72,-0.011,4.628,90.0,3.027,3.449,1.207,9.77,305.0,25.0,65.0,18.4,49.0,0.795,4.012,381.0,5.945420608606575,84.0,0.0,0.0,8.0,43.7,1,0,3
40964,30.413530869473146,79.43606183445867,2013-06-16,168.0,248.0,248.0,112.6,16.5,96.0,829.8,5.2,1007.8,2.8,0.06,0.5,1.79,740.0,100.0,0.0,0.677,3.9,0.0,0.0,1641.0,32.2094,61.73,1.344,19.734,168.0,2.861,2.058,0.72,8.987,1123.3,25.0,65.0,18.4,49.0,0.795,0.924,545.0,6.302618975744905,126.0,0.0,0.0,8.0,67.4,1,0,3
40938,30.42900364829652,79.42127116929353,2013-06-16,168.0,248.0,248.0,112.6,16.5,96.0,829.8,5.2,1007.8,2.8,0.06,0.5,1.79,740.0,100.0,4.17,0.581,0.2,0.0,0.0,983.0,46.5468,95.37,-0.434,31.814,4500.0,2.921,0.0,0.0,11.759,1477.1,25.0,110.0,22.5,36.0,0.782,1.315,306.0,5.726847747587197,79.0,0.0,3.9,8.0,52.4,1,0,3
40939,30.4200348994658,79.40698268396768,2013-06-16,168.0,248.0,248.0,112.6,16.5,96.0,829.8,5.2,1007.8,2.8,0.06,0.5,1.79,740.0,100.0,0.0,0.558,0.3,0.0,0.0,1324.0,21.3646,99.41,-0.345,11.77,1525.0,2.941,0.783,0.274,11.67,738.7,25.0,65.0,18.4,49.0,0.795,1.405,181.0,5.204006687076795,45.0,0.0,0.0,8.0,35.3,1,0,3
40942,30.41789813498829,79.38865938400312,2013-06-16,168.0,248.0,248.0,112.6,16.5,96.0,829.8,5.2,1007.8,2.8,0.06,0.5,1.79,740.0,100.0,0.0,0.536,2.7,0.0,0.0,1349.0,45.8964,100.03,-0.787,31.429,155.0,2.98,2.199,0.77,8.413,1481.4,25.0,65.0,18.4,49.0,0.795,2.335,448.0,6.1070228877422545,94.0,10.3,7.2,8.0,33.4,1,0,3
40956,30.40519117632852,79.37136787683774,2013-06-16,168.0,248.0,248.0,112.6,16.5,96.0,829.8,5.2,1007.8,2.8,0.06,0.5,1.79,740.0,100.0,0.0,0.58,5.7,0.0,0.0,1628.0,34.0089,53.85,1.62,21.529,775.0,2.994,1.283,0.449,10.447,1191.1,25.0,65.0,18.4,49.0,0.795,2.283,1294.0,7.166265974133638,274.0,0.0,4.0,8.0,42.0,1,0,3
40955,30.41329126721236,79.37620386850742,2013-06-16,168.0,248.0,248.0,112.6,16.5,96.0,829.8,5.2,1007.8,2.8,0.06,0.5,1.79,740.0,100.0,0.0,0.48,2.4,0.0,0.0,1091.0,16.4654,43.95,0.823,9.016,171.0,2.999,2.026,0.709,9.762,585.5,25.0,65.0,18.4,49.0,0.795,2.693,300.0,5.707110264748875,56.0,1.8,21.1,8.0,44.5,1,0,3
40969,30.40242181481715,79.42246682499723,2013-06-16,168.0,248.0,248.0,112.6,16.5,96.0,829.8,5.2,1007.8,2.8,0.06,0.5,1.79,740.0,100.0,0.0,0.571,4.1,0.0,0.0,1543.0,39.5175,72.5,1.133,25.527,725.0,2.872,1.316,0.461,10.18,1330.3,25.0,65.0,18.4,49.0,0.795,1.071,312.0,5.746203190540153,70.0,0.0,0.0,8.0,30.5,1,0,3
40968,30.39939087029473,79.43011093419827,2013-06-16,168.0,248.0,248.0,112.6,16.5,96.0,829.8,5.2,1007.8,2.8,0.06,0.5,1.79,740.0,100.0,0.0,0.561,1.0,0.0,0.0,1898.0,37.3015,73.35,1.024,23.447,223.0,2.848,1.627,0.569,9.08,1261.7,25.0,65.0,18.4,49.0,0.795,1.8,205.0,5.327876168789581,43.0,0.0,2.3,8.0,31.3,1,0,3
40961,30.420484011621763,79.4377205329411,2013-06-16,168.0,248.0,248.0,112.6,16.5,96.0,829.8,5.2,1007.8,2.8,0.06,0.5,1.79,740.0,100.0,0.0,0.643,2.4,0.0,0.0,1335.0,28.8988,55.23,1.354,17.302,196.0,2.869,1.812,0.634,9.274,1018.9,25.0,65.0,18.4,49.0,0.795,0.744,321.0,5.7745515455444085,92.0,4.5,19.3,8.0,55.6,1,0,3
40813,30.63592218096684,79.53822835506801,2013-06-16,240.0,317.0,317.0,207.75,20.0,70.0,850.0,2.5,1832.2,4.2,0.08,0.69,2.5,1850.0,100.0,0.0,0.563,3.8,0.0,0.0,1910.0,46.2701,313.78,-2.311,35.3,1540.0,2.287,0.773,0.271,10.696,1578.8,25.0,65.0,18.4,49.0,0.795,3.808,1396.0,7.242082359256962,312.0,0.0,0.6,8.0,68.7,1,0,3
40809,30.67127712694561,79.40911071043945,2013-06-16,225.0,305.6,305.6,197.0,5.2,99.0,684.0,8.5,1832.2,4.2,0.08,0.69,2.5,1850.0,100.0,0.0,0.5,2.6,0.0,0.0,4691.0,33.2012,342.79,-0.938,20.06,23.0,2.438,10.678,3.737,6.961,1136.3,25.0,18.0,6.5,75.0,0.831,0.767,90.0,4.51085950651685,30.0,0.0,0.0,8.0,1.9,1,0,2
41693,30.068739106942665,79.50996239415001,2013-06-16,210.6,297.2,297.2,142.6,20.0,70.0,850.0,2.5,1002.8,3.3,0.07,0.58,2.11,2180.0,100.0,3.9,0.52,2.3,0.0,0.0,1252.0,38.5666,105.21,-0.976,24.483,4500.0,1.2,0.0,0.0,12.04,1295.5,25.0,110.0,22.5,36.0,0.782,34.458,1956.0,7.579167967396076,517.0,0.0,0.6,8.0,89.8,1,0,2
41445,30.22962073201689,79.26231349871335,2013-06-16,145.0,211.5,211.5,102.5,19.8,94.0,900.2,4.8,779.1,4.1,0.51,1.83,4.13,5082.5,93.3,4.44,0.528,2.5,0.0,0.0,839.0,18.476,95.68,-0.182,10.032,4500.0,2.459,0.0,0.0,12.909,638.4,25.0,110.0,22.5,36.0,0.782,4.622,402.0,5.998936561946683,91.0,0.0,1.2,8.0,53.9,1,0,2
41274,30.28732808885682,79.12554527456061,2013-06-16,138.5,202.7,202.7,100.5,20.5,95.0,905.6,5.4,754.21,2.21,0.5,1.68,3.56,4980.7,86.7,4.4,0.534,3.2,0.0,0.0,807.0,17.0038,295.14,-0.654,9.272,4496.0,2.806,0.001,0.001,12.997,600.2,25.0,110.0,22.5,36.0,0.782,3.906,231.0,5.44673737166631,60.0,1.7,0.0,8.0,37.5,1,0,2
40881,30.483993935628884,79.70189647512413,2021-02-07,0.0,8.4,8.4,-30.6,6.5,42.0,738.0,2.9,1801.4,6.4,2.77,12.02,0.0,1850.0,100.0,22.35,0.093,91.6,94.3,1.0,2372.0,64.4453,80.95,1.001,64.295,4500.0,2.353,0.0,0.0,11.075,1650.0,25.0,35.0,12.2,61.0,0.813,5.453,145.0,4.983606621708336,48.0,0.0,1.5,8.0,37.7,1,0,3
40885,30.457084434343148,79.66860758707371,2021-02-07,0.0,8.4,8.4,-30.6,6.5,42.0,738.0,2.9,1801.4,6.4,2.77,12.02,0.0,1850.0,100.0,23.02,0.5,96.5,89.0,1.0,3253.0,28.5667,100.55,-0.514,16.441,100.0,2.395,3.157,1.105,8.614,976.0,25.0,18.0,6.5,75.0,0.831,1.584,258.0,5.556828061699537,56.0,0.0,4.3,8.0,15.3,1,0,2
40873,30.48762616378657,79.62672335651875,2021-02-07,0.0,8.4,8.4,-30.6,6.5,42.0,738.0,2.9,1801.4,6.4,2.77,12.02,0.0,1850.0,100.0,19.29,0.116,92.0,92.6,1.0,2021.0,34.7071,161.07,-1.065,21.36,4500.0,2.466,0.0,0.0,12.18,1187.3,25.0,65.0,18.4,49.0,0.795,2.38,1064.0,6.970730078143525,270.0,0.0,0.0,8.0,54.9,1,0,3
40879,30.498118606229344,79.69731874497252,2021-02-07,0.0,8.4,8.4,-30.6,6.5,42.0,738.0,2.9,1801.4,6.4,2.77,12.02,0.0,1850.0,100.0,23.27,0.107,92.8,92.6,1.0,2357.0,67.1518,144.7,-3.167,87.245,925.0,2.351,1.183,0.414,9.367,1650.0,25.0,35.0,12.2,61.0,0.813,4.161,36.0,3.6109179126442243,10.0,0.0,0.0,8.0,42.0,1,0,2
40880,30.484065293467324,79.7437799322399,2021-02-07,0.0,8.4,8.4,-30.6,6.5,42.0,738.0,2.9,1801.4,6.4,2.77,12.02,0.0,1850.0,100.0,24.22,0.5,94.3,93.9,1.0,3595.0,40.8168,74.74,1.036,26.597,1360.0,2.316,0.893,0.313,10.763,1361.5,25.0,18.0,6.5,75.0,0.831,3.66,305.0,5.723585101952381,84.0,0.0,9.3,8.0,45.6,1,0,2
40843,30.46582964384152,79.48172779710738,2021-10-17,74.2,74.2,74.2,43.6,4.5,95.0,728.0,5.5,1007.8,2.8,0.06,0.5,1.79,740.0,100.0,0.0,0.183,77.1,83.7,0.0,2416.0,38.9046,220.92,1.926,26.361,647.0,2.801,1.368,0.479,10.088,1352.8,25.0,35.0,12.2,61.0,0.813,6.976,304.0,5.720311776607412,73.0,0.0,0.0,8.0,55.5,0,1,2
40842,30.47981613783269,79.48016561849374,2021-10-17,74.2,74.2,74.2,43.6,4.5,95.0,728.0,5.5,1007.8,2.8,0.06,0.5,1.79,740.0,100.0,2.3,0.209,78.9,82.3,0.0,2071.0,32.0311,225.68,1.601,19.935,3808.0,2.805,0.173,0.08,12.115,1128.7,25.0,65.0,18.4,49.0,0.795,5.591,232.0,5.4510384535657,59.0,0.0,0.0,8.0,42.6,0,1,1
40840,30.50550461932669,79.4997206046129,2021-10-17,74.2,74.2,74.2,43.6,4.5,95.0,728.0,5.5,1376.2,1.7,0.06,0.52,1.89,2650.0,100.0,0.59,0.191,71.2,87.9,0.0,2023.0,44.8491,228.57,2.225,33.332,2700.0,2.741,0.45,0.158,11.307,1536.0,25.0,65.0,18.4,49.0,0.795,2.232,356.0,5.877735781779639,81.0,0.0,7.7,8.0,35.4,0,1,1
40809,30.67127712694561,79.40911071043945,2021-10-18,195.0,280.0,280.0,167.0,-1.0,99.0,687.0,7.5,1832.2,4.2,0.08,0.69,2.5,1850.0,100.0,0.0,0.231,80.9,85.8,0.0,4691.0,33.2012,342.79,-0.938,20.06,23.0,2.438,10.678,3.737,6.961,1136.3,25.0,18.0,6.5,75.0,0.831,0.767,90.0,4.51085950651685,30.0,0.0,0.0,8.0,1.9,0,1,1
40813,30.63592218096684,79.53822835506801,2021-10-18,172.0,248.0,248.0,139.75,20.0,70.0,850.0,2.5,1832.2,4.2,0.08,0.69,2.5,1850.0,100.0,0.0,0.189,78.5,78.6,0.0,1910.0,46.2701,313.78,-2.311,35.3,1540.0,2.287,0.773,0.271,10.696,1578.8,25.0,65.0,18.4,49.0,0.795,3.808,1396.0,7.242082359256962,312.0,0.0,0.6,8.0,68.7,0,1,1
40971,30.40130988370373,79.4051176233213,2021-10-19,65.2,298.6,298.6,9.8,12.4,90.0,837.5,2.8,1003.88,0.0,-0.26,-0.67,-0.92,345.3,48.4,4.82,0.207,75.5,78.7,0.0,1516.0,31.4503,75.0,0.786,18.629,4500.0,2.911,0.0,0.0,12.305,1076.3,25.0,110.0,22.5,36.0,0.782,0.111,295.0,5.69035945432406,66.0,0.0,0.0,8.0,24.0,0,1,1
40841,30.49140789189444,79.49057153859071,2022-07-16,49.0,49.0,49.0,18.4,14.8,90.0,730.0,3.5,1376.2,1.7,0.06,0.52,1.89,2650.0,100.0,4.84,0.751,1.4,0.0,0.0,1719.0,46.1967,225.84,2.309,35.203,4500.0,2.774,0.0,0.0,11.771,1576.8,25.0,65.0,18.4,49.0,0.795,4.018,395.0,5.981414211254481,102.0,0.0,10.2,8.0,65.3,0,1,1
41693,30.068739106942665,79.50996239415001,2022-08-19,112.5,112.5,112.5,44.5,20.0,70.0,850.0,2.5,1002.8,3.3,0.07,0.58,2.11,2180.0,100.0,4.92,0.603,1.8,0.0,0.0,1252.0,38.5666,105.21,-0.976,24.483,4500.0,1.2,0.0,0.0,12.04,1295.5,25.0,110.0,22.5,36.0,0.782,34.458,1956.0,7.579167967396076,517.0,0.0,0.6,8.0,89.8,1,0,2
41121,30.22021662207728,79.47800618166511,2022-08-20,85.0,197.5,197.5,17.0,20.0,70.0,850.0,2.5,883.4,3.4,0.06,0.56,2.01,1950.0,100.0,4.31,0.602,2.9,0.0,0.0,2373.0,17.7791,136.54,-0.888,9.808,4496.0,1.971,0.001,0.001,12.95,632.4,25.0,35.0,12.2,61.0,0.813,20.317,1698.0,7.4377951216719325,296.0,1.7,0.7,8.0,17.1,0,1,1
40826,30.538302261139485,79.55177021699593,2023-01-02,0.0,0.0,0.0,-30.6,20.0,70.0,850.0,2.5,1376.2,1.7,0.06,0.52,1.89,2650.0,100.0,0.0,0.508,3.5,0.0,0.0,2768.0,23.775,196.13,0.635,13.348,234.0,2.567,1.562,0.547,9.676,826.8,25.0,35.0,12.2,61.0,0.813,3.358,299.0,5.703782474656201,36.0,,,8.0,26.5,0,1,3
40816,30.56897072235073,79.54133683773092,2023-01-02,0.0,0.0,0.0,-32.0,20.0,70.0,850.0,2.5,1376.2,1.7,0.06,0.52,1.89,2650.0,100.0,4.58,0.618,3.9,0.0,0.0,1525.0,29.4697,286.47,-0.801,17.222,4500.0,2.52,0.0,0.0,12.384,1015.5,25.0,110.0,22.5,36.0,0.782,2.475,516.0,6.248042874508429,118.0,0.0,6.6,8.0,64.8,0,1,2
40866,30.506742350700595,79.604623282036,2023-01-03,0.0,0.0,0.0,-30.6,20.0,70.0,850.0,2.5,1801.4,6.4,2.77,12.02,0.0,1850.0,100.0,3.79,0.68,1.8,0.0,0.0,2250.0,24.9625,155.11,-0.953,14.279,3916.0,2.496,0.146,0.08,12.439,876.2,25.0,35.0,12.2,61.0,0.813,3.064,422.0,6.0473721790462776,99.0,0.0,3.0,8.0,30.0,0,1,1
41693,30.068739106942665,79.50996239415001,2023-07-13,146.0,214.0,214.0,78.0,20.0,70.0,850.0,2.5,1000.4,0.9,0.14,1.18,3.47,1680.0,83.0,28.11,0.5,80.4,0.0,1.0,1252.0,38.5666,105.21,-0.976,24.483,4500.0,1.2,0.0,0.0,12.04,1295.5,25.0,110.0,22.5,36.0,0.782,34.458,1956.0,7.579167967396076,517.0,0.0,0.6,8.0,89.8,1,0,2
41617,30.08721961881179,79.46111816464385,2023-07-13,146.0,214.0,214.0,78.0,20.0,70.0,850.0,2.5,1000.4,0.9,0.14,1.18,3.47,1680.0,83.0,21.61,0.5,86.9,0.0,1.0,1173.0,17.881,295.89,-0.702,9.797,4500.0,1.23,0.0,0.0,12.944,631.3,25.0,110.0,22.5,36.0,0.782,29.603,476.0,6.1675164908883415,117.0,0.0,6.5,8.0,75.2,1,0,1
41567,30.145592969726348,79.39356078215282,2023-07-13,146.0,214.0,214.0,78.0,20.0,70.0,850.0,2.5,880.8,0.8,0.13,1.08,3.18,1520.0,82.1,21.27,0.5,79.9,0.0,1.0,1494.0,32.0549,327.38,-1.455,19.755,4500.0,1.733,0.0,0.0,12.281,1123.2,25.0,110.0,22.5,36.0,0.782,20.337,362.0,5.8944028342648505,90.0,0.0,4.8,8.0,77.7,1,0,1
41445,30.22962073201689,79.26231349871335,2023-07-14,74.0,208.9,208.9,31.5,23.8,86.0,907.8,2.2,771.93,0.0,-0.32,-1.02,-2.04,1576.9,40.3,22.04,0.5,88.9,0.0,1.0,839.0,18.476,95.68,-0.182,10.032,4500.0,2.459,0.0,0.0,12.909,638.4,25.0,110.0,22.5,36.0,0.782,4.622,402.0,5.998936561946683,91.0,0.0,1.2,8.0,53.9,1,0,1
40841,30.49140789189444,79.49057153859071,2023-07-23,0.0,0.0,0.0,-30.6,20.0,70.0,850.0,2.5,1376.2,1.7,0.06,0.52,1.89,2650.0,100.0,3.38,0.5,0.2,78.3,0.0,1719.0,46.1967,225.84,2.309,35.203,4500.0,2.774,0.0,0.0,11.771,1576.8,25.0,65.0,18.4,49.0,0.795,4.018,395.0,5.981414211254481,102.0,0.0,10.2,8.0,65.3,0,1,1
40938,30.42900364829652,79.42127116929353,2023-07-23,0.0,0.0,0.0,-55.4,20.0,70.0,850.0,2.5,1007.8,2.8,0.06,0.5,1.79,740.0,100.0,4.96,0.5,0.9,75.9,0.0,983.0,46.5468,95.37,-0.434,31.814,4500.0,2.921,0.0,0.0,11.759,1477.1,25.0,110.0,22.5,36.0,0.782,1.315,306.0,5.726847747587197,79.0,0.0,3.9,8.0,52.4,0,1,1
40934,30.45537364235717,79.41762951211182,2023-07-24,0.0,0.0,0.0,-55.4,20.0,70.0,850.0,2.5,1007.8,2.8,0.06,0.5,1.79,740.0,100.0,0.0,0.5,1.9,72.4,0.0,1325.0,15.053,76.71,0.337,8.091,147.0,2.954,2.302,0.806,9.705,526.4,25.0,65.0,18.4,49.0,0.795,4.098,233.0,5.455321115357702,57.0,0.0,0.0,8.0,30.4,0,1,1
41724,30.04926663756863,79.49487850804178,2023-08-13,132.4,132.4,132.4,64.4,20.0,70.0,850.0,2.5,1002.8,3.3,0.07,0.58,2.11,2180.0,100.0,0.0,0.5,3.4,75.3,0.0,1698.0,19.8858,162.88,-0.559,10.936,128.0,1.2,2.571,0.9,9.27,695.5,25.0,65.0,18.4,49.0,0.795,34.919,1023.0,6.931471805599453,235.0,1.3,1.3,8.0,61.0,0,1,2
41676,30.123244725492103,79.50353827903834,2023-08-13,132.4,132.4,132.4,64.4,20.0,70.0,850.0,2.5,1002.8,3.3,0.07,0.58,2.11,2180.0,100.0,0.0,0.5,0.9,67.3,0.0,1958.0,16.3225,354.8,-0.147,8.79,53.0,1.332,5.316,1.861,8.6,565.4,25.0,65.0,18.4,49.0,0.795,29.767,630.0,6.447305862541213,140.0,0.0,0.0,8.0,74.1,0,1,1
41747,30.06951251127366,79.60715400784288,2023-08-14,0.0,145.0,145.0,-73.0,20.0,70.0,850.0,2.5,1002.8,3.3,0.07,0.58,2.11,2180.0,100.0,0.0,0.5,4.7,81.7,0.0,1785.0,30.0184,82.26,0.401,17.403,234.0,1.2,1.563,0.547,9.405,1016.6,25.0,65.0,18.4,49.0,0.795,38.858,1282.0,7.1569563646156364,258.0,0.0,0.0,8.0,30.8,0,1,1
40841,30.49140789189444,79.49057153859071,2024-07-20,92.5,92.5,92.5,61.9,13.2,95.0,727.0,4.8,1376.2,1.7,0.06,0.52,1.89,2650.0,100.0,3.49,0.447,2.9,0.0,0.0,1719.0,46.1967,225.84,2.309,35.203,4500.0,2.774,0.0,0.0,11.771,1576.8,25.0,65.0,18.4,49.0,0.795,4.018,395.0,5.981414211254481,102.0,0.0,10.2,8.0,65.3,0,1,1
40840,30.50550461932669,79.4997206046129,2024-07-20,92.5,92.5,92.5,61.9,13.2,95.0,727.0,4.8,1376.2,1.7,0.06,0.52,1.89,2650.0,100.0,0.65,0.463,2.1,0.0,0.0,2023.0,44.8491,228.57,2.225,33.332,2700.0,2.741,0.45,0.158,11.307,1536.0,25.0,65.0,18.4,49.0,0.795,2.232,356.0,5.877735781779639,81.0,0.0,7.7,8.0,35.4,0,1,1
41693,30.068739106942665,79.50996239415001,2024-08-01,168.0,168.0,168.0,100.0,20.0,70.0,850.0,2.5,1000.1,0.6,0.39,2.62,4.81,1550.0,78.3,4.82,0.219,71.1,84.0,0.0,1252.0,38.5666,105.21,-0.976,24.483,4500.0,1.2,0.0,0.0,12.04,1295.5,25.0,110.0,22.5,36.0,0.782,34.458,1956.0,7.579167967396076,517.0,0.0,0.6,8.0,89.8,0,1,2
41095,30.23925897008987,79.58617130225704,2024-08-01,175.0,175.0,175.0,102.0,20.0,70.0,850.0,2.5,1000.1,0.6,0.39,2.62,4.81,1550.0,78.3,0.0,0.5,0.0,82.6,1.0,2645.0,21.6527,92.11,-0.08,11.912,82.0,1.819,3.732,1.306,8.732,740.3,25.0,35.0,12.2,61.0,0.813,23.457,248.0,5.517452896464707,52.0,0.0,0.0,8.0,17.8,1,0,2
41567,30.145592969726348,79.39356078215282,2024-08-01,168.0,168.0,168.0,100.0,20.0,70.0,850.0,2.5,880.3,0.3,0.35,2.31,4.25,1410.0,75.5,4.42,0.64,0.8,0.0,0.0,1494.0,32.0549,327.38,-1.455,19.755,4500.0,1.733,0.0,0.0,12.281,1123.2,25.0,110.0,22.5,36.0,0.782,20.337,362.0,5.8944028342648505,90.0,0.0,4.8,8.0,77.7,1,0,1
41693,30.068739106942665,79.50996239415001,2024-09-13,154.5,154.5,154.5,86.5,20.0,70.0,850.0,2.5,1002.8,3.3,0.07,0.58,2.11,2180.0,100.0,4.82,0.219,71.1,84.0,0.0,1252.0,38.5666,105.21,-0.976,24.483,4500.0,1.2,0.0,0.0,12.04,1295.5,25.0,110.0,22.5,36.0,0.782,34.458,1956.0,7.579167967396076,517.0,0.0,0.6,8.0,89.8,0,1,2
41617,30.08721961881179,79.46111816464385,2024-09-13,154.5,154.5,154.5,86.5,20.0,70.0,850.0,2.5,1002.8,3.3,0.07,0.58,2.11,2180.0,100.0,3.56,0.219,73.4,76.6,0.0,1173.0,17.881,295.89,-0.702,9.797,4500.0,1.23,0.0,0.0,12.944,631.3,25.0,110.0,22.5,36.0,0.782,29.603,476.0,6.1675164908883415,117.0,0.0,6.5,8.0,75.2,0,1,1
41121,30.22021662207728,79.47800618166511,2024-09-14,68.0,222.5,222.5,0.0,20.0,70.0,850.0,2.5,883.4,3.4,0.06,0.56,2.01,1950.0,100.0,3.66,0.188,70.8,74.8,0.0,2373.0,17.7791,136.54,-0.888,9.808,4496.0,1.971,0.001,0.001,12.95,632.4,25.0,35.0,12.2,61.0,0.813,20.317,1698.0,7.4377951216719325,296.0,1.7,0.7,8.0,17.1,0,1,1
40841,30.49140789189444,79.49057153859071,2025-02-28,0.0,0.0,0.0,-30.6,20.0,70.0,850.0,2.5,1376.2,1.7,0.06,0.52,1.89,2650.0,100.0,4.55,0.187,74.4,78.1,0.0,1719.0,46.1967,225.84,2.309,35.203,4500.0,2.774,0.0,0.0,11.771,1576.8,25.0,65.0,18.4,49.0,0.795,4.018,395.0,5.981414211254481,102.0,0.0,10.2,8.0,65.3,0,1,1
40997,30.382660481351504,79.29101488566685,2021-02-04,0.0,0.0,0.0,-55.4,6.8,52.0,848.2,1.4,870.5,2.5,0.06,0.55,1.99,980.0,100.0,0.0,0.592,2.4,0.0,0.0,1704.0,18.0333,258.02,0.366,9.8,94.0,3.087,3.339,1.169,9.067,628.2,25.0,65.0,18.4,49.0,0.795,5.263,436.0,6.07993319509559,104.0,0.0,0.0,8.0,50.8,0,0,0
41386,30.32216908681733,79.32155043846011,2021-02-04,0.0,0.0,0.0,-55.4,6.8,52.0,848.2,1.4,870.5,2.5,0.06,0.55,1.99,980.0,100.0,0.0,0.533,1.8,0.0,0.0,907.0,27.9145,39.53,1.37,16.623,232.0,2.833,1.571,0.55,9.483,987.6,25.0,65.0,18.4,49.0,0.795,1.572,76.0,4.343805421853684,16.0,0.0,0.0,8.0,46.1,0,0,0
40945,30.440550627635822,79.36535250165305,2021-02-04,0.0,0.0,0.0,-55.4,6.8,52.0,848.2,1.4,1007.8,2.8,0.06,0.5,1.79,740.0,100.0,0.0,0.521,4.0,0.0,0.0,1825.0,17.3131,71.08,0.531,9.417,55.0,3.06,5.224,1.828,8.574,607.8,25.0,65.0,18.4,49.0,0.795,5.726,1158.0,7.055312843339752,243.0,0.0,8.9,8.0,30.7,0,0,0
41007,30.36990390339989,79.30564442373326,2021-02-04,0.0,0.0,0.0,-55.4,6.8,52.0,848.2,1.4,870.5,2.5,0.06,0.55,1.99,980.0,100.0,0.0,0.486,0.7,0.0,0.0,966.0,7.3986,240.98,0.314,3.905,234.0,3.029,1.559,0.546,10.898,260.8,25.0,65.0,18.4,49.0,0.795,3.249,805.0,6.692083742506628,163.0,0.6,0.0,8.0,74.0,0,0,0
41543,30.13581745339733,79.33978253352703,2021-02-04,0.0,0.0,0.0,-63.0,20.0,70.0,850.0,2.5,883.4,3.4,0.06,0.56,2.01,1950.0,100.0,0.0,0.607,2.1,0.0,0.0,1386.0,32.7193,290.33,-1.066,19.814,80.0,1.786,3.817,1.336,8.226,1127.1,25.0,65.0,18.4,49.0,0.795,17.357,432.0,6.07073772800249,104.0,0.0,0.9,8.0,24.8,0,0,0
42026,29.969015201949304,79.42549460605917,2021-02-04,0.0,0.0,0.0,-68.0,20.0,70.0,850.0,2.5,1002.8,3.3,0.07,0.58,2.11,2180.0,100.0,0.0,0.627,3.1,0.0,0.0,1416.0,44.8861,110.1,-1.449,31.41,17.0,1.2,13.444,4.705,6.238,1493.2,25.0,65.0,18.4,49.0,0.795,37.356,35.0,3.58351893845611,9.0,0.0,0.0,8.0,36.2,0,0,0
40850,30.479338632090183,79.53882269709419,2021-02-04,0.0,0.0,0.0,-30.6,-1.8,58.0,738.5,2.2,1801.4,6.4,2.77,12.02,0.0,1850.0,100.0,0.0,0.5,1.3,0.0,0.0,2886.0,55.3702,201.68,1.901,47.201,69.0,2.66,4.317,1.511,7.265,1650.0,25.0,35.0,12.2,61.0,0.813,2.895,442.0,6.093569770045136,92.0,0.0,7.6,8.0,24.4,0,0,0
41131,30.4776264295484,79.21349871523344,2021-02-04,0.0,0.0,0.0,-55.4,6.8,52.0,848.2,1.4,870.5,2.5,0.06,0.55,1.99,980.0,100.0,0.0,0.5,1.4,0.0,0.0,2920.0,13.7102,4.29,0.102,7.321,15.0,3.287,15.229,5.33,7.52,476.0,25.0,35.0,12.2,61.0,0.813,16.305,4.0,1.6094379124341003,1.0,0.0,0.0,8.0,17.4,0,0,0
41093,30.249906199744608,79.62336436094274,2021-02-04,0.0,0.0,0.0,-73.0,20.0,70.0,850.0,2.5,1002.8,3.3,0.07,0.58,2.11,2180.0,100.0,0.0,0.5,3.3,0.0,0.0,2958.0,34.5478,85.1,0.294,20.7,131.0,1.801,2.529,0.885,8.65,1147.5,25.0,35.0,12.2,61.0,0.813,20.63,134.0,4.90527477843843,21.0,0.0,0.0,8.0,17.2,0,0,0
41846,30.154288995581943,79.18897816468882,2021-02-04,0.0,0.0,0.0,-42.5,9.5,48.0,919.0,1.1,779.8,4.8,0.08,0.7,2.53,5420.0,100.0,0.0,0.478,2.3,0.0,0.0,1656.0,25.0249,339.89,-0.808,14.232,25.0,2.067,9.951,3.483,7.382,873.4,25.0,65.0,18.4,49.0,0.795,11.327,220.0,5.3981627015177525,44.0,0.0,0.0,8.0,33.1,0,0,0
41382,30.30261773034561,79.30338912979192,2021-02-04,0.0,0.0,0.0,-42.5,9.5,48.0,919.0,1.1,870.5,2.5,0.06,0.55,1.99,980.0,100.0,0.0,0.583,3.6,0.0,0.0,1078.0,35.9297,39.93,1.768,23.377,166.0,2.778,2.075,0.726,8.835,1256.6,25.0,65.0,18.4,49.0,0.795,1.821,51.0,3.9512437185814275,12.0,0.0,0.0,8.0,35.7,0,0,0
41881,30.122202233719367,79.21808182080605,2021-02-04,0.0,0.0,0.0,-63.0,20.0,70.0,850.0,2.5,779.8,4.8,0.08,0.7,2.53,5420.0,100.0,0.0,0.551,4.8,0.0,0.0,1855.0,16.1103,305.38,-0.761,8.789,20.0,1.863,11.974,4.191,7.639,571.9,25.0,65.0,18.4,49.0,0.795,15.118,327.0,5.793013608384144,61.0,0.0,1.6,8.0,25.2,0,0,0
41429,30.22741685182368,79.30469625265646,2021-02-04,0.0,0.0,0.0,-42.5,9.5,48.0,919.0,1.1,779.8,4.8,0.08,0.7,2.53,5420.0,100.0,0.0,0.518,2.2,0.0,0.0,1784.0,32.5067,135.04,-1.625,20.34,136.0,2.389,2.453,0.859,8.764,1144.7,25.0,65.0,18.4,49.0,0.795,7.758,503.0,6.222576268071369,117.0,0.0,11.1,8.0,49.9,0,0,0
41672,30.09201601937599,79.47763823901562,2021-02-04,0.0,0.0,0.0,-68.0,20.0,70.0,850.0,2.5,1002.8,3.3,0.07,0.58,2.11,2180.0,100.0,0.0,0.556,0.5,0.0,0.0,1338.0,35.7604,301.55,-1.595,22.938,1008.0,1.216,1.128,0.395,10.645,1243.4,25.0,65.0,18.4,49.0,0.795,30.386,366.0,5.905361848054571,84.0,0.0,24.7,8.0,37.7,0,0,0
41592,30.09950831298847,79.39101848985946,2021-02-04,0.0,0.0,0.0,-68.0,20.0,70.0,850.0,2.5,883.4,3.4,0.06,0.56,2.01,1950.0,100.0,0.0,0.506,3.2,0.0,0.0,1351.0,32.5631,262.15,0.441,19.251,79.0,1.467,3.833,1.342,8.219,1095.4,25.0,65.0,18.4,49.0,0.795,23.744,218.0,5.389071729816501,51.0,0.0,0.0,8.0,24.7,0,0,0
40995,30.38473160169808,79.31782403753999,2021-02-04,0.0,0.0,0.0,-55.4,6.8,52.0,848.2,1.4,870.5,2.5,0.06,0.55,1.99,980.0,100.0,0.0,0.556,2.2,0.0,0.0,984.0,22.9396,228.57,1.138,13.102,1177.0,3.05,1.015,0.355,11.332,815.0,25.0,65.0,18.4,49.0,0.795,3.765,182.0,5.209486152841421,38.0,0.0,0.0,8.0,34.1,0,0,0
41105,30.260409826647848,79.4005861709944,2021-02-04,0.0,0.0,0.0,-42.5,9.5,48.0,919.0,1.1,870.5,2.5,0.06,0.55,1.99,980.0,100.0,0.0,0.581,0.7,0.0,0.0,1598.0,28.8568,133.18,-1.44,17.367,209.0,2.38,1.715,0.6,9.339,1020.8,25.0,65.0,18.4,49.0,0.795,11.899,677.0,6.519147287940395,117.0,0.0,0.0,8.0,19.1,0,0,0
41394,30.29287743915744,79.32565060796362,2021-02-04,0.0,0.0,0.0,-42.5,9.5,48.0,919.0,1.1,870.5,2.5,0.06,0.55,1.99,980.0,100.0,0.0,0.544,3.1,0.0,0.0,1266.0,22.0525,61.71,0.92,12.407,68.0,2.696,4.329,1.515,8.524,778.5,25.0,65.0,18.4,49.0,0.795,4.135,202.0,5.313205979041787,55.0,0.0,0.0,8.0,45.3,0,0,0
41049,30.30320793639148,79.39607386728191,2021-02-04,0.0,0.0,0.0,-55.4,6.8,52.0,848.2,1.4,870.5,2.5,0.06,0.55,1.99,980.0,100.0,0.0,0.561,4.2,0.0,0.0,1716.0,14.1888,139.68,-0.7,7.677,697.0,2.6,1.335,0.467,11.323,504.0,25.0,65.0,18.4,49.0,0.795,8.099,928.0,6.834108738813838,219.0,0.0,0.0,8.0,78.9,0,0,0
40999,30.378710920599595,79.3161509420578,2021-02-04,0.0,0.0,0.0,-55.4,6.8,52.0,848.2,1.4,870.5,2.5,0.06,0.55,1.99,980.0,100.0,0.0,0.514,4.0,0.0,0.0,981.0,21.9098,227.04,1.093,12.421,1320.0,3.037,0.92,0.322,11.497,778.9,25.0,65.0,18.4,49.0,0.795,3.343,341.0,5.834810737062605,78.0,0.0,0.0,8.0,38.0,0,0,0
41540,30.147937926986057,79.37376801643373,2021-02-06,0.0,0.0,0.0,-63.0,20.0,70.0,850.0,2.5,883.4,3.4,0.06,0.56,2.01,1950.0,100.0,0.0,0.475,3.1,0.0,0.0,1144.0,41.4167,296.69,-1.662,28.233,1419.0,1.79,0.854,0.299,10.784,1411.0,25.0,65.0,18.4,49.0,0.795,18.77,139.0,4.941642422609304,30.0,0.0,6.5,8.0,57.8,0,0,0
41207,30.35255828514274,79.20382394781802,2021-02-06,0.0,0.8,0.8,-39.2,20.0,70.0,850.0,2.5,755.2,3.2,0.07,0.57,2.06,5580.0,100.0,0.0,0.542,2.9,0.0,0.0,1738.0,21.0624,2.09,0.077,11.555,30.0,3.079,8.535,2.987,7.757,721.0,25.0,65.0,18.4,49.0,0.795,9.023,385.0,5.955837369464831,84.0,0.0,0.0,8.0,45.5,0,0,0
40939,30.4200348994658,79.40698268396768,2021-02-06,0.0,2.0,2.0,-55.4,9.2,45.0,847.5,1.5,1007.8,2.8,0.06,0.5,1.79,740.0,100.0,0.0,0.558,0.3,0.0,0.0,1324.0,21.3646,99.41,-0.345,11.77,1525.0,2.941,0.783,0.274,11.67,738.7,25.0,65.0,18.4,49.0,0.795,1.405,181.0,5.204006687076795,45.0,0.0,0.0,8.0,35.3,0,0,0
41165,30.37447450869361,79.16929270476516,2021-02-06,0.0,0.8,0.8,-39.2,20.0,70.0,850.0,2.5,755.2,3.2,0.07,0.57,2.06,5580.0,100.0,0.0,0.627,2.0,0.0,0.0,2191.0,29.9673,306.11,-1.427,18.157,23.0,3.156,10.537,3.688,7.087,1056.0,25.0,65.0,18.4,49.0,0.795,13.16,524.0,6.263398262591624,105.0,0.0,1.0,8.0,43.4,0,0,0
41397,30.281804469363145,79.3340299046195,2021-02-06,0.0,0.5,0.5,-42.5,12.0,42.0,918.4,1.2,870.5,2.5,0.06,0.55,1.99,980.0,100.0,0.0,0.564,2.8,0.0,0.0,1662.0,27.0999,71.17,0.828,15.613,63.0,2.628,4.641,1.624,8.214,941.3,25.0,65.0,18.4,49.0,0.795,5.581,482.0,6.180016653652572,105.0,0.0,0.9,8.0,53.9,0,0,0
40829,30.51963361883869,79.3788805047031,2021-02-06,0.0,2.0,2.0,-55.4,9.2,45.0,847.5,1.5,1007.8,2.8,0.06,0.5,1.79,740.0,100.0,0.0,0.5,2.4,0.0,0.0,2833.0,36.2435,244.48,1.409,23.057,25.0,3.015,10.0,3.5,6.931,1249.1,25.0,35.0,12.2,61.0,0.813,5.172,311.0,5.7430031878094825,68.0,0.0,3.1,8.0,62.5,0,0,0
41161,30.373265431925606,79.12903238405539,2021-02-06,0.0,0.8,0.8,-39.2,20.0,70.0,850.0,2.5,755.2,3.2,0.07,0.57,2.06,5580.0,100.0,0.0,0.518,1.9,0.0,0.0,2150.0,41.3962,287.23,-1.171,27.337,26.0,3.143,9.533,3.337,6.785,1384.5,25.0,65.0,18.4,49.0,0.795,13.368,100.0,4.61512051684126,22.0,0.0,0.0,8.0,48.9,0,0,0
41610,30.09837122420112,79.41310050994717,2021-02-06,0.0,1.2,1.2,-68.0,20.0,70.0,850.0,2.5,883.4,3.4,0.06,0.56,2.01,1950.0,100.0,0.0,0.59,1.2,0.0,0.0,1645.0,16.1803,283.08,-0.357,8.732,139.0,1.41,2.408,0.843,9.573,565.3,25.0,65.0,18.4,49.0,0.795,25.377,245.0,5.5053315359323625,64.0,0.0,1.2,8.0,19.9,0,0,0
41171,30.35419860889234,79.17891820291044,2021-02-06,0.0,0.8,0.8,-39.2,20.0,70.0,850.0,2.5,755.2,3.2,0.07,0.57,2.06,5580.0,100.0,0.0,0.608,2.4,0.0,0.0,1595.0,30.3421,312.44,-1.511,18.535,28.0,3.092,9.046,3.166,7.269,1071.4,25.0,65.0,18.4,49.0,0.795,10.838,37.0,3.6375861597263857,8.0,0.0,44.4,8.0,35.6,0,0,0
41618,30.08434131953058,79.46877131973022,2021-02-06,0.0,1.2,1.2,-68.0,20.0,70.0,850.0,2.5,1002.8,3.3,0.07,0.58,2.11,2180.0,100.0,3.81,0.583,2.3,0.0,0.0,1248.0,20.5309,297.67,-0.844,11.433,4492.0,1.2,0.002,0.002,12.793,725.1,25.0,110.0,22.5,36.0,0.782,30.363,341.0,5.834810737062605,73.0,1.3,6.7,8.0,49.2,0,0,0
41747,30.06951251127366,79.60715400784288,2021-02-06,0.0,2.0,2.0,-73.0,20.0,70.0,850.0,2.5,1002.8,3.3,0.07,0.58,2.11,2180.0,100.0,0.0,0.557,1.6,0.0,0.0,1785.0,30.0184,82.26,0.401,17.403,234.0,1.2,1.563,0.547,9.405,1016.6,25.0,65.0,18.4,49.0,0.795,38.858,1282.0,7.1569563646156364,258.0,0.0,0.0,8.0,30.8,0,0,0
41385,30.32366793100808,79.31479162387677,2021-02-06,0.0,2.0,2.0,-55.4,9.2,45.0,847.5,1.5,870.5,2.5,0.06,0.55,1.99,980.0,100.0,0.0,0.511,2.3,0.0,0.0,1203.0,22.279,36.11,1.061,12.632,1114.0,2.85,1.057,0.37,11.309,790.4,25.0,65.0,18.4,49.0,0.795,0.983,97.0,4.584967478670572,19.0,0.0,0.0,8.0,45.9,0,0,0
41101,30.25713930678566,79.43297748434651,2021-02-06,0.0,2.0,2.0,-55.4,9.2,45.0,847.5,1.5,883.4,3.4,0.06,0.56,2.01,1950.0,100.0,1.67,0.578,2.7,0.0,0.0,2017.0,37.3341,120.22,-1.624,24.344,3524.0,2.286,0.244,0.085,11.839,1291.7,25.0,65.0,18.4,49.0,0.795,14.358,202.0,5.313205979041787,50.0,0.0,0.0,8.0,41.8,0,0,0
41906,30.0435195172212,79.21345083886416,2021-02-06,0.0,0.0,0.0,-63.0,20.0,70.0,850.0,2.5,883.4,3.4,0.06,0.56,2.01,1950.0,100.0,0.0,0.666,3.5,0.0,0.0,2287.0,34.8397,275.44,-0.329,20.938,11.0,1.431,19.103,6.686,6.161,1157.6,25.0,35.0,12.2,61.0,0.813,23.769,153.0,5.0369526024136295,30.0,0.0,0.0,8.0,9.3,0,0,0
41137,30.41933473396241,79.19315049684252,2021-02-06,0.0,0.8,0.8,-39.2,20.0,70.0,850.0,2.5,870.5,2.5,0.06,0.55,1.99,980.0,100.0,0.0,0.552,3.6,0.0,0.0,2006.0,23.3273,2.43,0.099,12.94,17.0,3.252,13.58,4.753,7.076,795.1,25.0,65.0,18.4,49.0,0.795,14.956,37.0,3.6375861597263857,8.0,0.0,0.0,8.0,42.4,0,0,0
41742,30.076344572309075,79.54885355208734,2021-02-06,0.0,1.2,1.2,-68.0,20.0,70.0,850.0,2.5,1002.8,3.3,0.07,0.58,2.11,2180.0,100.0,0.0,0.575,3.0,0.0,0.0,2254.0,38.2267,69.6,1.249,24.535,970.0,1.2,1.153,0.404,10.517,1299.4,25.0,35.0,12.2,61.0,0.813,37.166,713.0,6.570882962339584,152.0,0.0,1.3,8.0,20.0,0,0,0
41958,30.00860226391128,79.28802773247507,2021-02-06,0.0,0.0,0.0,-63.0,20.0,70.0,850.0,2.5,883.4,3.4,0.06,0.56,2.01,1950.0,100.0,0.0,0.635,4.4,0.0,0.0,1757.0,19.364,162.03,-0.568,10.628,12.0,1.2,18.414,6.445,6.932,678.2,25.0,65.0,18.4,49.0,0.795,28.424,58.0,4.07753744390572,12.0,0.0,0.0,8.0,22.9,0,0,0
41449,30.21750381489133,79.26482948592376,2021-02-06,0.0,0.5,0.5,-42.5,12.0,42.0,918.4,1.2,779.8,4.8,0.08,0.7,2.53,5420.0,100.0,0.0,0.635,3.4,0.0,0.0,1270.0,15.8582,107.47,-0.454,8.566,1377.0,2.387,0.882,0.309,11.887,556.4,25.0,65.0,18.4,49.0,0.795,5.782,489.0,6.194405391104672,113.0,0.0,0.0,8.0,41.6,0,0,0
41791,30.062108032839184,79.61732536614412,2021-02-06,0.0,2.0,2.0,-73.0,20.0,70.0,850.0,2.5,1002.8,3.3,0.07,0.58,2.11,2180.0,100.0,0.0,0.633,0.7,0.0,0.0,1995.0,25.0848,59.85,1.089,14.454,119.0,1.2,2.734,0.957,8.939,884.9,25.0,65.0,18.4,49.0,0.795,39.083,289.0,5.66988092298052,64.0,0.0,3.0,8.0,8.9,0,0,0
41086,30.292518107456274,79.5652782608262,2021-02-06,0.0,1.2,1.2,-68.0,20.0,70.0,850.0,2.5,1007.8,2.8,0.06,0.5,1.79,740.0,100.0,0.0,0.595,2.8,0.0,0.0,2237.0,46.771,145.55,-2.182,35.51,159.0,2.14,2.147,0.751,8.408,1584.4,25.0,35.0,12.2,61.0,0.813,19.206,152.0,5.030437921392435,30.0,0.0,29.0,8.0,35.7,0,0,0
41354,30.22714483823205,79.24308690680519,2021-10-16,0.0,0.0,0.0,-42.5,21.5,55.0,915.0,1.0,779.8,4.8,0.08,0.7,2.53,5420.0,100.0,0.0,0.642,2.9,0.0,0.0,1331.0,19.1539,163.9,-0.51,10.488,1551.0,2.465,0.766,0.268,11.805,669.6,25.0,65.0,18.4,49.0,0.795,3.854,190.0,5.25227342804663,45.0,0.0,0.0,8.0,41.9,0,0,0
41907,30.05955316734939,79.23608579786921,2021-10-16,0.0,0.0,0.0,-63.0,16.5,60.0,831.0,1.4,883.4,3.4,0.06,0.56,2.01,1950.0,100.0,0.0,0.679,1.1,0.0,0.0,2007.0,16.4159,294.27,-0.615,8.922,13.0,1.497,16.492,5.772,7.188,579.1,25.0,65.0,18.4,49.0,0.795,22.191,111.0,4.718498871295094,21.0,0.0,0.0,8.0,16.3,0,0,0
41225,30.326330222021216,79.18467769376902,2021-10-16,0.0,0.0,0.0,-39.2,20.0,70.0,850.0,2.5,755.2,3.2,0.07,0.57,2.06,5580.0,100.0,0.0,0.587,2.6,0.0,0.0,1370.0,36.6355,1.96,0.125,22.318,41.0,2.988,6.636,2.323,7.411,1199.4,25.0,65.0,18.4,49.0,0.795,7.711,88.0,4.48863636973214,26.0,0.0,0.0,8.0,45.1,0,0,0
40955,30.41329126721236,79.37620386850742,2021-10-16,0.0,0.0,0.0,-55.4,18.2,58.0,844.6,1.2,1007.8,2.8,0.06,0.5,1.79,740.0,100.0,0.0,0.586,3.2,0.0,0.0,1091.0,16.4654,43.95,0.823,9.016,171.0,2.999,2.026,0.709,9.762,585.5,25.0,65.0,18.4,49.0,0.795,2.693,300.0,5.707110264748875,56.0,1.8,21.1,8.0,44.5,0,0,0
41885,30.12033369942645,79.23108011911297,2021-10-16,0.0,0.0,0.0,-63.0,16.5,60.0,831.0,1.4,779.8,4.8,0.08,0.7,2.53,5420.0,100.0,0.0,0.704,0.2,0.0,0.0,1878.0,23.1253,315.18,-1.156,13.233,21.0,1.843,11.324,3.963,7.297,821.8,25.0,65.0,18.4,49.0,0.795,15.435,368.0,5.910796644040527,77.0,0.0,7.7,8.0,34.0,0,0,0
41268,30.27896554618678,79.2248265987613,2021-10-16,0.0,0.0,0.0,-42.5,21.5,55.0,915.0,1.0,779.8,4.8,0.08,0.7,2.53,5420.0,100.0,0.0,0.556,1.3,0.0,0.0,1069.0,39.6594,17.28,1.125,25.645,233.0,2.756,1.568,0.549,9.04,1333.9,25.0,65.0,18.4,49.0,0.795,1.836,112.0,4.727387818712341,27.0,0.0,0.0,8.0,36.6,0,0,0
41555,30.160539350811703,79.37997383186979,2021-10-16,0.0,0.0,0.0,-63.0,16.5,60.0,831.0,1.4,883.4,3.4,0.06,0.56,2.01,1950.0,100.0,0.0,0.715,3.4,0.0,0.0,1567.0,26.0089,317.03,-1.297,15.241,1723.0,1.852,0.651,0.228,11.571,922.5,25.0,65.0,18.4,49.0,0.795,18.224,156.0,5.056245805348308,48.0,0.0,8.2,8.0,39.9,0,0,0
41576,30.125330127987933,79.37379917176054,2021-10-16,0.0,0.0,0.0,-63.0,16.5,60.0,831.0,1.4,883.4,3.4,0.06,0.56,2.01,1950.0,100.0,0.0,0.782,2.4,0.0,0.0,1585.0,5.5414,324.67,-0.261,2.915,109.0,1.655,2.948,1.032,10.425,195.1,25.0,65.0,18.4,49.0,0.795,20.531,1122.0,7.023758954738443,226.0,0.0,2.2,8.0,41.6,0,0,0
41753,30.06298647641107,79.56612177450485,2021-10-16,0.0,0.0,0.0,-73.0,20.0,70.0,850.0,2.5,1002.8,3.3,0.07,0.58,2.11,2180.0,100.0,2.14,0.695,3.5,0.0,0.0,1882.0,35.2356,94.05,-0.248,21.223,3764.0,1.2,0.184,0.08,11.982,1165.3,25.0,65.0,18.4,49.0,0.795,39.382,171.0,5.147494476813453,33.0,0.0,0.0,8.0,15.0,0,0,0
41137,30.41933473396241,79.19315049684252,2021-10-16,0.0,0.0,0.0,-39.2,20.0,70.0,850.0,2.5,870.5,2.5,0.06,0.55,1.99,980.0,100.0,0.0,0.713,3.2,0.0,0.0,2006.0,23.3273,2.43,0.099,12.94,17.0,3.252,13.58,4.753,7.076,795.1,25.0,65.0,18.4,49.0,0.795,14.956,37.0,3.6375861597263857,8.0,0.0,0.0,8.0,42.4,0,0,0
41145,30.38300846743501,79.17985371681925,2021-10-16,0.0,0.0,0.0,-39.2,20.0,70.0,850.0,2.5,755.2,3.2,0.07,0.57,2.06,5580.0,100.0,0.0,0.668,2.0,0.0,0.0,2081.0,18.1184,1.92,0.061,9.817,20.0,3.179,11.872,4.155,7.514,623.5,25.0,65.0,18.4,49.0,0.795,13.065,10.0,2.3978952727983707,2.0,0.0,0.0,8.0,47.7,0,0,0
41713,30.04511701975155,79.4859443276337,2021-10-16,0.0,0.0,0.0,-68.0,20.0,70.0,850.0,2.5,1002.8,3.3,0.07,0.58,2.11,2180.0,100.0,0.0,0.668,0.9,0.0,0.0,1986.0,14.7107,237.46,0.667,7.963,94.0,1.2,3.339,1.169,9.282,521.4,25.0,65.0,18.4,49.0,0.795,34.617,416.0,6.0330862217988015,82.0,0.0,8.4,8.0,32.7,0,0,0
40997,30.382660481351504,79.29101488566685,2021-10-16,0.0,0.0,0.0,-55.4,18.2,58.0,844.6,1.2,870.5,2.5,0.06,0.55,1.99,980.0,100.0,0.0,0.678,3.0,0.0,0.0,1704.0,18.0333,258.02,0.366,9.8,94.0,3.087,3.339,1.169,9.067,628.2,25.0,65.0,18.4,49.0,0.795,5.263,436.0,6.07993319509559,104.0,0.0,0.0,8.0,50.8,0,0,0
41484,30.174862902703307,79.28860114733709,2021-10-16,0.0,0.0,0.0,-42.5,21.5,55.0,915.0,1.0,883.4,3.4,0.06,0.56,2.01,1950.0,100.0,0.0,0.577,3.9,0.0,0.0,1322.0,18.9963,150.14,-0.82,10.5,104.0,2.105,3.059,1.071,9.112,672.4,25.0,65.0,18.4,49.0,0.795,10.996,92.0,4.532599493153256,21.0,0.0,0.0,8.0,57.1,0,0,0
41352,30.231448979695774,79.23454834038178,2021-10-16,0.0,0.0,0.0,-42.5,21.5,55.0,915.0,1.0,779.8,4.8,0.08,0.7,2.53,5420.0,100.0,0.86,0.634,2.0,0.0,0.0,1452.0,7.9715,170.0,-0.136,4.203,1908.0,2.496,0.528,0.185,12.921,278.9,25.0,110.0,22.5,36.0,0.782,3.195,66.0,4.204692619390966,21.0,0.0,0.0,8.0,34.1,0,0,0
41429,30.22741685182368,79.30469625265646,2021-10-16,0.0,0.0,0.0,-42.5,21.5,55.0,915.0,1.0,779.8,4.8,0.08,0.7,2.53,5420.0,100.0,0.0,0.726,3.0,0.0,0.0,1784.0,32.5067,135.04,-1.625,20.34,136.0,2.389,2.453,0.859,8.764,1144.7,25.0,65.0,18.4,49.0,0.795,7.758,503.0,6.222576268071369,117.0,0.0,11.1,8.0,49.9,0,0,0
41262,30.295916481505028,79.27151285824152,2021-10-16,0.0,0.0,0.0,-42.5,21.5,55.0,915.0,1.0,870.5,2.5,0.06,0.55,1.99,980.0,100.0,0.0,0.582,1.1,0.0,0.0,1039.0,24.9625,52.11,1.21,14.467,1843.0,2.792,0.571,0.2,11.685,884.9,25.0,110.0,22.5,36.0,0.782,0.112,103.0,4.6443908991413725,26.0,0.0,0.0,8.0,38.3,0,0,0
41867,30.165886441714168,79.21214601612185,2021-10-16,0.0,0.0,0.0,-42.5,21.5,55.0,915.0,1.0,779.8,4.8,0.08,0.7,2.53,5420.0,100.0,0.0,0.597,2.0,0.0,0.0,1294.0,32.2557,301.65,-1.441,19.891,32.0,2.128,8.124,2.843,7.327,1128.9,25.0,65.0,18.4,49.0,0.795,10.243,95.0,4.564348191467836,20.0,0.0,0.0,8.0,54.1,0,0,0
41613,30.09532693346275,79.42888666883623,2021-10-16,0.0,0.0,0.0,-68.0,20.0,70.0,850.0,2.5,883.4,3.4,0.06,0.56,2.01,1950.0,100.0,0.0,0.638,0.8,0.0,0.0,1390.0,21.4118,287.6,-0.617,11.875,233.0,1.355,1.567,0.548,9.788,748.2,25.0,65.0,18.4,49.0,0.795,26.718,98.0,4.59511985013459,26.0,0.0,0.0,8.0,26.4,0,0,0
41641,30.07743621798545,79.4554312150933,2021-10-16,0.0,0.0,0.0,-68.0,20.0,70.0,850.0,2.5,1002.8,3.3,0.07,0.58,2.11,2180.0,100.0,0.0,0.616,0.9,0.0,0.0,1334.0,39.6413,305.47,-1.873,26.946,877.0,1.2,1.215,0.425,10.366,1371.6,25.0,65.0,18.4,49.0,0.795,29.967,15.0,2.772588722239781,4.0,0.0,0.0,8.0,47.8,0,0,0
41075,30.31559326541184,79.5316530624335,2021-10-20,0.0,227.6,298.6,-55.4,15.5,62.0,842.6,1.4,1007.8,2.8,0.06,0.5,1.79,740.0,100.0,0.0,0.563,0.9,0.0,0.0,2663.0,45.838,132.71,-2.285,34.689,60.0,2.323,4.844,1.695,7.466,1565.9,25.0,35.0,12.2,61.0,0.813,15.148,17.0,2.8903717578961645,3.0,0.0,0.0,8.0,34.3,0,0,0
41907,30.05955316734939,79.23608579786921,2021-10-20,0.0,200.0,268.0,-63.0,13.5,64.0,829.5,1.6,883.4,3.4,0.06,0.56,2.01,1950.0,100.0,0.0,0.679,1.1,0.0,0.0,2007.0,16.4159,294.27,-0.615,8.922,13.0,1.497,16.492,5.772,7.188,579.1,25.0,65.0,18.4,49.0,0.795,22.191,111.0,4.718498871295094,21.0,0.0,0.0,8.0,16.3,0,0,0
40818,30.560641832878314,79.45231318939794,2021-10-20,0.0,197.2,259.6,-32.0,12.0,65.0,812.5,1.8,1376.2,1.7,0.06,0.52,1.89,2650.0,100.0,0.0,0.538,3.0,0.0,0.0,2658.0,31.616,248.64,1.072,18.991,32.0,2.762,8.04,2.814,7.352,1093.4,25.0,35.0,12.2,61.0,0.813,1.727,133.0,4.897839799950911,26.0,3.8,0.0,8.0,34.4,0,0,0
41047,30.30052274499161,79.37870282871376,2021-10-20,0.0,227.6,298.6,-55.4,15.5,62.0,842.6,1.4,870.5,2.5,0.06,0.55,1.99,980.0,100.0,3.77,0.728,4.6,0.0,0.0,1271.0,25.1862,145.91,-1.169,14.582,4188.0,2.626,0.078,0.078,12.496,890.9,25.0,110.0,22.5,36.0,0.782,7.274,257.0,5.552959584921617,74.0,2.7,4.1,8.0,41.6,0,0,0
41450,30.21632371141554,79.25610065439848,2021-10-20,0.0,184.0,242.2,-42.5,18.4,58.0,913.2,1.1,779.8,4.8,0.08,0.7,2.53,5420.0,100.0,0.0,0.694,1.0,0.0,0.0,1069.0,15.9644,115.42,-0.619,8.664,230.0,2.39,1.584,0.554,10.091,563.7,25.0,65.0,18.4,49.0,0.795,5.455,335.0,5.817111159963204,82.0,0.0,0.0,8.0,41.8,0,0,0
41474,30.19647794480384,79.30904552133293,2021-10-20,0.0,184.0,242.2,-42.5,18.4,58.0,913.2,1.1,883.4,3.4,0.06,0.56,2.01,1950.0,100.0,3.44,0.593,1.4,0.0,0.0,931.0,25.5729,124.5,-1.194,14.859,4220.0,2.203,0.07,0.07,12.486,904.5,25.0,110.0,22.5,36.0,0.782,10.467,361.0,5.8916442118257715,69.0,0.0,0.0,8.0,28.5,0,0,0
41137,30.41933473396241,79.19315049684252,2021-10-20,0.0,191.6,255.6,-39.2,20.0,70.0,850.0,2.5,870.5,2.5,0.06,0.55,1.99,980.0,100.0,0.0,0.713,3.2,0.0,0.0,2006.0,23.3273,2.43,0.099,12.94,17.0,3.252,13.58,4.753,7.076,795.1,25.0,65.0,18.4,49.0,0.795,14.956,37.0,3.6375861597263857,8.0,0.0,0.0,8.0,42.4,0,0,0
41671,30.093737888306496,79.46032440967764,2021-10-20,0.0,246.4,324.9,-68.0,20.0,70.0,850.0,2.5,1002.8,3.3,0.07,0.58,2.11,2180.0,100.0,0.65,0.669,2.5,0.0,0.0,1157.0,32.7877,286.89,-0.912,19.722,2648.0,1.269,0.463,0.162,11.723,1122.6,25.0,110.0,22.5,36.0,0.782,29.041,331.0,5.805134968916488,79.0,1.3,16.5,8.0,46.2,0,0,0
42046,29.96271156014212,79.44554753869103,2021-10-20,0.0,246.4,324.9,-68.0,20.0,70.0,850.0,2.5,1002.8,3.3,0.07,0.58,2.11,2180.0,100.0,0.0,0.665,5.5,0.0,0.0,1883.0,41.2016,128.8,-2.012,28.8,17.0,1.2,13.313,4.66,6.367,1423.4,25.0,65.0,18.4,49.0,0.795,38.957,89.0,4.499809670330265,15.0,0.0,0.0,8.0,28.0,0,0,0
41885,30.12033369942645,79.23108011911297,2021-10-20,0.0,200.0,268.0,-63.0,13.5,64.0,829.5,1.6,779.8,4.8,0.08,0.7,2.53,5420.0,100.0,0.0,0.704,0.2,0.0,0.0,1878.0,23.1253,315.18,-1.156,13.233,21.0,1.843,11.324,3.963,7.297,821.8,25.0,65.0,18.4,49.0,0.795,15.435,368.0,5.910796644040527,77.0,0.0,7.7,8.0,34.0,0,0,0
42041,29.950490438828894,79.4056963183277,2021-10-20,0.0,246.4,324.9,-68.0,20.0,70.0,850.0,2.5,1002.8,3.3,0.07,0.58,2.11,2180.0,100.0,0.0,0.68,2.7,0.0,0.0,1130.0,11.7527,134.37,-0.587,6.295,14.0,1.2,16.072,5.625,7.61,416.9,25.0,65.0,18.4,49.0,0.795,38.262,237.0,5.472270673671475,50.0,0.0,0.0,8.0,48.8,0,0,0
41423,30.239738356423093,79.30241130066042,2021-10-20,0.0,184.0,242.2,-42.5,18.4,58.0,913.2,1.1,779.8,4.8,0.08,0.7,2.53,5420.0,100.0,0.0,0.693,4.1,0.0,0.0,2167.0,44.5125,121.81,-1.994,32.293,93.0,2.461,3.368,1.179,7.951,1514.0,25.0,65.0,18.4,49.0,0.795,6.64,157.0,5.062595033026967,33.0,0.0,0.0,8.0,36.4,0,0,0
41740,30.090646762947884,79.53608429445137,2021-10-20,0.0,246.4,324.9,-68.0,20.0,70.0,850.0,2.5,1002.8,3.3,0.07,0.58,2.11,2180.0,100.0,0.0,0.668,1.8,0.0,0.0,2026.0,27.9176,45.22,1.396,16.652,125.0,1.2,2.631,0.921,8.865,988.7,25.0,65.0,18.4,49.0,0.795,34.58,23.0,3.1780538303479458,6.0,0.0,0.0,8.0,23.6,0,0,0
41714,30.049299431460387,79.48718596338534,2021-10-20,0.0,246.4,324.9,-68.0,20.0,70.0,850.0,2.5,1002.8,3.3,0.07,0.58,2.11,2180.0,100.0,0.0,0.627,1.0,0.0,0.0,1966.0,16.3225,240.76,0.696,8.891,113.0,1.2,2.864,1.002,9.357,577.7,25.0,65.0,18.4,49.0,0.795,34.378,527.0,6.269096283706261,77.0,0.0,0.0,8.0,34.1,0,0,0
41770,30.121333247488643,79.6048522466832,2021-10-20,0.0,259.7,342.1,-73.0,20.0,70.0,850.0,2.5,1002.8,3.3,0.07,0.58,2.11,2180.0,100.0,1.54,0.61,2.8,0.0,0.0,1985.0,34.7253,78.91,0.655,21.014,3644.0,1.2,0.214,0.08,11.969,1169.1,25.0,65.0,18.4,49.0,0.795,33.958,386.0,5.958424693029782,84.0,0.0,2.4,8.0,41.9,0,0,0
40972,30.37435420002104,79.42856362615771,2021-10-20,0.0,227.6,298.6,-55.4,15.5,62.0,842.6,1.4,1007.8,2.8,0.06,0.5,1.79,740.0,100.0,0.5,0.691,0.9,0.0,0.0,1441.0,22.6207,91.58,-0.062,12.502,2920.0,2.788,0.395,0.138,12.256,771.2,25.0,110.0,22.5,36.0,0.782,3.885,559.0,6.327936783729195,125.0,0.0,4.3,8.0,15.9,0,0,0
41530,30.146284854763124,79.32568484143829,2021-10-20,0.0,200.0,268.0,-63.0,13.5,64.0,829.5,1.6,883.4,3.4,0.06,0.56,2.01,1950.0,100.0,0.0,0.731,2.7,0.0,0.0,1688.0,36.1613,278.64,-0.537,22.083,85.0,1.875,3.609,1.263,8.157,1205.5,25.0,65.0,18.4,49.0,0.795,15.614,199.0,5.298317366548036,46.0,0.0,0.0,8.0,18.7,0,0,0
41268,30.27896554618678,79.2248265987613,2021-10-20,0.0,184.0,242.2,-42.5,18.4,58.0,913.2,1.1,779.8,4.8,0.08,0.7,2.53,5420.0,100.0,0.0,0.556,1.3,0.0,0.0,1069.0,39.6594,17.28,1.125,25.645,233.0,2.756,1.568,0.549,9.04,1333.9,25.0,65.0,18.4,49.0,0.795,1.836,112.0,4.727387818712341,27.0,0.0,0.0,8.0,36.6,0,0,0
41363,30.28476064749134,79.2534550124603,2021-10-20,0.0,184.0,242.2,-42.5,18.4,58.0,913.2,1.1,779.8,4.8,0.08,0.7,2.53,5420.0,100.0,1.91,0.523,0.9,0.0,0.0,997.0,35.8853,81.49,0.525,21.854,3172.0,2.76,0.332,0.116,11.787,1196.9,25.0,110.0,22.5,36.0,0.782,0.284,64.0,4.174387269895637,21.0,0.0,0.0,8.0,53.2,0,0,0
41317,30.21127486593184,79.19244507493147,2021-10-20,0.0,184.0,242.2,-42.5,18.4,58.0,913.2,1.1,779.8,4.8,0.08,0.7,2.53,5420.0,100.0,0.0,0.712,5.3,0.0,0.0,2042.0,24.9817,191.49,0.488,14.061,73.0,2.405,4.092,1.432,8.455,861.1,25.0,65.0,18.4,49.0,0.795,5.063,182.0,5.209486152841421,51.0,0.0,0.0,8.0,46.5,0,0,0
41960,29.989362188240552,79.29431273373717,2022-07-16,51.2,51.2,51.2,-11.8,19.0,85.0,825.2,2.5,883.4,3.4,0.06,0.56,2.01,1950.0,100.0,0.0,0.685,4.1,0.0,0.0,1412.0,22.0434,161.72,-0.657,12.278,11.0,1.2,19.213,6.725,6.703,770.3,25.0,65.0,18.4,49.0,0.795,30.635,265.0,5.583496308781699,53.0,0.0,0.0,8.0,30.7,0,0,0
41839,30.17890542761125,79.17149437340477,2022-07-16,48.0,48.0,48.0,5.5,25.1,82.0,908.5,2.0,779.8,4.8,0.08,0.7,2.53,5420.0,100.0,0.0,0.647,2.0,0.0,0.0,1317.0,8.7309,333.91,-0.345,4.621,32.0,2.217,8.205,2.872,8.741,307.8,25.0,65.0,18.4,49.0,0.795,8.46,32.0,3.4965075614664802,6.0,0.0,0.0,8.0,32.7,0,0,0
41990,29.967159152396107,79.29533649050997,2022-07-16,51.2,51.2,51.2,-11.8,19.0,85.0,825.2,2.5,883.4,3.4,0.06,0.56,2.01,1950.0,100.0,0.0,0.69,3.1,0.0,0.0,1673.0,15.3702,194.51,0.373,8.275,10.0,1.2,20.907,7.317,6.995,538.0,25.0,65.0,18.4,49.0,0.795,33.068,8.0,2.1972245773362196,2.0,0.0,0.0,8.0,26.9,0,0,0
42009,29.94262311187672,79.32329002808915,2022-07-16,51.2,51.2,51.2,-11.8,19.0,85.0,825.2,2.5,1002.8,3.3,0.07,0.58,2.11,2180.0,100.0,0.0,0.648,6.2,0.0,0.0,1107.0,23.8643,132.04,-1.187,13.731,10.0,1.2,20.939,7.329,6.519,847.6,25.0,65.0,18.4,49.0,0.795,36.313,180.0,5.198497031265826,42.0,0.0,0.0,8.0,71.3,0,0,0
42011,29.93385923342379,79.31947089488523,2022-07-16,51.2,51.2,51.2,-11.8,19.0,85.0,825.2,2.5,1002.8,3.3,0.07,0.58,2.11,2180.0,100.0,0.0,0.705,2.0,0.0,0.0,1296.0,26.1607,137.23,-1.304,15.35,9.0,1.2,21.898,7.664,6.309,927.8,25.0,65.0,18.4,49.0,0.795,37.168,86.0,4.465908118654584,24.0,0.0,0.0,8.0,39.8,0,0,0
41152,30.380300514503634,79.21505340079645,2022-07-16,42.0,42.0,42.0,2.8,20.0,70.0,850.0,2.5,870.5,2.5,0.06,0.55,1.99,980.0,100.0,0.0,0.635,1.4,0.0,0.0,1364.0,15.9417,24.65,0.604,8.647,24.0,3.158,10.122,3.543,7.832,562.6,25.0,65.0,18.4,49.0,0.795,10.392,646.0,6.472346294500901,149.0,0.0,2.7,8.0,43.7,0,0,0
41547,30.104988477881665,79.38060498834032,2022-07-16,51.2,51.2,51.2,-11.8,19.0,85.0,825.2,2.5,883.4,3.4,0.06,0.56,2.01,1950.0,100.0,0.0,0.665,2.5,0.0,0.0,1871.0,17.2127,288.33,-0.514,9.355,73.0,1.522,4.112,1.439,8.864,604.0,25.0,65.0,18.4,49.0,0.795,22.589,83.0,4.430816798843313,15.0,0.0,0.0,8.0,28.4,0,0,0
41291,30.254579311640978,79.10354989928126,2022-07-16,45.0,45.0,45.0,7.0,26.2,80.0,914.5,2.2,755.2,3.2,0.07,0.57,2.06,5580.0,100.0,0.0,0.684,4.5,0.0,0.0,2237.0,38.985,293.33,-1.418,25.472,71.0,2.625,4.203,1.471,7.875,1329.6,25.0,35.0,12.2,61.0,0.813,0.476,168.0,5.1298987149230735,33.0,0.0,0.0,8.0,35.6,0,0,0
41530,30.146284854763124,79.32568484143829,2022-07-16,51.2,51.2,51.2,-11.8,19.0,85.0,825.2,2.5,883.4,3.4,0.06,0.56,2.01,1950.0,100.0,0.0,0.702,2.0,0.0,0.0,1688.0,36.1613,278.64,-0.537,22.083,85.0,1.875,3.609,1.263,8.157,1205.5,25.0,65.0,18.4,49.0,0.795,15.614,199.0,5.298317366548036,46.0,0.0,0.0,8.0,18.7,0,0,0
41636,30.0804540265722,79.42768645154493,2022-07-16,56.4,56.4,56.4,-11.6,20.0,70.0,850.0,2.5,883.4,3.4,0.06,0.56,2.01,1950.0,100.0,0.0,0.753,3.9,0.0,0.0,1400.0,13.7391,299.23,-0.585,7.397,114.0,1.274,2.83,0.99,9.546,486.1,25.0,65.0,18.4,49.0,0.795,27.792,288.0,5.666426688112432,68.0,0.0,0.0,8.0,36.5,0,0,0
41700,30.04331143480682,79.54529566012766,2022-07-16,56.4,56.4,56.4,-11.6,20.0,70.0,850.0,2.5,1002.8,3.3,0.07,0.58,2.11,2180.0,100.0,0.0,0.592,1.9,0.0,0.0,1261.0,19.8858,135.51,-0.994,11.116,131.0,1.2,2.525,0.884,9.293,707.3,25.0,65.0,18.4,49.0,0.795,38.908,556.0,6.322565239927284,127.0,0.0,1.6,8.0,25.7,0,0,0
41685,30.113234291825787,79.52724306690924,2022-07-16,56.4,56.4,56.4,-11.6,20.0,70.0,850.0,2.5,1002.8,3.3,0.07,0.58,2.11,2180.0,100.0,0.0,0.707,3.7,0.0,0.0,1929.0,29.4364,32.22,1.328,17.66,57.0,1.215,5.055,1.769,8.016,1035.1,25.0,65.0,18.4,49.0,0.795,32.635,511.0,6.238324625039508,100.0,4.0,6.9,8.0,33.4,0,0,0
41105,30.260409826647848,79.4005861709944,2022-07-16,48.0,48.0,48.0,5.5,25.1,82.0,908.5,2.0,870.5,2.5,0.06,0.55,1.99,980.0,100.0,0.0,0.711,3.7,0.0,0.0,1598.0,28.8568,133.18,-1.44,17.367,209.0,2.38,1.715,0.6,9.339,1020.8,25.0,65.0,18.4,49.0,0.795,11.899,677.0,6.519147287940395,117.0,0.0,0.0,8.0,19.1,0,0,0
42050,29.949913119197618,79.42364860350128,2022-07-16,56.4,56.4,56.4,-11.6,20.0,70.0,850.0,2.5,1002.8,3.3,0.07,0.58,2.11,2180.0,100.0,0.0,0.659,3.7,0.0,0.0,1452.0,34.4623,139.87,-1.698,22.024,14.0,1.2,15.465,5.413,6.417,1208.6,25.0,65.0,18.4,49.0,0.795,39.115,347.0,5.8522024797744745,59.0,0.0,0.0,8.0,52.1,0,0,0
42004,29.93090292909772,79.3004568351644,2022-07-16,51.2,51.2,51.2,-11.8,19.0,85.0,825.2,2.5,1002.8,3.3,0.07,0.58,2.11,2180.0,100.0,0.0,0.76,1.2,0.0,0.0,1603.0,32.2961,139.25,-1.597,20.135,9.0,1.2,23.437,8.203,6.057,1136.9,25.0,65.0,18.4,49.0,0.795,37.109,82.0,4.418840607796598,20.0,0.0,5.0,8.0,28.9,0,0,0
40971,30.40130988370373,79.4051176233213,2022-07-16,64.2,64.2,64.2,8.8,22.0,86.0,838.0,2.6,1007.8,2.8,0.06,0.5,1.79,740.0,100.0,3.75,0.643,4.4,0.0,0.0,1516.0,31.4503,75.0,0.786,18.629,4500.0,2.911,0.0,0.0,12.305,1076.3,25.0,110.0,22.5,36.0,0.782,0.111,295.0,5.69035945432406,66.0,0.0,0.0,8.0,24.0,0,0,0
41451,30.211072009175847,79.25520259026732,2022-07-16,48.0,48.0,48.0,5.5,25.1,82.0,908.5,2.0,779.8,4.8,0.08,0.7,2.53,5420.0,100.0,0.0,0.593,3.2,0.0,0.0,1070.0,32.2094,120.27,-1.402,19.806,170.0,2.361,2.034,0.712,8.999,1125.8,25.0,65.0,18.4,49.0,0.795,5.942,83.0,4.430816798843313,19.0,0.0,0.0,8.0,36.1,0,0,0
41312,30.22453876161636,79.11230450968745,2022-07-16,45.0,45.0,45.0,7.0,26.2,80.0,914.5,2.2,755.2,3.2,0.07,0.57,2.06,5580.0,100.0,0.0,0.616,3.0,0.0,0.0,2219.0,27.8977,228.77,1.383,16.625,40.0,2.465,6.705,2.347,7.726,987.6,25.0,35.0,12.2,61.0,0.813,2.917,158.0,5.0689042022202315,36.0,0.0,2.8,8.0,22.0,0,0,0
41132,30.441073927721632,79.20708177780391,2022-07-16,42.0,42.0,42.0,2.8,20.0,70.0,850.0,2.5,870.5,2.5,0.06,0.55,1.99,980.0,100.0,0.0,0.721,3.1,0.0,0.0,1791.0,26.0213,2.92,0.132,14.652,17.0,3.275,13.312,4.659,6.951,882.0,25.0,65.0,18.4,49.0,0.795,15.669,745.0,6.61472560020376,153.0,0.0,0.7,8.0,39.1,0,0,0
41390,30.30324028403533,79.33425710845964,2022-07-16,64.2,64.2,64.2,8.8,22.0,86.0,838.0,2.6,870.5,2.5,0.06,0.55,1.99,980.0,100.0,0.0,0.636,1.6,0.0,0.0,1013.0,34.7071,54.27,1.645,22.14,109.0,2.728,2.941,1.029,8.46,1213.7,25.0,65.0,18.4,49.0,0.795,3.931,193.0,5.267858159063328,49.0,0.0,0.0,8.0,34.3,0,0,0
42041,29.950490438828894,79.4056963183277,2023-07-12,68.0,68.0,68.0,0.0,20.0,70.0,850.0,2.5,1002.8,3.3,0.07,0.58,2.11,2180.0,100.0,0.0,0.5,3.7,0.0,0.0,1130.0,11.7527,134.37,-0.587,6.295,14.0,1.2,16.072,5.625,7.61,416.9,25.0,65.0,18.4,49.0,0.795,38.262,237.0,5.472270673671475,50.0,0.0,0.0,8.0,48.8,0,0,0
41719,30.06538142190092,79.50255686750972,2023-07-12,68.0,68.0,68.0,0.0,20.0,70.0,850.0,2.5,1002.8,3.3,0.07,0.58,2.11,2180.0,100.0,0.0,0.5,1.5,0.0,0.0,1424.0,23.7145,185.03,0.207,13.192,1756.0,1.2,0.629,0.22,11.695,811.0,25.0,65.0,18.4,49.0,0.795,34.201,38.0,3.6635616461296463,9.0,0.0,25.0,8.0,49.2,0,0,0
41407,30.26868395288052,79.28108080879178,2023-07-12,42.5,42.5,42.5,0.0,25.8,80.0,909.8,1.8,779.8,4.8,0.08,0.7,2.53,5420.0,100.0,0.0,0.5,4.0,0.0,0.0,1543.0,35.9599,83.91,0.379,21.842,90.0,2.646,3.462,1.212,8.222,1192.2,25.0,65.0,18.4,49.0,0.795,2.898,3.0,1.3862943611198906,1.0,0.0,0.0,8.0,47.6,0,0,0
41131,30.4776264295484,79.21349871523344,2023-07-12,35.0,35.0,35.0,-20.4,22.5,84.0,839.2,2.0,870.5,2.5,0.06,0.55,1.99,980.0,100.0,0.0,0.5,3.2,0.0,0.0,2920.0,13.7102,4.29,0.102,7.321,15.0,3.287,15.229,5.33,7.52,476.0,25.0,35.0,12.2,61.0,0.813,16.305,4.0,1.6094379124341003,1.0,0.0,0.0,8.0,17.4,0,0,0
41414,30.25059226405813,79.29038424205578,2023-07-12,42.5,42.5,42.5,0.0,25.8,80.0,909.8,1.8,779.8,4.8,0.08,0.7,2.53,5420.0,100.0,0.0,0.5,2.4,0.0,0.0,2008.0,23.5851,106.61,-0.646,13.233,87.0,2.538,3.549,1.242,8.696,820.9,25.0,65.0,18.4,49.0,0.795,4.955,251.0,5.529429087511423,53.0,0.0,0.0,8.0,32.3,0,0,0
41740,30.090646762947884,79.53608429445137,2023-07-12,68.0,68.0,68.0,0.0,20.0,70.0,850.0,2.5,1002.8,3.3,0.07,0.58,2.11,2180.0,100.0,0.0,0.5,1.1,0.0,0.0,2026.0,27.9176,45.22,1.396,16.652,125.0,1.2,2.631,0.921,8.865,988.7,25.0,65.0,18.4,49.0,0.795,34.58,23.0,3.1780538303479458,6.0,0.0,0.0,8.0,23.6,0,0,0
41358,30.219963038981792,79.24717688462295,2023-07-12,42.5,42.5,42.5,0.0,25.8,80.0,909.8,1.8,779.8,4.8,0.08,0.7,2.53,5420.0,100.0,0.0,0.5,3.2,0.0,0.0,1094.0,43.3275,168.83,-0.823,28.773,559.0,2.42,1.427,0.499,9.786,1417.5,25.0,65.0,18.4,49.0,0.795,4.736,325.0,5.786897381366708,73.0,0.0,0.0,8.0,41.7,0,0,0
40995,30.38473160169808,79.31782403753999,2023-07-12,35.0,35.0,35.0,-20.4,22.5,84.0,839.2,2.0,870.5,2.5,0.06,0.55,1.99,980.0,100.0,0.0,0.5,2.0,0.0,0.0,984.0,22.9396,228.57,1.138,13.102,1177.0,3.05,1.015,0.355,11.332,815.0,25.0,65.0,18.4,49.0,0.795,3.765,182.0,5.209486152841421,38.0,0.0,0.0,8.0,34.1,0,0,0
41268,30.27896554618678,79.2248265987613,2023-07-12,42.5,42.5,42.5,0.0,25.8,80.0,909.8,1.8,779.8,4.8,0.08,0.7,2.53,5420.0,100.0,0.0,0.5,2.2,0.0,0.0,1069.0,39.6594,17.28,1.125,25.645,233.0,2.756,1.568,0.549,9.04,1333.9,25.0,65.0,18.4,49.0,0.795,1.836,112.0,4.727387818712341,27.0,0.0,0.0,8.0,36.6,0,0,0
42017,29.99523102764349,79.4149984321925,2023-07-12,68.0,68.0,68.0,0.0,20.0,70.0,850.0,2.5,1002.8,3.3,0.07,0.58,2.11,2180.0,100.0,0.0,0.5,1.6,0.0,0.0,1554.0,18.8751,94.08,-0.134,10.261,22.0,1.2,11.125,3.894,7.566,650.5,25.0,65.0,18.4,49.0,0.795,34.341,892.0,6.794586580876499,188.0,0.0,4.3,8.0,20.6,0,0,0
40953,30.413125059332053,79.35778460940922,2023-07-12,35.0,35.0,35.0,-20.4,22.5,84.0,839.2,2.0,1007.8,2.8,0.06,0.5,1.79,740.0,100.0,0.0,0.5,3.3,0.0,0.0,1078.0,31.7615,32.71,1.444,19.517,134.0,3.037,2.482,0.869,8.779,1113.6,25.0,65.0,18.4,49.0,0.795,3.801,209.0,5.3471075307174685,43.0,0.0,0.0,8.0,50.1,0,0,0
41958,30.00860226391128,79.28802773247507,2023-07-12,45.0,45.0,45.0,-18.0,20.2,82.0,826.8,2.2,883.4,3.4,0.06,0.56,2.01,1950.0,100.0,0.0,0.5,2.2,0.0,0.0,1757.0,19.364,162.03,-0.568,10.628,12.0,1.2,18.414,6.445,6.932,678.2,25.0,65.0,18.4,49.0,0.795,28.424,58.0,4.07753744390572,12.0,0.0,0.0,8.0,22.9,0,0,0
41283,30.262098526953004,79.17509987455813,2023-07-12,42.5,42.5,42.5,0.0,25.8,80.0,909.8,1.8,779.8,4.8,0.08,0.7,2.53,5420.0,100.0,3.5,0.5,1.1,0.0,0.0,1202.0,28.7897,290.68,-0.951,16.854,4384.0,2.69,0.029,0.029,12.386,999.8,25.0,110.0,22.5,36.0,0.782,0.698,501.0,6.218600119691729,110.0,0.0,0.9,8.0,52.8,0,0,0
41289,30.264734823976248,79.11132115455119,2023-07-12,38.0,38.0,38.0,0.0,26.8,78.0,915.8,2.1,755.2,3.2,0.07,0.57,2.06,5580.0,100.0,0.0,0.5,1.1,0.0,0.0,1901.0,40.4385,296.49,-1.614,27.181,113.0,2.684,2.855,0.999,8.288,1381.0,25.0,65.0,18.4,49.0,0.795,1.531,40.0,3.713572066704308,11.0,0.0,0.0,8.0,21.5,0,0,0
41805,30.03548014814716,79.75259547938269,2023-07-12,74.5,74.5,74.5,1.5,20.0,70.0,850.0,2.5,1002.8,3.3,0.07,0.58,2.11,2180.0,100.0,0.0,0.5,2.2,0.0,0.0,1784.0,18.0333,77.78,0.373,9.801,18.0,1.2,12.677,4.437,7.414,628.4,25.0,65.0,18.4,49.0,0.795,36.106,1349.0,7.2078598714324755,281.0,1.0,5.2,8.0,19.9,0,0,0
41399,30.284446699545995,79.34310377087247,2023-07-12,42.5,42.5,42.5,0.0,25.8,80.0,909.8,1.8,870.5,2.5,0.06,0.55,1.99,980.0,100.0,0.0,0.5,0.6,0.0,0.0,1647.0,18.0333,72.77,0.51,9.83,80.0,2.623,3.805,1.332,8.905,631.8,25.0,65.0,18.4,49.0,0.795,6.011,89.0,4.499809670330265,18.0,0.0,27.8,8.0,43.7,0,0,0
41231,30.31526539337398,79.1988815924469,2023-07-12,30.0,30.0,30.0,-9.2,20.0,70.0,850.0,2.5,779.8,4.8,0.08,0.7,2.53,5420.0,100.0,0.0,0.5,2.7,0.0,0.0,1464.0,19.8858,305.09,-0.935,11.086,48.0,2.938,5.758,2.015,8.289,705.7,25.0,65.0,18.4,49.0,0.795,6.368,34.0,3.5553480614894135,6.0,0.0,0.0,8.0,49.3,0,0,0
41429,30.22741685182368,79.30469625265646,2023-07-12,42.5,42.5,42.5,0.0,25.8,80.0,909.8,1.8,779.8,4.8,0.08,0.7,2.53,5420.0,100.0,0.0,0.5,1.4,0.0,0.0,1784.0,32.5067,135.04,-1.625,20.34,136.0,2.389,2.453,0.859,8.764,1144.7,25.0,65.0,18.4,49.0,0.795,7.758,503.0,6.222576268071369,117.0,0.0,11.1,8.0,49.9,0,0,0
41885,30.12033369942645,79.23108011911297,2023-07-12,45.0,45.0,45.0,-18.0,20.2,82.0,826.8,2.2,779.8,4.8,0.08,0.7,2.53,5420.0,100.0,0.0,0.5,2.5,0.0,0.0,1878.0,23.1253,315.18,-1.156,13.233,21.0,1.843,11.324,3.963,7.297,821.8,25.0,65.0,18.4,49.0,0.795,15.435,368.0,5.910796644040527,77.0,0.0,7.7,8.0,34.0,0,0,0
42025,29.9755729356335,79.41480643756374,2023-07-12,68.0,68.0,68.0,0.0,20.0,70.0,850.0,2.5,1002.8,3.3,0.07,0.58,2.11,2180.0,100.0,0.0,0.5,0.8,0.0,0.0,1307.0,11.4925,108.9,-0.352,6.118,18.0,1.2,13.158,4.605,7.885,404.1,25.0,65.0,18.4,49.0,0.795,36.212,532.0,6.278521424165844,103.0,0.0,0.0,8.0,55.3,0,0,0
41963,29.98832432209524,79.26471013294447,2024-09-14,52.0,134.0,134.0,-11.0,18.8,84.0,827.0,2.2,883.4,3.4,0.06,0.56,2.01,1950.0,100.0,0.0,0.7,2.7,0.0,0.0,1639.0,33.0312,191.92,0.668,19.722,10.0,1.2,21.557,7.545,6.134,1119.3,25.0,65.0,18.4,49.0,0.795,30.302,83.0,4.430816798843313,16.0,0.0,0.0,8.0,50.7,0,0,0
41532,30.14898344575393,79.34259749723331,2024-09-14,52.0,134.0,134.0,-11.0,18.8,84.0,827.0,2.2,883.4,3.4,0.06,0.56,2.01,1950.0,100.0,0.0,0.705,0.2,0.0,0.0,1710.0,32.2818,283.65,-0.74,19.21,136.0,1.86,2.444,0.855,8.773,1099.8,25.0,65.0,18.4,49.0,0.795,16.508,267.0,5.5909869805108565,61.0,0.0,0.0,8.0,27.9,0,0,0
41307,30.236287181889715,79.11008899055197,2024-09-14,38.0,93.0,93.0,0.0,25.4,80.0,916.0,2.0,755.2,3.2,0.07,0.57,2.06,5580.0,100.0,0.0,0.643,1.1,0.0,0.0,1936.0,23.3823,229.83,1.153,13.395,49.0,2.53,5.678,1.987,8.131,830.3,25.0,65.0,18.4,49.0,0.795,1.6,111.0,4.718498871295094,28.0,0.0,0.0,8.0,16.0,0,0,0
41619,30.07878945851628,79.46839331565242,2024-09-14,68.0,222.5,222.5,0.0,20.0,70.0,850.0,2.5,1002.8,3.3,0.07,0.58,2.11,2180.0,100.0,0.0,0.74,4.2,0.0,0.0,1506.0,44.4706,289.54,-1.402,30.864,1830.0,1.2,0.58,0.203,10.932,1479.7,25.0,110.0,22.5,36.0,0.782,30.768,38.0,3.6635616461296463,7.0,0.0,0.0,8.0,47.0,0,0,0
41772,30.1524620324028,79.621488770033,2024-09-14,75.0,237.0,237.0,2.0,20.0,70.0,850.0,2.5,1002.8,3.3,0.07,0.58,2.11,2180.0,100.0,0.55,0.663,2.7,0.0,0.0,2391.0,14.7107,72.83,0.415,7.91,2916.0,1.238,0.396,0.139,12.716,516.3,25.0,35.0,12.2,61.0,0.813,30.143,28.0,3.367295829986474,7.0,0.0,40.0,8.0,32.2,0,0,0
41101,30.25713930678566,79.43297748434651,2024-09-14,72.0,134.0,134.0,16.6,21.0,86.0,839.8,2.0,883.4,3.4,0.06,0.56,2.01,1950.0,100.0,1.99,0.692,3.3,0.0,0.0,2017.0,37.3341,120.22,-1.624,24.344,3524.0,2.286,0.244,0.085,11.839,1291.7,25.0,65.0,18.4,49.0,0.795,14.358,202.0,5.313205979041787,50.0,0.0,0.0,8.0,41.8,0,0,0
41167,30.36732383495824,79.17428382052654,2024-09-14,35.0,85.0,85.0,-4.2,20.0,70.0,850.0,2.5,755.2,3.2,0.07,0.57,2.06,5580.0,100.0,0.0,0.677,1.6,0.0,0.0,2057.0,33.4426,308.93,-1.635,21.096,24.0,3.135,10.088,3.531,6.994,1174.3,25.0,65.0,18.4,49.0,0.795,12.327,148.0,5.003946305945459,39.0,0.0,2.5,8.0,36.1,0,0,0
41293,30.25785536117672,79.11789315641295,2024-09-14,38.0,93.0,93.0,0.0,25.4,80.0,916.0,2.0,755.2,3.2,0.07,0.57,2.06,5580.0,100.0,0.0,0.668,3.0,0.0,0.0,1760.0,33.3995,296.8,-1.344,20.655,98.0,2.652,3.217,1.126,8.403,1160.1,25.0,65.0,18.4,49.0,0.795,0.716,148.0,5.003946305945459,39.0,0.0,3.1,8.0,21.1,0,0,0
41145,30.38300846743501,79.17985371681925,2024-09-14,35.0,85.0,85.0,-4.2,20.0,70.0,850.0,2.5,755.2,3.2,0.07,0.57,2.06,5580.0,100.0,0.0,0.676,4.0,0.0,0.0,2081.0,18.1184,1.92,0.061,9.817,20.0,3.179,11.872,4.155,7.514,623.5,25.0,65.0,18.4,49.0,0.795,13.065,10.0,2.3978952727983707,2.0,0.0,0.0,8.0,47.7,0,0,0
41451,30.211072009175847,79.25520259026732,2024-09-14,45.0,103.0,103.0,2.5,24.0,82.0,910.0,1.8,779.8,4.8,0.08,0.7,2.53,5420.0,100.0,0.0,0.552,3.6,0.0,0.0,1070.0,32.2094,120.27,-1.402,19.806,170.0,2.361,2.034,0.712,8.999,1125.8,25.0,65.0,18.4,49.0,0.795,5.942,83.0,4.430816798843313,19.0,0.0,0.0,8.0,36.1,0,0,0
41251,30.285389465139342,79.20357912211968,2024-09-14,45.0,103.0,103.0,2.5,24.0,82.0,910.0,1.8,779.8,4.8,0.08,0.7,2.53,5420.0,100.0,0.0,0.62,1.4,0.0,0.0,1347.0,34.3636,313.11,-1.714,21.968,85.0,2.8,3.603,1.261,8.224,1206.3,25.0,65.0,18.4,49.0,0.795,3.029,953.0,6.860663671448287,255.0,0.0,0.0,8.0,30.5,0,0,0
40863,30.516988180054128,79.60632927549646,2024-09-14,25.0,65.0,65.0,-5.6,14.2,87.0,732.0,2.8,1801.4,6.4,2.77,12.02,0.0,1850.0,100.0,0.0,0.672,1.8,0.0,0.0,1920.0,41.4167,143.47,-1.981,28.944,1578.0,2.481,0.748,0.262,10.891,1427.9,25.0,65.0,18.4,49.0,0.795,4.122,451.0,6.113682179832232,100.0,0.0,0.0,8.0,24.9,0,0,0
41394,30.29287743915744,79.32565060796362,2024-09-14,45.0,103.0,103.0,2.5,24.0,82.0,910.0,1.8,870.5,2.5,0.06,0.55,1.99,980.0,100.0,0.0,0.686,2.9,0.0,0.0,1266.0,22.0525,61.71,0.92,12.407,68.0,2.696,4.329,1.515,8.524,778.5,25.0,65.0,18.4,49.0,0.795,4.135,202.0,5.313205979041787,55.0,0.0,0.0,8.0,45.3,0,0,0
40978,30.371147822990427,79.48706882158942,2024-09-14,72.0,134.0,134.0,16.6,21.0,86.0,839.8,2.0,1007.8,2.8,0.06,0.5,1.79,740.0,100.0,0.0,0.72,2.9,0.0,0.0,1503.0,12.0533,93.41,-0.072,6.407,807.0,2.634,1.262,0.442,11.639,418.8,25.0,65.0,18.4,49.0,0.795,7.708,965.0,6.873163834212518,182.0,0.0,8.1,8.0,12.3,0,0,0
40951,30.43023434795131,79.34017937926629,2024-09-14,72.0,134.0,134.0,16.6,21.0,86.0,839.8,2.0,1007.8,2.8,0.06,0.5,1.79,740.0,100.0,0.0,0.661,4.4,0.0,0.0,1667.0,22.4492,344.61,-0.574,12.497,61.0,3.098,4.766,1.668,8.396,781.3,25.0,65.0,18.4,49.0,0.795,6.362,1319.0,7.1853870155804165,256.0,0.0,0.0,8.0,50.0,0,0,0
40923,30.425858615643023,79.30350508109791,2024-09-14,72.0,134.0,134.0,16.6,21.0,86.0,839.8,2.0,1007.8,2.8,0.06,0.5,1.79,740.0,100.0,0.0,0.634,2.6,0.0,0.0,1362.0,34.1381,322.3,-1.652,21.684,53.0,3.156,5.328,1.865,7.76,1196.5,25.0,65.0,18.4,49.0,0.795,8.216,241.0,5.488937726156687,51.0,3.9,2.0,8.0,57.4,0,0,0
40818,30.560641832878314,79.45231318939794,2024-09-14,26.0,68.0,68.0,-6.0,18.5,86.0,810.0,2.2,1376.2,1.7,0.06,0.52,1.89,2650.0,100.0,0.0,0.555,2.8,0.0,0.0,2658.0,31.616,248.64,1.072,18.991,32.0,2.762,8.04,2.814,7.352,1093.4,25.0,35.0,12.2,61.0,0.813,1.727,133.0,4.897839799950911,26.0,3.8,0.0,8.0,34.4,0,0,0
40997,30.382660481351504,79.29101488566685,2024-09-14,72.0,134.0,134.0,16.6,21.0,86.0,839.8,2.0,870.5,2.5,0.06,0.55,1.99,980.0,100.0,0.0,0.705,1.3,0.0,0.0,1704.0,18.0333,258.02,0.366,9.8,94.0,3.087,3.339,1.169,9.067,628.2,25.0,65.0,18.4,49.0,0.795,5.263,436.0,6.07993319509559,104.0,0.0,0.0,8.0,50.8,0,0,0
41952,30.026760856789863,79.28571987265686,2024-09-14,52.0,134.0,134.0,-11.0,18.8,84.0,827.0,2.2,883.4,3.4,0.06,0.56,2.01,1950.0,100.0,0.0,0.764,1.3,0.0,0.0,1546.0,31.5467,153.17,-1.271,19.147,13.0,1.278,16.855,5.899,6.454,1099.6,25.0,65.0,18.4,49.0,0.795,26.407,248.0,5.517452896464707,51.0,0.0,0.0,8.0,28.1,0,0,0
41907,30.05955316734939,79.23608579786921,2024-09-14,52.0,134.0,134.0,-11.0,18.8,84.0,827.0,2.2,883.4,3.4,0.06,0.56,2.01,1950.0,100.0,0.0,0.661,2.7,0.0,0.0,2007.0,16.4159,294.27,-0.615,8.922,13.0,1.497,16.492,5.772,7.188,579.1,25.0,65.0,18.4,49.0,0.795,22.191,111.0,4.718498871295094,21.0,0.0,0.0,8.0,16.3,0,0,0
41171,30.35419860889234,79.17891820291044,1970-07-20,0.0,0.0,0.0,-39.2,20.0,70.0,850.0,2.5,755.2,3.2,0.07,0.57,2.06,5580.0,100.0,0.0,0.608,2.4,0.0,0.0,1595.0,30.3421,312.44,-1.511,18.535,28.0,3.092,9.046,3.166,7.269,1071.4,25.0,65.0,18.4,49.0,0.795,10.838,37.0,3.6375861597263857,8.0,0.0,44.4,8.0,35.6,0,0,0
42026,29.969015201949304,79.42549460605917,1970-07-20,0.0,0.0,0.0,-68.0,20.0,70.0,850.0,2.5,1002.8,3.3,0.07,0.58,2.11,2180.0,100.0,0.0,0.627,3.1,0.0,0.0,1416.0,44.8861,110.1,-1.449,31.41,17.0,1.2,13.444,4.705,6.238,1493.2,25.0,65.0,18.4,49.0,0.795,37.356,35.0,3.58351893845611,9.0,0.0,0.0,8.0,36.2,0,0,0
40991,30.39643895575624,79.36274048488265,1970-07-20,0.0,0.0,0.0,-55.4,20.0,70.0,850.0,2.5,1007.8,2.8,0.06,0.5,1.79,740.0,100.0,0.0,0.621,2.1,0.0,0.0,1363.0,27.7384,102.21,-0.573,15.905,1848.0,2.994,0.568,0.199,11.566,952.2,25.0,110.0,22.5,36.0,0.782,2.047,50.0,3.9318256327243257,11.0,0.0,0.0,8.0,34.4,0,0,0
41352,30.231448979695774,79.23454834038178,1970-07-20,0.0,0.0,0.0,-42.5,20.0,70.0,850.0,2.5,779.8,4.8,0.08,0.7,2.53,5420.0,100.0,0.64,0.527,1.7,0.0,0.0,1452.0,7.9715,170.0,-0.136,4.203,1908.0,2.496,0.528,0.185,12.921,278.9,25.0,110.0,22.5,36.0,0.782,3.195,66.0,4.204692619390966,21.0,0.0,0.0,8.0,34.1,0,0,0
40951,30.43023434795131,79.34017937926629,1970-07-20,0.0,0.0,0.0,-55.4,20.0,70.0,850.0,2.5,1007.8,2.8,0.06,0.5,1.79,740.0,100.0,0.0,0.596,1.4,0.0,0.0,1667.0,22.4492,344.61,-0.574,12.497,61.0,3.098,4.766,1.668,8.396,781.3,25.0,65.0,18.4,49.0,0.795,6.362,1319.0,7.1853870155804165,256.0,0.0,0.0,8.0,50.0,0,0,0
41524,30.16647863453932,79.32056729356806,1970-07-20,0.0,0.0,0.0,-63.0,20.0,70.0,850.0,2.5,883.4,3.4,0.06,0.56,2.01,1950.0,100.0,0.0,0.559,0.6,0.0,0.0,1798.0,23.8887,277.27,-0.3,13.317,172.0,2.005,2.014,0.705,9.363,819.6,25.0,65.0,18.4,49.0,0.795,13.606,309.0,5.736572297479192,74.0,0.0,0.0,8.0,45.6,0,0,0
41807,30.076646472659363,79.77237841919872,1970-07-20,0.0,0.0,0.0,-73.0,20.0,70.0,850.0,2.5,1002.8,3.3,0.07,0.58,2.11,2180.0,100.0,0.0,0.639,2.7,0.0,0.0,1911.0,33.9728,70.6,1.064,20.779,26.0,1.2,9.514,3.33,7.054,1165.2,25.0,65.0,18.4,49.0,0.795,31.211,368.0,5.910796644040527,78.0,0.0,0.0,8.0,29.9,0,0,0
41148,30.385058805669008,79.21410215846424,1970-07-20,0.0,0.0,0.0,-39.2,20.0,70.0,850.0,2.5,870.5,2.5,0.06,0.55,1.99,980.0,100.0,0.0,0.5,3.5,0.0,0.0,1316.0,22.4956,20.3,0.732,12.589,23.0,3.172,10.58,3.703,7.418,787.6,25.0,65.0,18.4,49.0,0.795,10.829,272.0,5.60947179518496,66.0,0.0,3.0,8.0,47.1,0,0,0
42021,29.98758160405606,79.43953485736543,1970-07-20,0.0,0.0,0.0,-68.0,20.0,70.0,850.0,2.5,1002.8,3.3,0.07,0.58,2.11,2180.0,100.0,0.0,0.632,4.1,0.0,0.0,1455.0,28.8988,97.37,-0.368,16.616,22.0,1.2,11.006,3.852,7.086,980.8,25.0,65.0,18.4,49.0,0.795,36.328,1119.0,7.02108396428914,212.0,0.0,0.0,8.0,19.7,0,0,0
41458,30.20076988001305,79.23590311841768,1970-07-20,0.0,0.0,0.0,-42.5,20.0,70.0,850.0,2.5,779.8,4.8,0.08,0.7,2.53,5420.0,100.0,0.0,0.55,2.2,0.0,0.0,1243.0,26.4287,147.97,-1.188,15.428,81.0,2.319,3.774,1.321,8.495,932.5,25.0,65.0,18.4,49.0,0.795,6.591,292.0,5.680172609017068,67.0,0.0,2.9,8.0,33.9,0,0,0
40998,30.37868755280881,79.30406672671626,1970-07-20,0.0,0.0,0.0,-55.4,20.0,70.0,850.0,2.5,870.5,2.5,0.06,0.55,1.99,980.0,100.0,0.0,0.573,0.6,0.0,0.0,1169.0,25.0249,243.59,0.997,14.349,173.0,3.057,2.007,0.702,9.316,879.8,25.0,65.0,18.4,49.0,0.795,4.042,107.0,4.68213122712422,19.0,0.0,5.3,8.0,83.1,0,0,0
41231,30.31526539337398,79.1988815924469,1970-07-20,0.0,0.0,0.0,-39.2,20.0,70.0,850.0,2.5,779.8,4.8,0.08,0.7,2.53,5420.0,100.0,0.0,0.507,1.9,0.0,0.0,1464.0,19.8858,305.09,-0.935,11.086,48.0,2.938,5.758,2.015,8.289,705.7,25.0,65.0,18.4,49.0,0.795,6.368,34.0,3.5553480614894135,6.0,0.0,0.0,8.0,49.3,0,0,0
41906,30.0435195172212,79.21345083886416,1970-07-20,0.0,0.0,0.0,-63.0,20.0,70.0,850.0,2.5,883.4,3.4,0.06,0.56,2.01,1950.0,100.0,0.0,0.666,3.5,0.0,0.0,2287.0,34.8397,275.44,-0.329,20.938,11.0,1.431,19.103,6.686,6.161,1157.6,25.0,35.0,12.2,61.0,0.813,23.769,153.0,5.0369526024136295,30.0,0.0,0.0,8.0,9.3,0,0,0
42050,29.949913119197618,79.42364860350128,1970-07-20,0.0,0.0,0.0,-68.0,20.0,70.0,850.0,2.5,1002.8,3.3,0.07,0.58,2.11,2180.0,100.0,0.0,0.615,3.0,0.0,0.0,1452.0,34.4623,139.87,-1.698,22.024,14.0,1.2,15.465,5.413,6.417,1208.6,25.0,65.0,18.4,49.0,0.795,39.115,347.0,5.8522024797744745,59.0,0.0,0.0,8.0,52.1,0,0,0
41923,30.04851062620956,79.28545658582996,1970-07-20,0.0,0.0,0.0,-63.0,20.0,70.0,850.0,2.5,883.4,3.4,0.06,0.56,2.01,1950.0,100.0,0.0,0.668,3.7,0.0,0.0,1503.0,5.1072,133.27,-0.255,2.686,15.0,1.385,14.852,5.198,8.524,179.9,25.0,65.0,18.4,49.0,0.795,24.046,1.0,0.6931471805599453,1.0,,,8.0,50.0,0,0,0
42042,29.94807662515944,79.41402078999225,1970-07-20,0.0,0.0,0.0,-68.0,20.0,70.0,850.0,2.5,1002.8,3.3,0.07,0.58,2.11,2180.0,100.0,0.0,0.59,2.3,0.0,0.0,1133.0,29.6752,134.25,-1.483,18.01,14.0,1.2,16.025,5.609,6.603,1048.9,25.0,65.0,18.4,49.0,0.795,38.862,371.0,5.918893854273146,80.0,0.0,0.0,8.0,49.9,0,0,0
40825,30.54784320898849,79.54116573164018,1970-07-20,0.0,0.0,0.0,-32.0,20.0,70.0,850.0,2.5,1376.2,1.7,0.06,0.52,1.89,2650.0,100.0,0.56,0.61,0.2,0.0,0.0,2165.0,26.7973,243.47,1.071,15.581,1906.0,2.573,0.529,0.185,11.637,940.3,25.0,65.0,18.4,49.0,0.795,3.721,15.0,2.772588722239781,8.0,0.0,0.0,8.0,32.2,0,0,0
41200,30.33668466915044,79.2386931213183,1970-07-20,0.0,0.0,0.0,-39.2,20.0,70.0,850.0,2.5,870.5,2.5,0.06,0.55,1.99,980.0,100.0,0.0,0.568,1.5,0.0,0.0,1446.0,15.9417,18.7,0.484,8.619,58.0,2.999,4.954,1.734,8.715,560.0,25.0,65.0,18.4,49.0,0.795,5.351,250.0,5.5254529391317835,53.0,0.0,0.0,8.0,21.8,0,0,0
41559,30.15765256559406,79.38962767084473,1970-07-20,0.0,0.0,0.0,-68.0,20.0,70.0,850.0,2.5,883.4,3.4,0.06,0.56,2.01,1950.0,100.0,0.0,0.52,3.7,0.0,0.0,1409.0,38.4604,322.45,-1.858,25.804,1342.0,1.814,0.905,0.317,10.833,1336.4,25.0,65.0,18.4,49.0,0.795,19.123,159.0,5.075173815233827,33.0,5.7,14.3,8.0,43.5,0,0,0
41644,30.06946504196093,79.46425914340757,1970-07-20,0.0,0.0,0.0,-68.0,20.0,70.0,850.0,2.5,1002.8,3.3,0.07,0.58,2.11,2180.0,100.0,0.0,0.571,3.2,0.0,0.0,1949.0,25.7911,298.14,-1.073,14.908,212.0,1.2,1.691,0.592,9.485,907.5,25.0,65.0,18.4,49.0,0.795,31.205,91.0,4.5217885770490405,22.0,0.0,0.0,8.0,39.3,0,0,0
41225,30.326330222021216,79.18467769376902,1999-03-29,0.0,0.0,0.0,-39.2,20.0,70.0,850.0,2.5,755.2,3.2,0.07,0.57,2.06,5580.0,100.0,0.0,0.488,1.2,0.0,0.0,1370.0,36.6355,1.96,0.125,22.318,41.0,2.988,6.636,2.323,7.411,1199.4,25.0,65.0,18.4,49.0,0.795,7.711,88.0,4.48863636973214,26.0,0.0,0.0,8.0,45.1,0,0,0
41952,30.026760856789863,79.28571987265686,1999-03-29,0.0,0.0,0.0,-63.0,20.0,70.0,850.0,2.5,883.4,3.4,0.06,0.56,2.01,1950.0,100.0,0.0,0.596,4.4,0.0,0.0,1546.0,31.5467,153.17,-1.271,19.147,13.0,1.278,16.855,5.899,6.454,1099.6,25.0,65.0,18.4,49.0,0.795,26.407,248.0,5.517452896464707,51.0,0.0,0.0,8.0,28.1,0,0,0
41867,30.165886441714168,79.21214601612185,1999-03-29,0.0,0.0,0.0,-42.5,20.0,70.0,850.0,2.5,779.8,4.8,0.08,0.7,2.53,5420.0,100.0,0.0,0.539,0.6,0.0,0.0,1294.0,32.2557,301.65,-1.441,19.891,32.0,2.128,8.124,2.843,7.327,1128.9,25.0,65.0,18.4,49.0,0.795,10.243,95.0,4.564348191467836,20.0,0.0,0.0,8.0,54.1,0,0,0
41547,30.104988477881665,79.38060498834032,1999-03-29,0.0,0.0,0.0,-63.0,20.0,70.0,850.0,2.5,883.4,3.4,0.06,0.56,2.01,1950.0,100.0,0.0,0.552,2.4,0.0,0.0,1871.0,17.2127,288.33,-0.514,9.355,73.0,1.522,4.112,1.439,8.864,604.0,25.0,65.0,18.4,49.0,0.795,22.589,83.0,4.430816798843313,15.0,0.0,0.0,8.0,28.4,0,0,0
41054,30.291957121517463,79.39855176121874,1999-03-29,0.0,0.0,0.0,-55.4,20.0,70.0,850.0,2.5,870.5,2.5,0.06,0.55,1.99,980.0,100.0,0.0,0.583,1.4,0.0,0.0,1599.0,13.6912,146.61,-0.629,7.38,1765.0,2.542,0.623,0.218,12.289,485.3,25.0,65.0,18.4,49.0,0.795,9.229,173.0,5.159055299214529,30.0,0.0,0.0,8.0,28.4,0,0,0
40978,30.371147822990427,79.48706882158942,1999-03-29,0.0,0.0,0.0,-55.4,20.0,70.0,850.0,2.5,1007.8,2.8,0.06,0.5,1.79,740.0,100.0,0.0,0.562,2.5,0.0,0.0,1503.0,12.0533,93.41,-0.072,6.407,807.0,2.634,1.262,0.442,11.639,418.8,25.0,65.0,18.4,49.0,0.795,7.708,965.0,6.873163834212518,182.0,0.0,8.1,8.0,12.3,0,0,0
41152,30.380300514503634,79.21505340079645,1999-03-29,0.0,0.0,0.0,-39.2,20.0,70.0,850.0,2.5,870.5,2.5,0.06,0.55,1.99,980.0,100.0,0.0,0.494,2.3,0.0,0.0,1364.0,15.9417,24.65,0.604,8.647,24.0,3.158,10.122,3.543,7.832,562.6,25.0,65.0,18.4,49.0,0.795,10.392,646.0,6.472346294500901,149.0,0.0,2.7,8.0,43.7,0,0,0
41358,30.219963038981792,79.24717688462295,1999-03-29,0.0,0.0,0.0,-42.5,20.0,70.0,850.0,2.5,779.8,4.8,0.08,0.7,2.53,5420.0,100.0,0.0,0.476,2.7,0.0,0.0,1094.0,43.3275,168.83,-0.823,28.773,559.0,2.42,1.427,0.499,9.786,1417.5,25.0,65.0,18.4,49.0,0.795,4.736,325.0,5.786897381366708,73.0,0.0,0.0,8.0,41.7,0,0,0
41268,30.27896554618678,79.2248265987613,1999-03-29,0.0,0.0,0.0,-42.5,20.0,70.0,850.0,2.5,779.8,4.8,0.08,0.7,2.53,5420.0,100.0,0.0,0.451,3.5,0.0,0.0,1069.0,39.6594,17.28,1.125,25.645,233.0,2.756,1.568,0.549,9.04,1333.9,25.0,65.0,18.4,49.0,0.795,1.836,112.0,4.727387818712341,27.0,0.0,0.0,8.0,36.6,0,0,0
42038,29.94944166543105,79.39667389766075,1999-03-29,0.0,0.0,0.0,-63.0,20.0,70.0,850.0,2.5,1002.8,3.3,0.07,0.58,2.11,2180.0,100.0,0.0,0.582,1.4,0.0,0.0,1204.0,32.4183,133.76,-1.619,20.262,13.0,1.2,16.49,5.771,6.42,1141.6,25.0,65.0,18.4,49.0,0.795,37.99,511.0,6.238324625039508,90.0,0.0,0.0,8.0,41.1,0,0,0
40812,30.6715542191554,79.57593952425742,1999-03-29,0.0,0.0,0.0,-32.25,20.0,70.0,850.0,2.5,1832.2,4.2,0.08,0.69,2.5,1850.0,100.0,0.0,0.5,1.3,0.0,0.0,3554.0,51.4922,334.47,-2.003,41.314,59.0,2.032,4.922,1.723,7.25,1650.0,25.0,18.0,6.5,75.0,0.831,9.094,61.0,4.127134385045092,11.0,0.0,0.0,8.0,17.1,0,0,0
41082,30.2667657766576,79.52324674485376,1999-03-29,0.0,0.0,0.0,-68.0,20.0,70.0,850.0,2.5,883.4,3.4,0.06,0.56,2.01,1950.0,100.0,0.0,0.5,1.4,0.0,0.0,2671.0,49.4775,151.58,-2.071,38.678,1410.0,2.113,0.86,0.301,10.496,1646.2,25.0,35.0,12.2,61.0,0.813,19.019,90.0,4.51085950651685,14.0,0.0,0.0,8.0,27.8,0,0,0
41459,30.19592445122562,79.23214833378744,1999-03-29,0.0,0.0,0.0,-42.5,20.0,70.0,850.0,2.5,779.8,4.8,0.08,0.7,2.53,5420.0,100.0,0.0,0.455,3.1,0.0,0.0,1155.0,15.4952,153.26,-0.623,8.397,67.0,2.293,4.39,1.536,8.889,547.6,25.0,65.0,18.4,49.0,0.795,7.095,55.0,4.02535169073515,11.0,0.0,9.1,8.0,36.3,0,0,0
41165,30.37447450869361,79.16929270476516,1999-03-29,0.0,0.0,0.0,-39.2,20.0,70.0,850.0,2.5,755.2,3.2,0.07,0.57,2.06,5580.0,100.0,0.0,0.627,2.0,0.0,0.0,2191.0,29.9673,306.11,-1.427,18.157,23.0,3.156,10.537,3.688,7.087,1056.0,25.0,65.0,18.4,49.0,0.795,13.16,524.0,6.263398262591624,105.0,0.0,1.0,8.0,43.4,0,0,0
41958,30.00860226391128,79.28802773247507,1999-03-29,0.0,0.0,0.0,-63.0,20.0,70.0,850.0,2.5,883.4,3.4,0.06,0.56,2.01,1950.0,100.0,0.0,0.635,4.4,0.0,0.0,1757.0,19.364,162.03,-0.568,10.628,12.0,1.2,18.414,6.445,6.932,678.2,25.0,65.0,18.4,49.0,0.795,28.424,58.0,4.07753744390572,12.0,0.0,0.0,8.0,22.9,0,0,0
41960,29.989362188240552,79.29431273373717,1999-03-29,0.0,0.0,0.0,-63.0,20.0,70.0,850.0,2.5,883.4,3.4,0.06,0.56,2.01,1950.0,100.0,0.0,0.574,3.9,0.0,0.0,1412.0,22.0434,161.72,-0.657,12.278,11.0,1.2,19.213,6.725,6.703,770.3,25.0,65.0,18.4,49.0,0.795,30.635,265.0,5.583496308781699,53.0,0.0,0.0,8.0,30.7,0,0,0
41967,29.98526610102808,79.28043976573053,1999-03-29,0.0,0.0,0.0,-63.0,20.0,70.0,850.0,2.5,883.4,3.4,0.06,0.56,2.01,1950.0,100.0,0.0,0.513,3.9,0.0,0.0,1455.0,26.3159,181.61,0.074,14.839,10.0,1.2,20.49,7.171,6.408,889.3,25.0,65.0,18.4,49.0,0.795,30.841,67.0,4.219507705176107,14.0,0.0,0.0,8.0,36.1,0,0,0
41123,30.21054332735116,79.4852419137265,1999-03-29,0.0,0.0,0.0,-68.0,20.0,70.0,850.0,2.5,883.4,3.4,0.06,0.56,2.01,1950.0,100.0,0.0,0.577,3.5,0.0,0.0,2169.0,15.9417,138.67,-0.791,8.702,781.0,1.897,1.279,0.448,11.315,566.7,25.0,65.0,18.4,49.0,0.795,21.6,19.0,2.995732273553991,3.0,6.7,0.0,8.0,12.4,0,0,0
41075,30.31559326541184,79.5316530624335,1999-03-29,0.0,0.0,0.0,-55.4,20.0,70.0,850.0,2.5,1007.8,2.8,0.06,0.5,1.79,740.0,100.0,0.0,0.498,3.2,0.0,0.0,2663.0,45.838,132.71,-2.285,34.689,60.0,2.323,4.844,1.695,7.466,1565.9,25.0,35.0,12.2,61.0,0.813,15.148,17.0,2.8903717578961645,3.0,0.0,0.0,8.0,34.3,0,0,0
41278,30.275058783269987,79.15363927924709,1999-03-29,0.0,0.0,0.0,-38.0,20.0,70.0,850.0,2.5,755.2,3.2,0.07,0.57,2.06,5580.0,100.0,2.56,0.584,1.8,0.0,0.0,901.0,38.2973,295.79,-1.5,24.987,3780.0,2.755,0.18,0.08,11.875,1313.9,25.0,110.0,22.5,36.0,0.782,2.312,118.0,4.77912349311153,24.0,0.0,0.0,8.0,40.5,0,0,0
41172,30.353925250704823,79.17001693965435,2013-06-16,152.4,218.6,218.6,113.2,20.0,70.0,850.0,2.5,754.21,2.21,0.5,1.68,3.56,4980.7,86.7,0.0,0.527,1.1,0.0,0.0,1465.0,28.1272,308.98,-1.375,16.778,30.0,3.092,8.588,3.006,7.429,994.7,25.0,65.0,18.4,49.0,0.795,10.884,145.0,4.983606621708336,32.0,0.0,3.1,8.0,29.5,0,0,0
41238,30.317418575953266,79.15214724054215,2013-06-16,138.5,202.7,202.7,100.5,20.5,95.0,905.6,5.4,754.21,2.21,0.5,1.68,3.56,4980.7,86.7,0.0,0.574,2.0,0.0,0.0,1091.0,39.8092,283.24,-0.888,25.491,71.0,2.951,4.196,1.469,7.846,1325.9,25.0,65.0,18.4,49.0,0.795,7.003,21.0,3.091042453358316,5.0,0.0,0.0,8.0,25.4,0,0,0
40895,30.72299118011279,79.78451396977164,2013-06-16,240.0,317.0,317.0,207.75,20.0,70.0,850.0,2.5,1832.2,4.2,0.08,0.69,2.5,1850.0,100.0,0.0,0.5,1.4,0.0,0.0,4165.0,46.771,32.39,2.116,35.306,73.0,1.482,4.092,1.432,7.63,1580.6,25.0,18.0,6.5,75.0,0.831,0.121,197.0,5.288267030694535,41.0,0.0,0.0,8.0,3.9,0,0,0
41581,30.124947744522977,79.40399175332128,2013-06-16,210.6,297.2,297.2,142.6,20.0,70.0,850.0,2.5,883.4,3.4,0.06,0.56,2.01,1950.0,100.0,0.0,0.534,2.6,0.0,0.0,1119.0,16.9438,265.78,0.124,9.143,1315.0,1.586,0.923,0.323,11.771,585.8,25.0,65.0,18.4,49.0,0.795,22.672,23.0,3.1780538303479458,6.0,0.0,0.0,8.0,38.9,0,0,0
41672,30.09201601937599,79.47763823901562,2013-06-16,210.6,297.2,297.2,142.6,20.0,70.0,850.0,2.5,1002.8,3.3,0.07,0.58,2.11,2180.0,100.0,0.0,0.556,0.5,0.0,0.0,1338.0,35.7604,301.55,-1.595,22.938,1008.0,1.216,1.128,0.395,10.645,1243.4,25.0,65.0,18.4,49.0,0.795,30.386,366.0,5.905361848054571,84.0,0.0,24.7,8.0,37.7,0,0,0
41848,30.17054376506812,79.1948519548052,2013-06-16,145.0,211.5,211.5,102.5,19.8,94.0,900.2,4.8,779.1,4.1,0.51,1.83,4.13,5082.5,93.3,0.0,0.519,1.8,0.0,0.0,1408.0,24.4007,347.76,-0.506,13.696,32.0,2.163,8.063,2.822,7.657,843.0,25.0,65.0,18.4,49.0,0.795,9.582,117.0,4.770684624465665,28.0,0.0,10.7,8.0,46.2,0,0,0
41317,30.21127486593184,79.19244507493147,2013-06-16,145.0,211.5,211.5,102.5,19.8,94.0,900.2,4.8,779.1,4.1,0.51,1.83,4.13,5082.5,93.3,0.0,0.565,0.7,0.0,0.0,2042.0,24.9817,191.49,0.488,14.061,73.0,2.405,4.092,1.432,8.455,861.1,25.0,65.0,18.4,49.0,0.795,5.063,182.0,5.209486152841421,51.0,0.0,0.0,8.0,46.5,0,0,0
41753,30.06298647641107,79.56612177450485,2013-06-16,235.2,328.6,328.6,162.2,20.0,70.0,850.0,2.5,1002.8,3.3,0.07,0.58,2.11,2180.0,100.0,2.22,0.596,3.1,0.0,0.0,1882.0,35.2356,94.05,-0.248,21.223,3764.0,1.2,0.184,0.08,11.982,1165.3,25.0,65.0,18.4,49.0,0.795,39.382,171.0,5.147494476813453,33.0,0.0,0.0,8.0,15.0,0,0,0
41229,30.32092403773256,79.17795811107419,2013-06-16,152.4,218.6,218.6,113.2,20.0,70.0,850.0,2.5,754.21,2.21,0.5,1.68,3.56,4980.7,86.7,0.0,0.645,1.3,0.0,0.0,1304.0,23.7283,359.39,-0.025,13.187,48.0,2.967,5.788,2.026,8.094,805.6,25.0,65.0,18.4,49.0,0.795,7.171,62.0,4.143134726391533,18.0,0.0,0.0,8.0,39.6,0,0,0
41095,30.23925897008987,79.58617130225704,2013-06-16,235.2,328.6,328.6,162.2,20.0,70.0,850.0,2.5,1002.8,3.3,0.07,0.58,2.11,2180.0,100.0,0.0,0.501,1.9,0.0,0.0,2645.0,21.6527,92.11,-0.08,11.912,82.0,1.819,3.732,1.306,8.732,740.3,25.0,35.0,12.2,61.0,0.813,23.457,248.0,5.517452896464707,52.0,0.0,0.0,8.0,17.8,0,0,0
41143,30.411042939906544,79.1935840230769,2013-06-16,152.4,218.6,218.6,113.2,20.0,70.0,850.0,2.5,870.44,2.44,0.19,0.89,2.52,973.0,97.3,0.0,0.601,3.0,0.0,0.0,1938.0,56.6531,8.08,0.788,46.291,16.0,3.238,14.075,4.926,5.755,1650.0,25.0,65.0,18.4,49.0,0.795,14.282,546.0,6.304448802421981,113.0,0.0,2.6,8.0,43.3,0,0,0
41250,30.293336034585035,79.2129888373066,2013-06-16,145.0,211.5,211.5,102.5,19.8,94.0,900.2,4.8,779.1,4.1,0.51,1.83,4.13,5082.5,93.3,0.0,0.582,3.3,0.0,0.0,1341.0,43.3405,333.12,-1.748,30.396,94.0,2.833,3.332,1.166,8.002,1468.6,25.0,65.0,18.4,49.0,0.795,3.827,296.0,5.6937321388027,61.0,0.0,0.0,8.0,26.0,0,0,0
41920,30.03186746405946,79.28154260723407,2013-06-16,0.0,0.0,0.0,-63.0,20.0,70.0,850.0,2.5,883.4,3.4,0.06,0.56,2.01,1950.0,100.0,0.0,0.587,3.6,0.0,0.0,1561.0,22.279,200.14,0.72,12.449,13.0,1.308,16.608,5.813,6.858,780.1,25.0,65.0,18.4,49.0,0.795,25.773,141.0,4.955827057601261,24.0,0.0,0.0,8.0,31.6,0,0,0
41278,30.275058783269987,79.15363927924709,2013-06-16,138.5,202.7,202.7,100.5,20.5,95.0,905.6,5.4,754.21,2.21,0.5,1.68,3.56,4980.7,86.7,2.56,0.584,1.8,0.0,0.0,901.0,38.2973,295.79,-1.5,24.987,3780.0,2.755,0.18,0.08,11.875,1313.9,25.0,110.0,22.5,36.0,0.782,2.312,118.0,4.77912349311153,24.0,0.0,0.0,8.0,40.5,0,0,0
40951,30.43023434795131,79.34017937926629,2013-06-16,168.0,248.0,248.0,112.6,16.5,96.0,829.8,5.2,1007.8,2.8,0.06,0.5,1.79,740.0,100.0,0.0,0.596,1.4,0.0,0.0,1667.0,22.4492,344.61,-0.574,12.497,61.0,3.098,4.766,1.668,8.396,781.3,25.0,65.0,18.4,49.0,0.795,6.362,1319.0,7.1853870155804165,256.0,0.0,0.0,8.0,50.0,0,0,0
41978,30.00150148803339,79.31066822297952,2013-06-16,0.0,0.0,0.0,-63.0,20.0,70.0,850.0,2.5,883.4,3.4,0.06,0.56,2.01,1950.0,100.0,0.0,0.642,2.5,0.0,0.0,1439.0,26.0089,160.69,-0.812,14.877,13.0,1.2,17.127,5.994,6.684,905.5,25.0,65.0,18.4,49.0,0.795,29.691,116.0,4.762173934797756,23.0,0.0,0.0,8.0,35.2,0,0,0
41576,30.125330127987933,79.37379917176054,2013-06-16,0.0,0.0,0.0,-63.0,20.0,70.0,850.0,2.5,883.4,3.4,0.06,0.56,2.01,1950.0,100.0,0.0,0.547,3.4,0.0,0.0,1585.0,5.5414,324.67,-0.261,2.915,109.0,1.655,2.948,1.032,10.425,195.1,25.0,65.0,18.4,49.0,0.795,20.531,1122.0,7.023758954738443,226.0,0.0,2.2,8.0,41.6,0,0,0
40818,30.560641832878314,79.45231318939794,2013-06-16,182.4,253.4,253.4,150.4,14.2,98.0,799.5,6.8,1376.2,1.7,0.06,0.52,1.89,2650.0,100.0,0.0,0.5,1.8,0.0,0.0,2658.0,31.616,248.64,1.072,18.991,32.0,2.762,8.04,2.814,7.352,1093.4,25.0,35.0,12.2,61.0,0.813,1.727,133.0,4.897839799950911,26.0,3.8,0.0,8.0,34.4,0,0,0
41960,29.989362188240552,79.29431273373717,2013-06-16,0.0,0.0,0.0,-63.0,20.0,70.0,850.0,2.5,883.4,3.4,0.06,0.56,2.01,1950.0,100.0,0.0,0.574,3.9,0.0,0.0,1412.0,22.0434,161.72,-0.657,12.278,11.0,1.2,19.213,6.725,6.703,770.3,25.0,65.0,18.4,49.0,0.795,30.635,265.0,5.583496308781699,53.0,0.0,0.0,8.0,30.7,0,0,0
40852,30.57481113185468,79.70648894816532,2013-06-16,182.4,253.4,253.4,150.4,14.2,98.0,799.5,6.8,1797.4,2.4,0.07,0.64,2.3,1450.0,92.0,0.0,0.5,4.0,0.0,0.0,3866.0,23.2765,87.39,0.106,12.909,61.0,2.199,4.759,1.666,8.356,793.7,25.0,18.0,6.5,75.0,0.831,4.085,167.0,5.123963979403259,42.0,0.0,0.0,8.0,13.6,0,0,0
41986,29.989725710037018,79.30966149053609,2021-02-07,0.0,0.0,0.0,-63.0,20.0,70.0,850.0,2.5,883.4,3.4,0.06,0.56,2.01,1950.0,100.0,0.0,0.603,1.9,0.0,0.0,1336.0,28.5893,174.8,-0.258,16.376,12.0,1.2,18.132,6.346,6.493,966.9,25.0,65.0,18.4,49.0,0.795,30.929,634.0,6.453624998892692,135.0,0.0,0.0,8.0,43.6,0,0,0
41507,30.20073949546934,79.36464264222852,2021-02-07,0.0,0.5,0.5,-42.5,16.4,35.0,918.0,1.6,883.4,3.4,0.06,0.56,2.01,1950.0,100.0,0.0,0.601,1.9,0.0,0.0,2039.0,29.1385,346.01,-0.684,16.919,87.0,2.124,3.547,1.241,8.451,1000.5,25.0,65.0,18.4,49.0,0.795,14.025,193.0,5.267858159063328,47.0,0.0,2.0,8.0,42.1,0,0,0
41291,30.254579311640978,79.10354989928126,2021-02-07,0.0,0.0,0.0,-38.0,17.8,33.0,924.0,1.8,749.5,0.0,0.74,3.2,3.7,1220.0,50.7,0.0,0.543,3.9,0.0,0.0,2237.0,38.985,293.33,-1.418,25.472,71.0,2.625,4.203,1.471,7.875,1329.6,25.0,35.0,12.2,61.0,0.813,0.476,168.0,5.1298987149230735,33.0,0.0,0.0,8.0,35.6,0,0,0
41816,30.160671393090137,79.53269200496105,2021-02-07,0.0,1.2,1.2,-68.0,20.0,70.0,850.0,2.5,1002.8,3.3,0.07,0.58,2.11,2180.0,100.0,0.0,0.588,3.8,0.0,0.0,2131.0,15.8582,10.83,0.293,8.54,32.0,1.484,8.114,2.84,8.125,552.9,25.0,65.0,18.4,49.0,0.795,28.834,4.0,1.6094379124341003,2.0,0.0,0.0,8.0,18.8,0,0,0
41345,30.24381693897116,79.25867028440626,2021-02-07,0.0,0.5,0.5,-42.5,16.4,35.0,918.0,1.6,772.8,0.0,0.88,3.8,4.4,1250.0,52.9,0.0,0.557,6.4,0.0,0.0,1077.0,28.3396,122.71,-1.289,16.839,564.0,2.542,1.424,0.498,10.354,998.3,25.0,65.0,18.4,49.0,0.795,3.263,339.0,5.8289456176102075,89.0,0.0,0.0,8.0,41.5,0,0,0
40973,30.373096107571342,79.44472077600474,2021-02-07,0.0,2.0,2.0,-55.4,13.6,37.5,847.4,1.9,1007.8,2.8,0.06,0.5,1.79,740.0,100.0,0.0,0.566,3.9,0.0,0.0,1659.0,20.424,91.2,-0.043,11.172,1717.0,2.745,0.655,0.229,11.837,699.1,25.0,65.0,18.4,49.0,0.795,4.979,580.0,6.364750756851911,113.0,0.0,15.0,8.0,15.8,0,0,0
41489,30.179715024231136,79.31868240034237,2021-02-07,0.0,0.5,0.5,-42.5,16.4,35.0,918.0,1.6,883.4,3.4,0.06,0.56,2.01,1950.0,100.0,0.0,0.602,1.7,0.0,0.0,1566.0,27.02,143.13,-1.297,15.929,1366.0,2.087,0.889,0.311,11.294,955.7,25.0,65.0,18.4,49.0,0.795,12.445,53.0,3.9889840465642745,14.0,0.0,0.0,8.0,27.6,0,0,0
41881,30.122202233719367,79.21808182080605,2021-02-07,0.0,0.0,0.0,-63.0,20.0,70.0,850.0,2.5,772.8,0.0,0.88,3.8,4.4,1250.0,52.9,0.0,0.551,4.8,0.0,0.0,1855.0,16.1103,305.38,-0.761,8.789,20.0,1.863,11.974,4.191,7.639,571.9,25.0,65.0,18.4,49.0,0.795,15.118,327.0,5.793013608384144,61.0,0.0,1.6,8.0,25.2,0,0,0
42038,29.94944166543105,79.39667389766075,2021-02-07,0.0,0.0,0.0,-63.0,20.0,70.0,850.0,2.5,1002.8,3.3,0.07,0.58,2.11,2180.0,100.0,0.0,0.582,1.4,0.0,0.0,1204.0,32.4183,133.76,-1.619,20.262,13.0,1.2,16.49,5.771,6.42,1141.6,25.0,65.0,18.4,49.0,0.795,37.99,511.0,6.238324625039508,90.0,0.0,0.0,8.0,41.1,0,0,0
41610,30.09837122420112,79.41310050994717,2021-02-07,0.0,1.2,1.2,-68.0,20.0,70.0,850.0,2.5,883.4,3.4,0.06,0.56,2.01,1950.0,100.0,0.0,0.59,1.2,0.0,0.0,1645.0,16.1803,283.08,-0.357,8.732,139.0,1.41,2.408,0.843,9.573,565.3,25.0,65.0,18.4,49.0,0.795,25.377,245.0,5.5053315359323625,64.0,0.0,1.2,8.0,19.9,0,0,0
41721,30.054834333992464,79.50037829897768,2021-02-07,0.0,1.2,1.2,-68.0,20.0,70.0,850.0,2.5,1002.8,3.3,0.07,0.58,2.11,2180.0,100.0,0.0,0.574,1.1,0.0,0.0,1549.0,18.4411,144.57,-0.871,10.192,198.0,1.2,1.79,0.626,9.788,654.7,25.0,65.0,18.4,49.0,0.795,34.87,1597.0,7.37650812632622,324.0,0.3,0.0,8.0,44.9,0,0,0
40946,30.42955373613447,79.36559067939196,2021-02-07,0.0,2.0,2.0,-55.4,13.6,37.5,847.4,1.9,1007.8,2.8,0.06,0.5,1.79,740.0,100.0,0.0,0.663,2.0,0.0,0.0,1458.0,31.7396,81.29,0.475,18.661,74.0,3.047,4.04,1.414,8.186,1072.1,25.0,65.0,18.4,49.0,0.795,4.755,13.0,2.6390573296152584,3.0,0.0,25.0,8.0,41.6,0,0,0
41664,30.13129703337253,79.40385375354859,2021-02-07,0.0,1.2,1.2,-68.0,20.0,70.0,850.0,2.5,883.4,3.4,0.06,0.56,2.01,1950.0,100.0,0.68,0.613,2.0,0.0,0.0,1529.0,33.4244,281.52,-0.654,20.01,2784.0,1.624,0.429,0.15,11.748,1130.5,25.0,110.0,22.5,36.0,0.782,22.169,229.0,5.438079308923196,54.0,0.0,0.0,8.0,45.8,0,0,0
41791,30.062108032839184,79.61732536614412,2021-02-07,0.0,2.0,2.0,-73.0,20.0,70.0,850.0,2.5,1002.8,3.3,0.07,0.58,2.11,2180.0,100.0,0.0,0.633,0.7,0.0,0.0,1995.0,25.0848,59.85,1.089,14.454,119.0,1.2,2.734,0.957,8.939,884.9,25.0,65.0,18.4,49.0,0.795,39.083,289.0,5.66988092298052,64.0,0.0,3.0,8.0,8.9,0,0,0
42031,29.962595811089503,79.35713526196535,2021-02-07,0.0,0.0,0.0,-63.0,20.0,70.0,850.0,2.5,1002.8,3.3,0.07,0.58,2.11,2180.0,100.0,0.0,0.612,0.8,0.0,0.0,1246.0,45.9098,134.57,-2.295,34.808,13.0,1.2,17.072,5.975,5.934,1568.4,25.0,65.0,18.4,49.0,0.795,35.172,172.0,5.153291594497779,47.0,0.0,0.0,8.0,30.1,0,0,0
40864,30.503732880154303,79.58843723514505,2021-02-07,0.0,8.4,8.4,-30.6,6.5,42.0,738.0,2.9,1801.4,6.4,2.77,12.02,0.0,1850.0,100.0,0.0,0.5,4.1,0.0,0.0,3118.0,25.5729,167.42,-0.544,14.462,239.0,2.533,1.534,0.537,9.615,882.1,25.0,35.0,12.2,61.0,0.813,1.952,792.0,6.675823221634848,195.0,0.0,17.1,8.0,22.3,0,0,0
41609,30.103659506897507,79.40295597859858,2021-02-07,0.0,1.2,1.2,-68.0,20.0,70.0,850.0,2.5,883.4,3.4,0.06,0.56,2.01,1950.0,100.0,0.0,0.604,3.8,0.0,0.0,1375.0,27.0005,283.13,-0.597,15.422,122.0,1.464,2.684,0.939,8.879,929.7,25.0,65.0,18.4,49.0,0.795,24.256,377.0,5.934894195619588,78.0,0.0,2.6,8.0,25.6,0,0,0
41202,30.33832802323524,79.2299533855972,2021-02-07,0.0,0.8,0.8,-39.2,20.0,70.0,850.0,2.5,864.2,0.0,0.54,2.33,0.0,120.0,41.3,0.0,0.589,1.6,0.0,0.0,1328.0,15.1063,14.24,0.36,8.124,49.0,3.013,5.657,1.98,8.603,528.7,25.0,65.0,18.4,49.0,0.795,6.09,43.0,3.784189633918261,11.0,0.0,0.0,8.0,27.0,0,0,0
40923,30.425858615643023,79.30350508109791,2021-02-07,0.0,2.0,2.0,-55.4,13.6,37.5,847.4,1.9,1007.8,2.8,0.06,0.5,1.79,740.0,100.0,0.0,0.61,1.8,0.0,0.0,1362.0,34.1381,322.3,-1.652,21.684,53.0,3.156,5.328,1.865,7.76,1196.5,25.0,65.0,18.4,49.0,0.795,8.216,241.0,5.488937726156687,51.0,3.9,2.0,8.0,57.4,0,0,0
41165,30.37447450869361,79.16929270476516,2021-02-07,0.0,0.8,0.8,-39.2,20.0,70.0,850.0,2.5,749.5,0.0,0.74,3.2,3.7,1220.0,50.7,0.0,0.627,2.0,0.0,0.0,2191.0,29.9673,306.11,-1.427,18.157,23.0,3.156,10.537,3.688,7.087,1056.0,25.0,65.0,18.4,49.0,0.795,13.16,524.0,6.263398262591624,105.0,0.0,1.0,8.0,43.4,0,0,0
42009,29.94262311187672,79.32329002808915,2021-10-17,68.0,68.0,68.0,5.0,11.2,92.0,823.5,4.0,1002.8,3.3,0.07,0.58,2.11,2180.0,100.0,0.0,0.666,0.8,0.0,0.0,1107.0,23.8643,132.04,-1.187,13.731,10.0,1.2,20.939,7.329,6.519,847.6,25.0,65.0,18.4,49.0,0.795,36.313,180.0,5.198497031265826,42.0,0.0,0.0,8.0,71.3,0,0,0
40869,30.44555489491737,79.62135929972446,2021-10-17,74.2,74.2,74.2,43.6,4.5,95.0,728.0,5.5,1801.4,6.4,2.77,12.02,0.0,1850.0,100.0,0.0,0.282,3.6,0.0,0.0,3320.0,22.0105,173.57,-0.245,12.145,62.0,2.468,4.693,1.643,8.434,756.9,25.0,18.0,6.5,75.0,0.831,1.884,97.0,4.584967478670572,24.0,4.3,4.3,8.0,16.9,0,0,0
41524,30.16647863453932,79.32056729356806,2021-10-17,68.0,68.0,68.0,5.0,11.2,92.0,823.5,4.0,883.4,3.4,0.06,0.56,2.01,1950.0,100.0,0.0,0.789,0.7,0.0,0.0,1798.0,23.8887,277.27,-0.3,13.317,172.0,2.005,2.014,0.705,9.363,819.6,25.0,65.0,18.4,49.0,0.795,13.606,309.0,5.736572297479192,74.0,0.0,0.0,8.0,45.6,0,0,0
41865,30.17126893727604,79.22166443720718,2021-10-17,58.2,58.2,58.2,15.7,16.2,88.0,907.5,3.0,779.8,4.8,0.08,0.7,2.53,5420.0,100.0,0.0,0.575,2.7,0.0,0.0,1440.0,30.5661,304.31,-1.423,18.593,36.0,2.154,7.301,2.555,7.511,1075.0,25.0,65.0,18.4,49.0,0.795,9.729,250.0,5.5254529391317835,58.0,0.0,18.6,8.0,44.1,0,0,0
41610,30.09837122420112,79.41310050994717,2021-10-17,78.5,78.5,78.5,10.5,20.0,70.0,850.0,2.5,883.4,3.4,0.06,0.56,2.01,1950.0,100.0,0.0,0.697,3.8,0.0,0.0,1645.0,16.1803,283.08,-0.357,8.732,139.0,1.41,2.408,0.843,9.573,565.3,25.0,65.0,18.4,49.0,0.795,25.377,245.0,5.5053315359323625,64.0,0.0,1.2,8.0,19.9,0,0,0
41220,30.34016280019589,79.17828202638958,2021-10-17,64.0,64.0,64.0,24.8,20.0,70.0,850.0,2.5,755.2,3.2,0.07,0.57,2.06,5580.0,100.0,0.0,0.64,3.2,0.0,0.0,1170.0,36.7682,357.51,-0.16,22.431,34.0,3.043,7.661,2.681,7.219,1204.8,25.0,65.0,18.4,49.0,0.795,9.293,165.0,5.111987788356544,39.0,0.0,0.0,8.0,37.4,0,0,0
41589,30.10523147629965,79.39716357945834,2021-10-17,78.5,78.5,78.5,10.5,20.0,70.0,850.0,2.5,883.4,3.4,0.06,0.56,2.01,1950.0,100.0,0.0,0.626,1.3,0.0,0.0,1260.0,31.381,262.91,0.384,18.366,108.0,1.486,2.957,1.035,8.578,1057.5,25.0,65.0,18.4,49.0,0.795,23.729,34.0,3.5553480614894135,7.0,0.0,14.3,8.0,28.1,0,0,0
40852,30.57481113185468,79.70648894816532,2021-10-17,62.4,62.4,62.4,30.4,10.8,92.0,807.0,4.5,1801.4,6.4,2.77,12.02,0.0,1850.0,100.0,0.0,0.209,1.0,0.0,0.0,3866.0,23.2765,87.39,0.106,12.909,61.0,2.199,4.759,1.666,8.356,793.7,25.0,18.0,6.5,75.0,0.831,4.085,167.0,5.123963979403259,42.0,0.0,0.0,8.0,13.6,0,0,0
41101,30.25713930678566,79.43297748434651,2021-10-17,71.0,71.0,71.0,15.6,13.5,90.0,837.2,3.8,883.4,3.4,0.06,0.56,2.01,1950.0,100.0,2.11,0.689,3.6,0.0,0.0,2017.0,37.3341,120.22,-1.624,24.344,3524.0,2.286,0.244,0.085,11.839,1291.7,25.0,65.0,18.4,49.0,0.795,14.358,202.0,5.313205979041787,50.0,0.0,0.0,8.0,41.8,0,0,0
42041,29.950490438828894,79.4056963183277,2021-10-17,78.5,78.5,78.5,10.5,20.0,70.0,850.0,2.5,1002.8,3.3,0.07,0.58,2.11,2180.0,100.0,0.0,0.68,2.7,0.0,0.0,1130.0,11.7527,134.37,-0.587,6.295,14.0,1.2,16.072,5.625,7.61,416.9,25.0,65.0,18.4,49.0,0.795,38.262,237.0,5.472270673671475,50.0,0.0,0.0,8.0,48.8,0,0,0
41216,30.327567951434435,79.19678406769235,2021-10-17,64.0,64.0,64.0,24.8,20.0,70.0,850.0,2.5,779.8,4.8,0.08,0.7,2.53,5420.0,100.0,0.0,0.678,1.0,0.0,0.0,1861.0,14.5775,2.04,0.052,7.802,39.0,2.99,6.843,2.395,8.412,504.4,25.0,65.0,18.4,49.0,0.795,7.745,478.0,6.171700597410915,115.0,0.0,0.0,8.0,50.6,0,0,0
41996,29.96292024359954,79.31791155705417,2021-10-17,68.0,68.0,68.0,5.0,11.2,92.0,823.5,4.0,883.4,3.4,0.06,0.56,2.01,1950.0,100.0,0.0,0.728,2.7,0.0,0.0,1697.0,17.0491,187.47,0.22,9.211,11.0,1.2,19.695,6.893,6.981,591.5,25.0,65.0,18.4,49.0,0.795,34.005,28.0,3.367295829986474,8.0,0.0,0.0,8.0,39.1,0,0,0
41268,30.27896554618678,79.2248265987613,2021-10-17,58.2,58.2,58.2,15.7,16.2,88.0,907.5,3.0,779.8,4.8,0.08,0.7,2.53,5420.0,100.0,0.0,0.556,1.3,0.0,0.0,1069.0,39.6594,17.28,1.125,25.645,233.0,2.756,1.568,0.549,9.04,1333.9,25.0,65.0,18.4,49.0,0.795,1.836,112.0,4.727387818712341,27.0,0.0,0.0,8.0,36.6,0,0,0
41143,30.411042939906544,79.1935840230769,2021-10-17,64.0,64.0,64.0,24.8,20.0,70.0,850.0,2.5,870.5,2.5,0.06,0.55,1.99,980.0,100.0,0.0,0.692,3.7,0.0,0.0,1938.0,56.6531,8.08,0.788,46.291,16.0,3.238,14.075,4.926,5.755,1650.0,25.0,65.0,18.4,49.0,0.795,14.282,546.0,6.304448802421981,113.0,0.0,2.6,8.0,43.3,0,0,0
41507,30.20073949546934,79.36464264222852,2021-10-17,58.2,58.2,58.2,15.7,16.2,88.0,907.5,3.0,883.4,3.4,0.06,0.56,2.01,1950.0,100.0,0.0,0.704,3.6,0.0,0.0,2039.0,29.1385,346.01,-0.684,16.919,87.0,2.124,3.547,1.241,8.451,1000.5,25.0,65.0,18.4,49.0,0.795,14.025,193.0,5.267858159063328,47.0,0.0,2.0,8.0,42.1,0,0,0
40829,30.51963361883869,79.3788805047031,2021-10-17,71.0,71.0,71.0,15.6,13.5,90.0,837.2,3.8,1007.8,2.8,0.06,0.5,1.79,740.0,100.0,0.0,0.62,3.6,0.0,0.0,2833.0,36.2435,244.48,1.409,23.057,25.0,3.015,10.0,3.5,6.931,1249.1,25.0,35.0,12.2,61.0,0.813,5.172,311.0,5.7430031878094825,68.0,0.0,3.1,8.0,62.5,0,0,0
41374,30.275559242535056,79.29240921222159,2021-10-17,58.2,58.2,58.2,15.7,16.2,88.0,907.5,3.0,870.5,2.5,0.06,0.55,1.99,980.0,100.0,0.0,0.686,1.1,0.0,0.0,1145.0,28.0631,46.87,1.4,16.759,85.0,2.666,3.621,1.267,8.473,993.6,25.0,65.0,18.4,49.0,0.795,3.156,64.0,4.174387269895637,15.0,0.0,0.0,8.0,40.7,0,0,0
41077,30.302990866900515,79.51076766040147,2021-10-17,71.0,71.0,71.0,15.6,13.5,90.0,837.2,3.8,1007.8,2.8,0.06,0.5,1.79,740.0,100.0,0.0,0.71,4.4,0.0,0.0,2214.0,31.8044,140.22,-1.564,19.709,63.0,2.319,4.665,1.633,8.022,1120.0,25.0,35.0,12.2,61.0,0.813,15.105,1589.0,7.371489295214277,306.0,0.0,0.6,8.0,60.3,0,0,0
41172,30.353925250704823,79.17001693965435,2021-10-17,64.0,64.0,64.0,24.8,20.0,70.0,850.0,2.5,755.2,3.2,0.07,0.57,2.06,5580.0,100.0,0.0,0.593,3.4,0.0,0.0,1465.0,28.1272,308.98,-1.375,16.778,30.0,3.092,8.588,3.006,7.429,994.7,25.0,65.0,18.4,49.0,0.795,10.884,145.0,4.983606621708336,32.0,0.0,3.1,8.0,29.5,0,0,0
41280,30.2682653555357,79.1533396009407,2021-10-17,54.0,54.0,54.0,16.0,17.5,87.0,913.4,3.2,755.2,3.2,0.07,0.57,2.06,5580.0,100.0,0.67,0.555,3.0,0.0,0.0,1219.0,26.1307,292.07,-0.91,15.018,2540.0,2.721,0.49,0.171,11.953,912.9,25.0,110.0,22.5,36.0,0.782,1.564,161.0,5.087596335232384,41.0,0.0,5.0,8.0,34.4,0,0,0
41450,30.21632371141554,79.25610065439848,2021-10-18,138.0,196.2,196.2,95.5,13.5,95.0,902.5,4.2,774.2,0.0,0.1,0.82,2.57,2850.0,76.5,0.0,0.694,1.0,0.0,0.0,1069.0,15.9644,115.42,-0.619,8.664,230.0,2.39,1.584,0.554,10.091,563.7,25.0,65.0,18.4,49.0,0.795,5.455,335.0,5.817111159963204,82.0,0.0,0.0,8.0,41.8,0,0,0
41990,29.967159152396107,79.29533649050997,2021-10-18,152.0,220.0,220.0,89.0,8.4,98.0,818.0,5.2,879.6,0.0,0.09,0.76,2.36,1280.0,66.0,0.0,0.748,0.2,0.0,0.0,1673.0,15.3702,194.51,0.373,8.275,10.0,1.2,20.907,7.317,6.995,538.0,25.0,65.0,18.4,49.0,0.795,33.068,8.0,2.1972245773362196,2.0,0.0,0.0,8.0,26.9,0,0,0
41747,30.06951251127366,79.60715400784288,2021-10-18,198.5,280.9,280.9,125.5,20.0,70.0,850.0,2.5,999.2,0.0,0.1,0.86,2.67,1420.0,65.1,0.0,0.706,5.4,0.0,0.0,1785.0,30.0184,82.26,0.401,17.403,234.0,1.2,1.563,0.547,9.405,1016.6,25.0,65.0,18.4,49.0,0.795,38.858,1282.0,7.1569563646156364,258.0,0.0,0.0,8.0,30.8,0,0,0
41117,30.23589240681273,79.46819468275037,2021-10-18,188.0,266.5,266.5,120.0,20.0,70.0,850.0,2.5,879.6,0.0,0.09,0.76,2.36,1280.0,66.0,0.74,0.647,2.3,0.0,0.0,2180.0,27.2314,131.9,-1.354,16.131,3032.0,2.084,0.367,0.128,12.082,964.7,25.0,65.0,18.4,49.0,0.795,18.354,1577.0,7.363913501405819,296.0,0.0,0.7,8.0,28.0,0,0,0
41194,30.3579001792369,79.22095336061426,2021-10-18,142.6,206.6,206.6,103.4,20.0,70.0,850.0,2.5,866.8,0.0,0.1,0.79,2.46,580.0,72.0,0.0,0.564,0.2,0.0,0.0,1343.0,37.8489,359.56,-0.029,23.312,33.0,3.088,7.872,2.755,7.15,1228.6,25.0,65.0,18.4,49.0,0.795,8.24,60.0,4.110873864173311,15.0,0.0,25.0,8.0,30.4,0,0,0
40997,30.382660481351504,79.29101488566685,2021-10-18,162.4,233.4,233.4,107.0,11.0,97.0,832.0,5.0,866.8,0.0,0.1,0.79,2.46,580.0,72.0,0.0,0.678,3.0,0.0,0.0,1704.0,18.0333,258.02,0.366,9.8,94.0,3.087,3.339,1.169,9.067,628.2,25.0,65.0,18.4,49.0,0.795,5.263,436.0,6.07993319509559,104.0,0.0,0.0,8.0,50.8,0,0,0
41679,30.134781328633192,79.5151000598388,2021-10-18,188.0,266.5,266.5,120.0,20.0,70.0,850.0,2.5,999.2,0.0,0.1,0.86,2.67,1420.0,65.1,0.0,0.674,2.7,0.0,0.0,1861.0,41.0495,7.12,0.505,26.29,39.0,1.372,6.94,2.429,7.203,1340.0,25.0,65.0,18.4,49.0,0.795,30.018,203.0,5.318119993844216,35.0,0.0,20.0,8.0,43.2,0,0,0
41208,30.35604098629094,79.19883955087681,2021-10-18,142.6,206.6,206.6,103.4,20.0,70.0,850.0,2.5,755.2,3.2,0.07,0.57,2.06,5580.0,100.0,0.0,0.657,2.1,0.0,0.0,2034.0,38.665,0.57,0.038,24.005,28.0,3.093,9.148,3.202,6.956,1251.4,25.0,65.0,18.4,49.0,0.795,9.642,254.0,5.541263545158426,55.0,0.0,1.8,8.0,43.2,0,0,0
41720,30.06329472037733,79.49487490002629,2021-10-18,188.0,266.5,266.5,120.0,20.0,70.0,850.0,2.5,999.2,0.0,0.1,0.86,2.67,1420.0,65.1,0.0,0.686,0.7,0.0,0.0,1565.0,11.4221,182.39,0.048,6.061,991.0,1.2,1.139,0.399,11.899,396.8,25.0,65.0,18.4,49.0,0.795,33.826,75.0,4.330733340286331,16.0,0.0,0.0,8.0,43.7,0,0,0
41662,30.13767275974769,79.42175341933954,2021-10-18,188.0,266.5,266.5,120.0,20.0,70.0,850.0,2.5,879.6,0.0,0.09,0.76,2.36,1280.0,66.0,0.0,0.703,2.2,0.0,0.0,1569.0,41.8172,287.86,-1.221,27.822,742.0,1.62,1.305,0.457,10.122,1398.6,25.0,65.0,18.4,49.0,0.795,22.924,149.0,5.0106352940962555,27.0,0.0,0.0,8.0,36.4,0,0,0
41268,30.27896554618678,79.2248265987613,2021-10-18,138.0,196.2,196.2,95.5,13.5,95.0,902.5,4.2,774.2,0.0,0.1,0.82,2.57,2850.0,76.5,0.0,0.556,1.3,0.0,0.0,1069.0,39.6594,17.28,1.125,25.645,233.0,2.756,1.568,0.549,9.04,1333.9,25.0,65.0,18.4,49.0,0.795,1.836,112.0,4.727387818712341,27.0,0.0,0.0,8.0,36.6,0,0,0
41540,30.147937926986057,79.37376801643373,2021-10-18,152.0,220.0,220.0,89.0,8.4,98.0,818.0,5.2,879.6,0.0,0.09,0.76,2.36,1280.0,66.0,0.0,0.643,2.2,0.0,0.0,1144.0,41.4167,296.69,-1.662,28.233,1419.0,1.79,0.854,0.299,10.784,1411.0,25.0,65.0,18.4,49.0,0.795,18.77,139.0,4.941642422609304,30.0,0.0,6.5,8.0,57.8,0,0,0
41605,30.10287075735456,79.42723415845734,2021-10-18,188.0,266.5,266.5,120.0,20.0,70.0,850.0,2.5,879.6,0.0,0.09,0.76,2.36,1280.0,66.0,0.0,0.626,2.5,0.0,0.0,1270.0,23.7145,284.31,-0.568,13.284,1077.0,1.402,1.082,0.379,11.206,822.6,25.0,65.0,18.4,49.0,0.795,26.016,179.0,5.19295685089021,45.0,0.0,13.3,8.0,23.2,0,0,0
41238,30.317418575953266,79.15214724054215,2021-10-18,128.5,182.5,182.5,90.5,14.8,95.0,908.2,4.5,755.2,3.2,0.07,0.57,2.06,5580.0,100.0,0.0,0.562,5.0,0.0,0.0,1091.0,39.8092,283.24,-0.888,25.491,71.0,2.951,4.196,1.469,7.846,1325.9,25.0,65.0,18.4,49.0,0.795,7.003,21.0,3.091042453358316,5.0,0.0,0.0,8.0,25.4,0,0,0
41524,30.16647863453932,79.32056729356806,2021-10-18,152.0,220.0,220.0,89.0,8.4,98.0,818.0,5.2,879.6,0.0,0.09,0.76,2.36,1280.0,66.0,0.0,0.789,0.7,0.0,0.0,1798.0,23.8887,277.27,-0.3,13.317,172.0,2.005,2.014,0.705,9.363,819.6,25.0,65.0,18.4,49.0,0.795,13.606,309.0,5.736572297479192,74.0,0.0,0.0,8.0,45.6,0,0,0
40972,30.37435420002104,79.42856362615771,2021-10-18,162.4,233.4,233.4,107.0,11.0,97.0,832.0,5.0,1004.8,0.0,0.09,0.76,2.36,420.0,64.5,0.5,0.691,0.9,0.0,0.0,1441.0,22.6207,91.58,-0.062,12.502,2920.0,2.788,0.395,0.138,12.256,771.2,25.0,110.0,22.5,36.0,0.782,3.885,559.0,6.327936783729195,125.0,0.0,4.3,8.0,15.9,0,0,0
41432,30.218521427834983,79.30096285103542,2021-10-18,138.0,196.2,196.2,95.5,13.5,95.0,902.5,4.2,774.2,0.0,0.1,0.82,2.57,2850.0,76.5,0.0,0.741,0.7,0.0,0.0,1694.0,22.8227,144.13,-1.084,12.99,514.0,2.344,1.457,0.51,10.509,809.4,25.0,65.0,18.4,49.0,0.795,8.188,247.0,5.5134287461649825,58.0,0.0,0.0,8.0,46.0,0,0,0
41358,30.219963038981792,79.24717688462295,2021-10-18,138.0,196.2,196.2,95.5,13.5,95.0,902.5,4.2,774.2,0.0,0.1,0.82,2.57,2850.0,76.5,0.0,0.61,0.4,0.0,0.0,1094.0,43.3275,168.83,-0.823,28.773,559.0,2.42,1.427,0.499,9.786,1417.5,25.0,65.0,18.4,49.0,0.795,4.736,325.0,5.786897381366708,73.0,0.0,0.0,8.0,41.7,0,0,0
41105,30.260409826647848,79.4005861709944,2021-10-18,138.0,196.2,196.2,95.5,13.5,95.0,902.5,4.2,866.8,0.0,0.1,0.79,2.46,580.0,72.0,0.0,0.623,2.5,0.0,0.0,1598.0,28.8568,133.18,-1.44,17.367,209.0,2.38,1.715,0.6,9.339,1020.8,25.0,65.0,18.4,49.0,0.795,11.899,677.0,6.519147287940395,117.0,0.0,0.0,8.0,19.1,0,0,0
41996,29.96292024359954,79.31791155705417,2021-10-18,152.0,220.0,220.0,89.0,8.4,98.0,818.0,5.2,879.6,0.0,0.09,0.76,2.36,1280.0,66.0,0.0,0.728,2.7,0.0,0.0,1697.0,17.0491,187.47,0.22,9.211,11.0,1.2,19.695,6.893,6.981,591.5,25.0,65.0,18.4,49.0,0.795,34.005,28.0,3.367295829986474,8.0,0.0,0.0,8.0,39.1,0,0,0
41586,30.1176731052192,79.41189775701928,2021-10-19,58.4,324.9,324.9,-9.6,20.0,70.0,850.0,2.5,878.94,0.0,-0.23,-0.55,-0.57,1114.8,51.9,0.0,0.614,1.5,0.0,0.0,1137.0,41.0081,269.42,0.042,26.087,1263.0,1.524,0.958,0.335,10.682,1314.5,25.0,65.0,18.4,49.0,0.795,23.791,481.0,6.1779441140506,109.0,0.0,0.0,8.0,30.1,0,0,0
41674,30.089815272289474,79.5159050297886,2021-10-19,58.4,324.9,324.9,-9.6,20.0,70.0,850.0,2.5,998.16,0.0,-0.3,-0.76,-1.04,1164.9,50.0,0.0,0.628,1.3,0.0,0.0,1776.0,39.1202,27.75,1.612,25.935,141.0,1.2,2.376,0.832,8.557,1343.3,25.0,65.0,18.4,49.0,0.795,33.233,281.0,5.641907070938114,59.0,0.0,0.0,8.0,34.1,0,0,0
40972,30.37435420002104,79.42856362615771,2021-10-19,65.2,298.6,298.6,9.8,12.4,90.0,837.5,2.8,1003.88,0.0,-0.26,-0.67,-0.92,345.3,48.4,0.5,0.691,0.9,0.0,0.0,1441.0,22.6207,91.58,-0.062,12.502,2920.0,2.788,0.395,0.138,12.256,771.2,25.0,110.0,22.5,36.0,0.782,3.885,559.0,6.327936783729195,125.0,0.0,4.3,8.0,15.9,0,0,0
41274,30.28732808885682,79.12554527456061,2021-10-19,42.0,224.5,224.5,4.0,16.2,86.0,914.0,2.5,755.2,3.2,0.07,0.57,2.06,5580.0,100.0,3.35,0.58,3.4,0.0,0.0,807.0,17.0038,295.14,-0.654,9.272,4496.0,2.806,0.001,0.001,12.997,600.2,25.0,110.0,22.5,36.0,0.782,3.906,231.0,5.44673737166631,60.0,1.7,0.0,8.0,37.5,0,0,0
41990,29.967159152396107,79.29533649050997,2021-10-19,48.0,268.0,268.0,-15.0,10.0,89.0,824.2,3.0,878.94,0.0,-0.23,-0.55,-0.57,1114.8,51.9,0.0,0.748,0.2,0.0,0.0,1673.0,15.3702,194.51,0.373,8.275,10.0,1.2,20.907,7.317,6.995,538.0,25.0,65.0,18.4,49.0,0.795,33.068,8.0,2.1972245773362196,2.0,0.0,0.0,8.0,26.9,0,0,0
41280,30.2682653555357,79.1533396009407,2021-10-19,42.0,224.5,224.5,4.0,16.2,86.0,914.0,2.5,755.2,3.2,0.07,0.57,2.06,5580.0,100.0,0.67,0.555,3.0,0.0,0.0,1219.0,26.1307,292.07,-0.91,15.018,2540.0,2.721,0.49,0.171,11.953,912.9,25.0,110.0,22.5,36.0,0.782,1.564,161.0,5.087596335232384,41.0,0.0,5.0,8.0,34.4,0,0,0
41131,30.4776264295484,79.21349871523344,2021-10-19,65.2,298.6,298.6,9.8,12.4,90.0,837.5,2.8,865.84,0.0,-0.27,-0.7,-0.96,476.4,57.3,0.0,0.561,1.5,0.0,0.0,2920.0,13.7102,4.29,0.102,7.321,15.0,3.287,15.229,5.33,7.52,476.0,25.0,35.0,12.2,61.0,0.813,16.305,4.0,1.6094379124341003,1.0,0.0,0.0,8.0,17.4,0,0,0
42025,29.9755729356335,79.41480643756374,2021-10-19,58.4,324.9,324.9,-9.6,20.0,70.0,850.0,2.5,998.16,0.0,-0.3,-0.76,-1.04,1164.9,50.0,0.0,0.672,2.6,0.0,0.0,1307.0,11.4925,108.9,-0.352,6.118,18.0,1.2,13.158,4.605,7.885,404.1,25.0,65.0,18.4,49.0,0.795,36.212,532.0,6.278521424165844,103.0,0.0,0.0,8.0,55.3,0,0,0
41626,30.09244961401243,79.40686015944775,2021-10-19,58.4,324.9,324.9,-9.6,20.0,70.0,850.0,2.5,878.94,0.0,-0.23,-0.55,-0.57,1114.8,51.9,0.0,0.678,3.0,0.0,0.0,1746.0,25.8943,294.55,-0.979,14.908,95.0,1.391,3.306,1.157,8.678,907.6,25.0,65.0,18.4,49.0,0.795,25.401,195.0,5.278114659230517,51.0,0.0,0.0,8.0,20.1,0,0,0
41250,30.293336034585035,79.2129888373066,2021-10-19,46.0,242.2,242.2,3.5,15.0,88.0,908.0,2.2,773.73,0.0,-0.2,-0.44,-0.09,2612.1,66.4,0.0,0.609,3.7,0.0,0.0,1341.0,43.3405,333.12,-1.748,30.396,94.0,2.833,3.332,1.166,8.002,1468.6,25.0,65.0,18.4,49.0,0.795,3.827,296.0,5.6937321388027,61.0,0.0,0.0,8.0,26.0,0,0,0
41952,30.026760856789863,79.28571987265686,2021-10-19,48.0,268.0,268.0,-15.0,10.0,89.0,824.2,3.0,878.94,0.0,-0.23,-0.55,-0.57,1114.8,51.9,0.0,0.714,4.2,0.0,0.0,1546.0,31.5467,153.17,-1.271,19.147,13.0,1.278,16.855,5.899,6.454,1099.6,25.0,65.0,18.4,49.0,0.795,26.407,248.0,5.517452896464707,51.0,0.0,0.0,8.0,28.1,0,0,0
41251,30.285389465139342,79.20357912211968,2021-10-19,46.0,242.2,242.2,3.5,15.0,88.0,908.0,2.2,773.73,0.0,-0.2,-0.44,-0.09,2612.1,66.4,0.0,0.638,4.5,0.0,0.0,1347.0,34.3636,313.11,-1.714,21.968,85.0,2.8,3.603,1.261,8.224,1206.3,25.0,65.0,18.4,49.0,0.795,3.029,953.0,6.860663671448287,255.0,0.0,0.0,8.0,30.5,0,0,0
42009,29.94262311187672,79.32329002808915,2021-10-19,48.0,268.0,268.0,-15.0,10.0,89.0,824.2,3.0,998.16,0.0,-0.3,-0.76,-1.04,1164.9,50.0,0.0,0.666,0.8,0.0,0.0,1107.0,23.8643,132.04,-1.187,13.731,10.0,1.2,20.939,7.329,6.519,847.6,25.0,65.0,18.4,49.0,0.795,36.313,180.0,5.198497031265826,42.0,0.0,0.0,8.0,71.3,0,0,0
41664,30.13129703337253,79.40385375354859,2021-10-19,58.4,324.9,324.9,-9.6,20.0,70.0,850.0,2.5,878.94,0.0,-0.23,-0.55,-0.57,1114.8,51.9,0.58,0.674,3.1,0.0,0.0,1529.0,33.4244,281.52,-0.654,20.01,2784.0,1.624,0.429,0.15,11.748,1130.5,25.0,110.0,22.5,36.0,0.782,22.169,229.0,5.438079308923196,54.0,0.0,0.0,8.0,45.8,0,0,0
41719,30.06538142190092,79.50255686750972,2021-10-19,58.4,324.9,324.9,-9.6,20.0,70.0,850.0,2.5,998.16,0.0,-0.3,-0.76,-1.04,1164.9,50.0,0.0,0.665,3.1,0.0,0.0,1424.0,23.7145,185.03,0.207,13.192,1756.0,1.2,0.629,0.22,11.695,811.0,25.0,65.0,18.4,49.0,0.795,34.201,38.0,3.6635616461296463,9.0,0.0,25.0,8.0,49.2,0,0,0
41291,30.254579311640978,79.10354989928126,2021-10-19,42.0,224.5,224.5,4.0,16.2,86.0,914.0,2.5,755.2,3.2,0.07,0.57,2.06,5580.0,100.0,0.0,0.668,2.0,0.0,0.0,2237.0,38.985,293.33,-1.418,25.472,71.0,2.625,4.203,1.471,7.875,1329.6,25.0,35.0,12.2,61.0,0.813,0.476,168.0,5.1298987149230735,33.0,0.0,0.0,8.0,35.6,0,0,0
40848,30.477384318793675,79.51164374486179,2021-10-19,55.4,298.1,298.1,24.8,2.8,94.0,729.0,4.2,1372.66,0.0,-0.25,-0.61,-0.64,1439.8,53.3,0.0,0.593,2.8,0.0,0.0,1607.0,56.8983,216.66,2.725,53.887,129.0,2.727,2.563,0.897,7.833,1650.0,25.0,65.0,18.4,49.0,0.795,4.468,112.0,4.727387818712341,25.0,0.0,8.0,8.0,46.2,0,0,0
41568,30.139707962938164,79.39740500790347,2021-10-19,58.4,324.9,324.9,-9.6,20.0,70.0,850.0,2.5,878.94,0.0,-0.23,-0.55,-0.57,1114.8,51.9,2.52,0.704,1.9,0.0,0.0,1495.0,23.6585,327.19,-1.077,13.519,3688.0,1.689,0.203,0.08,12.439,837.1,25.0,110.0,22.5,36.0,0.782,21.063,365.0,5.902633333401366,86.0,0.0,3.4,8.0,54.4,0,0,0
41399,30.284446699545995,79.34310377087247,2021-10-19,46.0,242.2,242.2,3.5,15.0,88.0,908.0,2.2,865.84,0.0,-0.27,-0.7,-0.96,476.4,57.3,0.0,0.718,2.4,0.0,0.0,1647.0,18.0333,72.77,0.51,9.83,80.0,2.623,3.805,1.332,8.905,631.8,25.0,65.0,18.4,49.0,0.795,6.011,89.0,4.499809670330265,18.0,0.0,27.8,8.0,43.7,0,0,0
41450,30.21632371141554,79.25610065439848,2021-10-19,46.0,242.2,242.2,3.5,15.0,88.0,908.0,2.2,773.73,0.0,-0.2,-0.44,-0.09,2612.1,66.4,0.0,0.694,1.0,0.0,0.0,1069.0,15.9644,115.42,-0.619,8.664,230.0,2.39,1.584,0.554,10.091,563.7,25.0,65.0,18.4,49.0,0.795,5.455,335.0,5.817111159963204,82.0,0.0,0.0,8.0,41.8,0,0,0
40964,30.413530869473146,79.43606183445867,2022-08-19,55.4,55.4,55.4,0.0,21.0,88.0,838.8,2.2,1007.8,2.8,0.06,0.5,1.79,740.0,100.0,0.0,0.65,1.3,0.0,0.0,1641.0,32.2094,61.73,1.344,19.734,168.0,2.861,2.058,0.72,8.987,1123.3,25.0,65.0,18.4,49.0,0.795,0.924,545.0,6.302618975744905,126.0,0.0,0.0,8.0,67.4,0,0,0
41837,30.18621125190821,79.18681239319949,2022-08-19,42.0,42.0,42.0,-0.5,24.2,85.0,909.2,1.8,779.8,4.8,0.08,0.7,2.53,5420.0,100.0,0.0,0.715,2.2,0.0,0.0,1678.0,16.713,337.62,-0.588,9.085,40.0,2.259,6.748,2.362,8.293,588.7,25.0,65.0,18.4,49.0,0.795,7.783,204.0,5.3230099791384085,51.0,0.0,4.0,8.0,37.0,0,0,0
41291,30.254579311640978,79.10354989928126,2022-08-19,38.6,38.6,38.6,0.6,25.5,82.0,915.2,2.0,755.2,3.2,0.07,0.57,2.06,5580.0,100.0,0.0,0.684,4.5,0.0,0.0,2237.0,38.985,293.33,-1.418,25.472,71.0,2.625,4.203,1.471,7.875,1329.6,25.0,35.0,12.2,61.0,0.813,0.476,168.0,5.1298987149230735,33.0,0.0,0.0,8.0,35.6,0,0,0
41390,30.30324028403533,79.33425710845964,2022-08-19,55.4,55.4,55.4,0.0,21.0,88.0,838.8,2.2,870.5,2.5,0.06,0.55,1.99,980.0,100.0,0.0,0.636,1.6,0.0,0.0,1013.0,34.7071,54.27,1.645,22.14,109.0,2.728,2.941,1.029,8.46,1213.7,25.0,65.0,18.4,49.0,0.795,3.931,193.0,5.267858159063328,49.0,0.0,0.0,8.0,34.3,0,0,0
41662,30.13767275974769,79.42175341933954,2022-08-19,112.5,112.5,112.5,44.5,20.0,70.0,850.0,2.5,883.4,3.4,0.06,0.56,2.01,1950.0,100.0,0.0,0.618,1.9,0.0,0.0,1569.0,41.8172,287.86,-1.221,27.822,742.0,1.62,1.305,0.457,10.122,1398.6,25.0,65.0,18.4,49.0,0.795,22.924,149.0,5.0106352940962555,27.0,0.0,0.0,8.0,36.4,0,0,0
41568,30.139707962938164,79.39740500790347,2022-08-19,112.5,112.5,112.5,44.5,20.0,70.0,850.0,2.5,883.4,3.4,0.06,0.56,2.01,1950.0,100.0,1.83,0.757,3.5,0.0,0.0,1495.0,23.6585,327.19,-1.077,13.519,3688.0,1.689,0.203,0.08,12.439,837.1,25.0,110.0,22.5,36.0,0.782,21.063,365.0,5.902633333401366,86.0,0.0,3.4,8.0,54.4,0,0,0
41080,30.2915393496878,79.51504435200246,2022-08-19,55.4,55.4,55.4,0.0,21.0,88.0,838.8,2.2,1007.8,2.8,0.06,0.5,1.79,740.0,100.0,0.0,0.66,1.3,0.0,0.0,1919.0,31.7005,145.38,-1.482,19.52,90.0,2.255,3.44,1.204,8.383,1113.3,25.0,65.0,18.4,49.0,0.795,16.362,228.0,5.43372200355424,46.0,0.0,2.2,8.0,40.0,0,0,0
41589,30.10523147629965,79.39716357945834,2022-08-19,112.5,112.5,112.5,44.5,20.0,70.0,850.0,2.5,883.4,3.4,0.06,0.56,2.01,1950.0,100.0,0.0,0.662,2.3,0.0,0.0,1260.0,31.381,262.91,0.384,18.366,108.0,1.486,2.957,1.035,8.578,1057.5,25.0,65.0,18.4,49.0,0.795,23.729,34.0,3.5553480614894135,7.0,0.0,14.3,8.0,28.1,0,0,0
40850,30.479338632090183,79.53882269709419,2022-08-19,36.5,36.5,36.5,5.9,13.8,92.0,731.0,3.2,1801.4,6.4,2.77,12.02,0.0,1850.0,100.0,0.0,0.576,3.6,0.0,0.0,2886.0,55.3702,201.68,1.901,47.201,69.0,2.66,4.317,1.511,7.265,1650.0,25.0,35.0,12.2,61.0,0.813,2.895,442.0,6.093569770045136,92.0,0.0,7.6,8.0,24.4,0,0,0
41988,29.978858683208,79.31894324293552,2022-08-19,62.0,62.0,62.0,-1.0,18.2,88.0,826.0,2.4,883.4,3.4,0.06,0.56,2.01,1950.0,100.0,0.0,0.715,1.7,0.0,0.0,1457.0,27.4374,174.3,-0.271,15.604,12.0,1.2,18.358,6.425,6.542,931.5,25.0,65.0,18.4,49.0,0.795,32.323,378.0,5.937536205082426,75.0,0.0,0.0,8.0,50.2,0,0,0
41399,30.284446699545995,79.34310377087247,2022-08-19,42.0,42.0,42.0,-0.5,24.2,85.0,909.2,1.8,870.5,2.5,0.06,0.55,1.99,980.0,100.0,0.0,0.686,0.6,0.0,0.0,1647.0,18.0333,72.77,0.51,9.83,80.0,2.623,3.805,1.332,8.905,631.8,25.0,65.0,18.4,49.0,0.795,6.011,89.0,4.499809670330265,18.0,0.0,27.8,8.0,43.7,0,0,0
41547,30.104988477881665,79.38060498834032,2022-08-19,62.0,62.0,62.0,-1.0,18.2,88.0,826.0,2.4,883.4,3.4,0.06,0.56,2.01,1950.0,100.0,0.0,0.665,2.5,0.0,0.0,1871.0,17.2127,288.33,-0.514,9.355,73.0,1.522,4.112,1.439,8.864,604.0,25.0,65.0,18.4,49.0,0.795,22.589,83.0,4.430816798843313,15.0,0.0,0.0,8.0,28.4,0,0,0
42045,29.96762926724185,79.43631962995994,2022-08-19,112.5,112.5,112.5,44.5,20.0,70.0,850.0,2.5,1002.8,3.3,0.07,0.58,2.11,2180.0,100.0,0.0,0.663,4.7,0.0,0.0,1650.0,32.4411,127.79,-1.571,20.211,18.0,1.2,13.167,4.608,6.745,1140.3,25.0,65.0,18.4,49.0,0.795,38.024,242.0,5.493061443340548,52.0,0.0,0.0,8.0,29.6,0,0,0
41684,30.129644938325296,79.54794576072818,2022-08-19,112.5,112.5,112.5,44.5,20.0,70.0,850.0,2.5,1002.8,3.3,0.07,0.58,2.11,2180.0,100.0,0.0,0.663,3.6,0.0,0.0,2067.0,18.831,37.79,0.912,10.442,48.0,1.262,5.761,2.016,8.348,669.1,25.0,65.0,18.4,49.0,0.795,32.467,1256.0,7.136483208590247,245.0,0.4,16.9,8.0,22.4,0,0,0
41996,29.96292024359954,79.31791155705417,2022-08-19,62.0,62.0,62.0,-1.0,18.2,88.0,826.0,2.4,883.4,3.4,0.06,0.56,2.01,1950.0,100.0,0.0,0.614,4.4,0.0,0.0,1697.0,17.0491,187.47,0.22,9.211,11.0,1.2,19.695,6.893,6.981,591.5,25.0,65.0,18.4,49.0,0.795,34.005,28.0,3.367295829986474,8.0,0.0,0.0,8.0,39.1,0,0,0
41398,30.28845011950617,79.33904118198829,2022-08-19,42.0,42.0,42.0,-0.5,24.2,85.0,909.2,1.8,870.5,2.5,0.06,0.55,1.99,980.0,100.0,0.0,0.658,1.3,0.0,0.0,1427.0,29.0002,69.56,0.949,17.0,81.0,2.65,3.772,1.32,8.386,1006.4,25.0,65.0,18.4,49.0,0.795,5.415,87.0,4.477336814478207,19.0,0.0,15.8,8.0,46.3,0,0,0
41771,30.143616580408,79.61834054242973,2022-08-19,98.4,98.4,98.4,25.4,20.0,70.0,850.0,2.5,1002.8,3.3,0.07,0.58,2.11,2180.0,100.0,0.96,0.699,3.2,0.0,0.0,2188.0,46.1957,74.12,1.216,32.415,3020.0,1.2,0.37,0.13,11.372,1513.6,25.0,65.0,18.4,49.0,0.795,31.151,944.0,6.851184927493743,216.0,1.0,1.0,8.0,61.7,0,0,0
40811,30.66670560378584,79.52491236150496,2022-08-19,35.0,35.0,35.0,2.75,20.0,70.0,850.0,2.5,1832.2,4.2,0.08,0.69,2.5,1850.0,100.0,3.73,0.553,0.2,0.0,0.0,2419.0,51.3221,309.27,-2.515,42.995,4500.0,2.176,0.0,0.0,11.591,1650.0,25.0,35.0,12.2,61.0,0.813,6.091,609.0,6.413458957167357,132.0,0.0,8.4,8.0,61.1,0,0,0
41967,29.98526610102808,79.28043976573053,2022-08-19,62.0,62.0,62.0,-1.0,18.2,88.0,826.0,2.4,883.4,3.4,0.06,0.56,2.01,1950.0,100.0,0.0,0.609,2.9,0.0,0.0,1455.0,26.3159,181.61,0.074,14.839,10.0,1.2,20.49,7.171,6.408,889.3,25.0,65.0,18.4,49.0,0.795,30.841,67.0,4.219507705176107,14.0,0.0,0.0,8.0,36.1,0,0,0
42004,29.93090292909772,79.3004568351644,2022-08-19,62.0,62.0,62.0,-1.0,18.2,88.0,826.0,2.4,1002.8,3.3,0.07,0.58,2.11,2180.0,100.0,0.0,0.76,1.2,0.0,0.0,1603.0,32.2961,139.25,-1.597,20.135,9.0,1.2,23.437,8.203,6.057,1136.9,25.0,65.0,18.4,49.0,0.795,37.109,82.0,4.418840607796598,20.0,0.0,5.0,8.0,28.9,0,0,0
41383,30.313189899772475,79.30888790636247,2022-08-20,38.5,83.5,83.5,-0.7,20.0,70.0,850.0,2.5,870.5,2.5,0.06,0.55,1.99,980.0,100.0,0.0,0.663,2.1,0.0,0.0,987.0,37.641,37.1,1.811,24.962,236.0,2.816,1.549,0.542,9.125,1309.9,25.0,65.0,18.4,49.0,0.795,1.384,371.0,5.918893854273146,82.0,0.0,3.7,8.0,53.3,0,0,0
41317,30.21127486593184,79.19244507493147,2022-08-20,36.0,78.0,78.0,-6.5,24.8,82.0,910.4,1.7,779.8,4.8,0.08,0.7,2.53,5420.0,100.0,0.0,0.679,4.2,0.0,0.0,2042.0,24.9817,191.49,0.488,14.061,73.0,2.405,4.092,1.432,8.455,861.1,25.0,65.0,18.4,49.0,0.795,5.063,182.0,5.209486152841421,51.0,0.0,0.0,8.0,46.5,0,0,0
41250,30.293336034585035,79.2129888373066,2022-08-20,36.0,78.0,78.0,-6.5,24.8,82.0,910.4,1.7,779.8,4.8,0.08,0.7,2.53,5420.0,100.0,0.0,0.638,3.0,0.0,0.0,1341.0,43.3405,333.12,-1.748,30.396,94.0,2.833,3.332,1.166,8.002,1468.6,25.0,65.0,18.4,49.0,0.795,3.827,296.0,5.6937321388027,61.0,0.0,0.0,8.0,26.0,0,0,0
41258,30.314076705641337,79.29120922610485,2022-08-20,38.5,83.5,83.5,-0.7,20.0,70.0,850.0,2.5,870.5,2.5,0.06,0.55,1.99,980.0,100.0,2.17,0.664,2.1,0.0,0.0,1264.0,29.2858,45.79,1.464,17.704,3176.0,2.847,0.331,0.116,12.043,1035.6,25.0,110.0,22.5,36.0,0.782,0.079,641.0,6.464588303689961,148.0,0.0,0.0,8.0,29.9,0,0,0
41586,30.1176731052192,79.41189775701928,2022-08-20,85.0,197.5,197.5,17.0,20.0,70.0,850.0,2.5,883.4,3.4,0.06,0.56,2.01,1950.0,100.0,0.0,0.642,1.1,0.0,0.0,1137.0,41.0081,269.42,0.042,26.087,1263.0,1.524,0.958,0.335,10.682,1314.5,25.0,65.0,18.4,49.0,0.795,23.791,481.0,6.1779441140506,109.0,0.0,0.0,8.0,30.1,0,0,0
41685,30.113234291825787,79.52724306690924,2022-08-20,85.0,197.5,197.5,17.0,20.0,70.0,850.0,2.5,1002.8,3.3,0.07,0.58,2.11,2180.0,100.0,0.0,0.707,3.7,0.0,0.0,1929.0,29.4364,32.22,1.328,17.66,57.0,1.215,5.055,1.769,8.016,1035.1,25.0,65.0,18.4,49.0,0.795,32.635,511.0,6.238324625039508,100.0,4.0,6.9,8.0,33.4,0,0,0
41635,30.083101408448176,79.42267512536546,2022-08-20,85.0,197.5,197.5,17.0,20.0,70.0,850.0,2.5,883.4,3.4,0.06,0.56,2.01,1950.0,100.0,0.0,0.705,2.2,0.0,0.0,1661.0,26.1238,299.62,-1.122,15.168,108.0,1.301,2.964,1.037,8.796,920.1,25.0,65.0,18.4,49.0,0.795,27.235,294.0,5.68697535633982,61.0,0.0,0.0,8.0,31.8,0,0,0
40833,30.508108739319347,79.45902384310627,2022-08-20,30.2,66.7,66.7,-0.4,14.5,88.0,732.2,2.8,1376.2,1.7,0.06,0.52,1.89,2650.0,100.0,0.0,0.554,3.5,0.0,0.0,2020.0,39.7671,235.47,1.857,27.033,88.0,2.84,3.502,1.226,8.062,1374.4,25.0,65.0,18.4,49.0,0.795,3.444,201.0,5.308267697401205,40.0,0.0,2.5,8.0,43.3,0,0,0
41283,30.262098526953004,79.17509987455813,2022-08-20,36.0,78.0,78.0,-6.5,24.8,82.0,910.4,1.7,779.8,4.8,0.08,0.7,2.53,5420.0,100.0,4.75,0.673,1.7,0.0,0.0,1202.0,28.7897,290.68,-0.951,16.854,4384.0,2.69,0.029,0.029,12.386,999.8,25.0,110.0,22.5,36.0,0.782,0.698,501.0,6.218600119691729,110.0,0.0,0.9,8.0,52.8,0,0,0
41095,30.23925897008987,79.58617130225704,2022-08-20,72.0,170.4,170.4,-1.0,20.0,70.0,850.0,2.5,1002.8,3.3,0.07,0.58,2.11,2180.0,100.0,0.0,0.535,4.8,0.0,0.0,2645.0,21.6527,92.11,-0.08,11.912,82.0,1.819,3.732,1.306,8.732,740.3,25.0,35.0,12.2,61.0,0.813,23.457,248.0,5.517452896464707,52.0,0.0,0.0,8.0,17.8,0,0,0
41245,30.291126629540813,79.19229540163101,2022-08-20,36.0,78.0,78.0,-6.5,24.8,82.0,910.4,1.7,779.8,4.8,0.08,0.7,2.53,5420.0,100.0,0.0,0.578,1.8,0.0,0.0,1307.0,36.3471,298.33,-1.518,23.312,85.0,2.831,3.608,1.263,8.151,1257.3,25.0,65.0,18.4,49.0,0.795,3.758,173.0,5.159055299214529,43.0,0.0,2.9,8.0,33.6,0,0,0
40811,30.66670560378584,79.52491236150496,2022-08-20,26.4,61.4,61.4,-5.85,20.0,70.0,850.0,2.5,1832.2,4.2,0.08,0.69,2.5,1850.0,100.0,3.73,0.553,0.2,0.0,0.0,2419.0,51.3221,309.27,-2.515,42.995,4500.0,2.176,0.0,0.0,11.591,1650.0,25.0,35.0,12.2,61.0,0.813,6.091,609.0,6.413458957167357,132.0,0.0,8.4,8.0,61.1,0,0,0
40864,30.503732880154303,79.58843723514505,2022-08-20,30.2,66.7,66.7,-0.4,14.5,88.0,732.2,2.8,1801.4,6.4,2.77,12.02,0.0,1850.0,100.0,0.0,0.548,2.6,0.0,0.0,3118.0,25.5729,167.42,-0.544,14.462,239.0,2.533,1.534,0.537,9.615,882.1,25.0,35.0,12.2,61.0,0.813,1.952,792.0,6.675823221634848,195.0,0.0,17.1,8.0,22.3,0,0,0
41361,30.27109623407377,79.25125074187241,2022-08-20,36.0,78.0,78.0,-6.5,24.8,82.0,910.4,1.7,779.8,4.8,0.08,0.7,2.53,5420.0,100.0,0.0,0.734,1.3,0.0,0.0,1368.0,42.9038,96.45,-0.479,28.041,1036.0,2.694,1.109,0.388,10.418,1387.6,25.0,65.0,18.4,49.0,0.795,0.624,131.0,4.882801922586371,37.0,0.0,0.0,8.0,74.3,0,0,0
40955,30.41329126721236,79.37620386850742,2022-08-20,78.2,133.6,133.6,22.8,21.8,86.0,840.0,2.4,1007.8,2.8,0.06,0.5,1.79,740.0,100.0,0.0,0.574,1.1,0.0,0.0,1091.0,16.4654,43.95,0.823,9.016,171.0,2.999,2.026,0.709,9.762,585.5,25.0,65.0,18.4,49.0,0.795,2.693,300.0,5.707110264748875,56.0,1.8,21.1,8.0,44.5,0,0,0
41115,30.23335470939085,79.4359047660662,2022-08-20,85.0,197.5,197.5,17.0,20.0,70.0,850.0,2.5,883.4,3.4,0.06,0.56,2.01,1950.0,100.0,0.0,0.656,3.5,0.0,0.0,2015.0,26.9179,137.56,-1.341,15.902,148.0,2.149,2.288,0.801,9.076,954.0,25.0,65.0,18.4,49.0,0.795,16.608,303.0,5.717027701406222,67.0,0.0,13.4,8.0,29.1,0,0,0
41540,30.147937926986057,79.37376801643373,2022-08-20,45.0,107.0,107.0,-18.0,19.0,84.0,827.5,2.1,883.4,3.4,0.06,0.56,2.01,1950.0,100.0,0.0,0.633,1.6,0.0,0.0,1144.0,41.4167,296.69,-1.662,28.233,1419.0,1.79,0.854,0.299,10.784,1411.0,25.0,65.0,18.4,49.0,0.795,18.77,139.0,4.941642422609304,30.0,0.0,6.5,8.0,57.8,0,0,0
41238,30.317418575953266,79.15214724054215,2022-08-20,31.0,69.6,69.6,-7.0,26.0,80.0,916.5,1.9,755.2,3.2,0.07,0.57,2.06,5580.0,100.0,0.0,0.656,3.4,0.0,0.0,1091.0,39.8092,283.24,-0.888,25.491,71.0,2.951,4.196,1.469,7.846,1325.9,25.0,65.0,18.4,49.0,0.795,7.003,21.0,3.091042453358316,5.0,0.0,0.0,8.0,25.4,0,0,0
40994,30.382845725859195,79.32825469716782,2022-08-20,78.2,133.6,133.6,22.8,21.8,86.0,840.0,2.4,870.5,2.5,0.06,0.55,1.99,980.0,100.0,4.24,0.596,3.0,0.0,0.0,1167.0,25.5399,194.81,0.631,14.477,4496.0,3.027,0.001,0.001,12.551,884.0,25.0,110.0,22.5,36.0,0.782,2.965,97.0,4.584967478670572,24.0,0.0,0.0,8.0,43.9,0,0,0
41811,30.04853909168461,79.80662513967891,2022-08-20,72.0,170.4,170.4,-1.0,20.0,70.0,850.0,2.5,1002.8,3.3,0.07,0.58,2.11,2180.0,100.0,0.0,0.684,4.3,0.0,0.0,2302.0,25.5578,80.0,0.437,14.415,16.0,1.2,14.021,4.907,6.911,877.9,25.0,35.0,12.2,61.0,0.813,33.679,45.0,3.828641396489095,10.0,0.0,0.0,8.0,38.2,0,0,0
41194,30.3579001792369,79.22095336061426,2023-01-02,0.0,0.0,0.0,-39.2,20.0,70.0,850.0,2.5,870.5,2.5,0.06,0.55,1.99,980.0,100.0,0.0,0.578,1.9,0.0,0.0,1343.0,37.8489,359.56,-0.029,23.312,33.0,3.088,7.872,2.755,7.15,1228.6,25.0,65.0,18.4,49.0,0.795,8.24,60.0,4.110873864173311,15.0,0.0,25.0,8.0,30.4,0,0,0
42011,29.93385923342379,79.31947089488523,2023-01-02,0.0,0.0,0.0,-63.0,20.0,70.0,850.0,2.5,1002.8,3.3,0.07,0.58,2.11,2180.0,100.0,0.0,0.705,2.0,0.0,0.0,1296.0,26.1607,137.23,-1.304,15.35,9.0,1.2,21.898,7.664,6.309,927.8,25.0,65.0,18.4,49.0,0.795,37.168,86.0,4.465908118654584,24.0,0.0,0.0,8.0,39.8,0,0,0
41770,30.121333247488643,79.6048522466832,2023-01-02,0.0,0.0,0.0,-73.0,20.0,70.0,850.0,2.5,1002.8,3.3,0.07,0.58,2.11,2180.0,100.0,1.68,0.634,0.4,0.0,0.0,1985.0,34.7253,78.91,0.655,21.014,3644.0,1.2,0.214,0.08,11.969,1169.1,25.0,65.0,18.4,49.0,0.795,33.958,386.0,5.958424693029782,84.0,0.0,2.4,8.0,41.9,0,0,0
41747,30.06951251127366,79.60715400784288,2023-01-02,0.0,0.0,0.0,-73.0,20.0,70.0,850.0,2.5,1002.8,3.3,0.07,0.58,2.11,2180.0,100.0,0.0,0.697,1.7,0.0,0.0,1785.0,30.0184,82.26,0.401,17.403,234.0,1.2,1.563,0.547,9.405,1016.6,25.0,65.0,18.4,49.0,0.795,38.858,1282.0,7.1569563646156364,258.0,0.0,0.0,8.0,30.8,0,0,0
41208,30.35604098629094,79.19883955087681,2023-01-02,0.0,0.0,0.0,-39.2,20.0,70.0,850.0,2.5,755.2,3.2,0.07,0.57,2.06,5580.0,100.0,0.0,0.709,3.6,0.0,0.0,2034.0,38.665,0.57,0.038,24.005,28.0,3.093,9.148,3.202,6.956,1251.4,25.0,65.0,18.4,49.0,0.795,9.642,254.0,5.541263545158426,55.0,0.0,1.8,8.0,43.2,0,0,0
41352,30.231448979695774,79.23454834038178,2023-01-02,0.0,0.0,0.0,-42.5,20.0,70.0,850.0,2.5,779.8,4.8,0.08,0.7,2.53,5420.0,100.0,0.59,0.744,0.6,0.0,0.0,1452.0,7.9715,170.0,-0.136,4.203,1908.0,2.496,0.528,0.185,12.921,278.9,25.0,110.0,22.5,36.0,0.782,3.195,66.0,4.204692619390966,21.0,0.0,0.0,8.0,34.1,0,0,0
41655,30.1407090978084,79.41141898634528,2023-01-02,0.0,0.0,0.0,-68.0,20.0,70.0,850.0,2.5,883.4,3.4,0.06,0.56,2.01,1950.0,100.0,0.0,0.614,2.3,0.0,0.0,1290.0,8.5867,278.6,-0.127,4.532,1444.0,1.662,0.837,0.293,12.567,300.1,25.0,65.0,18.4,49.0,0.795,21.965,9.0,2.302585092994046,2.0,0.0,0.0,8.0,47.0,0,0,0
41115,30.23335470939085,79.4359047660662,2023-01-02,0.0,0.0,0.0,-68.0,20.0,70.0,850.0,2.5,883.4,3.4,0.06,0.56,2.01,1950.0,100.0,0.0,0.554,1.1,0.0,0.0,2015.0,26.9179,137.56,-1.341,15.902,148.0,2.149,2.288,0.801,9.076,954.0,25.0,65.0,18.4,49.0,0.795,16.608,303.0,5.717027701406222,67.0,0.0,13.4,8.0,29.1,0,0,0
41262,30.295916481505028,79.27151285824152,2023-01-02,0.0,0.0,0.0,-42.5,20.0,70.0,850.0,2.5,870.5,2.5,0.06,0.55,1.99,980.0,100.0,0.0,0.675,2.6,0.0,0.0,1039.0,24.9625,52.11,1.21,14.467,1843.0,2.792,0.571,0.2,11.685,884.9,25.0,110.0,22.5,36.0,0.782,0.112,103.0,4.6443908991413725,26.0,0.0,0.0,8.0,38.3,0,0,0
41317,30.21127486593184,79.19244507493147,2023-01-02,0.0,0.0,0.0,-42.5,20.0,70.0,850.0,2.5,779.8,4.8,0.08,0.7,2.53,5420.0,100.0,0.0,0.679,4.2,0.0,0.0,2042.0,24.9817,191.49,0.488,14.061,73.0,2.405,4.092,1.432,8.455,861.1,25.0,65.0,18.4,49.0,0.795,5.063,182.0,5.209486152841421,51.0,0.0,0.0,8.0,46.5,0,0,0
40895,30.72299118011279,79.78451396977164,2023-01-02,0.0,0.0,0.0,-32.25,20.0,70.0,850.0,2.5,1832.2,4.2,0.08,0.69,2.5,1850.0,100.0,0.0,0.226,2.2,0.0,0.0,4165.0,46.771,32.39,2.116,35.306,73.0,1.482,4.092,1.432,7.63,1580.6,25.0,18.0,6.5,75.0,0.831,0.121,197.0,5.288267030694535,41.0,0.0,0.0,8.0,3.9,0,0,0
41463,30.187680275400183,79.24338052272459,2023-01-02,0.0,0.0,0.0,-42.5,20.0,70.0,850.0,2.5,779.8,4.8,0.08,0.7,2.53,5420.0,100.0,0.0,0.583,1.5,0.0,0.0,1304.0,33.7998,150.08,-1.461,21.128,61.0,2.235,4.778,1.672,7.913,1177.6,25.0,65.0,18.4,49.0,0.795,8.12,373.0,5.924255797414532,84.0,0.0,0.0,8.0,25.9,0,0,0
41323,30.20099763708849,79.2062811120996,2023-01-02,0.0,0.0,0.0,-42.5,20.0,70.0,850.0,2.5,779.8,4.8,0.08,0.7,2.53,5420.0,100.0,0.0,0.621,3.4,0.0,0.0,1607.0,10.1346,181.09,0.019,5.363,65.0,2.339,4.513,1.58,9.297,352.2,25.0,65.0,18.4,49.0,0.795,6.315,702.0,6.555356891810665,180.0,0.0,0.0,8.0,92.1,0,0,0
40829,30.51963361883869,79.3788805047031,2023-01-02,0.0,0.0,0.0,-55.4,20.0,70.0,850.0,2.5,1007.8,2.8,0.06,0.5,1.79,740.0,100.0,0.0,0.601,2.0,0.0,0.0,2833.0,36.2435,244.48,1.409,23.057,25.0,3.015,10.0,3.5,6.931,1249.1,25.0,35.0,12.2,61.0,0.813,5.172,311.0,5.7430031878094825,68.0,0.0,3.1,8.0,62.5,0,0,0
41650,30.16173048777464,79.43965684292766,2023-01-02,0.0,0.0,0.0,-68.0,20.0,70.0,850.0,2.5,883.4,3.4,0.06,0.56,2.01,1950.0,100.0,0.0,0.644,3.6,0.0,0.0,2021.0,30.5985,291.66,-1.05,18.223,66.0,1.72,4.442,1.555,8.116,1060.8,25.0,65.0,18.4,49.0,0.795,22.305,277.0,5.627621113690637,52.0,0.0,0.0,8.0,20.7,0,0,0
41231,30.31526539337398,79.1988815924469,2023-01-02,0.0,0.0,0.0,-39.2,20.0,70.0,850.0,2.5,779.8,4.8,0.08,0.7,2.53,5420.0,100.0,0.0,0.712,4.6,0.0,0.0,1464.0,19.8858,305.09,-0.935,11.086,48.0,2.938,5.758,2.015,8.289,705.7,25.0,65.0,18.4,49.0,0.795,6.368,34.0,3.5553480614894135,6.0,0.0,0.0,8.0,49.3,0,0,0
40997,30.382660481351504,79.29101488566685,2023-01-02,0.0,0.0,0.0,-55.4,20.0,70.0,850.0,2.5,870.5,2.5,0.06,0.55,1.99,980.0,100.0,0.0,0.569,3.9,0.0,0.0,1704.0,18.0333,258.02,0.366,9.8,94.0,3.087,3.339,1.169,9.067,628.2,25.0,65.0,18.4,49.0,0.795,5.263,436.0,6.07993319509559,104.0,0.0,0.0,8.0,50.8,0,0,0
40869,30.44555489491737,79.62135929972446,2023-01-02,0.0,0.0,0.0,-30.6,20.0,70.0,850.0,2.5,1801.4,6.4,2.77,12.02,0.0,1850.0,100.0,0.0,0.284,2.0,0.0,0.0,3320.0,22.0105,173.57,-0.245,12.145,62.0,2.468,4.693,1.643,8.434,756.9,25.0,18.0,6.5,75.0,0.831,1.884,97.0,4.584967478670572,24.0,4.3,4.3,8.0,16.9,0,0,0
41535,30.1565732096152,79.36290034658593,2023-01-02,0.0,0.0,0.0,-63.0,20.0,70.0,850.0,2.5,883.4,3.4,0.06,0.56,2.01,1950.0,100.0,0.0,0.589,4.6,0.0,0.0,1083.0,35.8588,292.27,-1.258,22.525,1738.0,1.865,0.641,0.224,11.186,1230.5,25.0,65.0,18.4,49.0,0.795,17.338,125.0,4.836281906951478,28.0,0.0,0.0,8.0,40.7,0,0,0
41867,30.165886441714168,79.21214601612185,2023-01-02,0.0,0.0,0.0,-42.5,20.0,70.0,850.0,2.5,779.8,4.8,0.08,0.7,2.53,5420.0,100.0,0.0,0.584,3.4,0.0,0.0,1294.0,32.2557,301.65,-1.441,19.891,32.0,2.128,8.124,2.843,7.327,1128.9,25.0,65.0,18.4,49.0,0.795,10.243,95.0,4.564348191467836,20.0,0.0,0.0,8.0,54.1,0,0,0
40939,30.4200348994658,79.40698268396768,2023-01-03,0.0,0.0,0.0,-55.4,20.0,70.0,850.0,2.5,1007.8,2.8,0.06,0.5,1.79,740.0,100.0,0.0,0.525,2.8,0.0,0.0,1324.0,21.3646,99.41,-0.345,11.77,1525.0,2.941,0.783,0.274,11.67,738.7,25.0,65.0,18.4,49.0,0.795,1.405,181.0,5.204006687076795,45.0,0.0,0.0,8.0,35.3,0,0,0
41047,30.30052274499161,79.37870282871376,2023-01-03,0.0,0.0,0.0,-55.4,20.0,70.0,850.0,2.5,870.5,2.5,0.06,0.55,1.99,980.0,100.0,4.27,0.566,4.4,0.0,0.0,1271.0,25.1862,145.91,-1.169,14.582,4188.0,2.626,0.078,0.078,12.496,890.9,25.0,110.0,22.5,36.0,0.782,7.274,257.0,5.552959584921617,74.0,2.7,4.1,8.0,41.6,0,0,0
41672,30.09201601937599,79.47763823901562,2023-01-03,0.0,0.0,0.0,-68.0,20.0,70.0,850.0,2.5,1002.8,3.3,0.07,0.58,2.11,2180.0,100.0,0.0,0.595,3.2,0.0,0.0,1338.0,35.7604,301.55,-1.595,22.938,1008.0,1.216,1.128,0.395,10.645,1243.4,25.0,65.0,18.4,49.0,0.795,30.386,366.0,5.905361848054571,84.0,0.0,24.7,8.0,37.7,0,0,0
41721,30.054834333992464,79.50037829897768,2023-01-03,0.0,0.0,0.0,-68.0,20.0,70.0,850.0,2.5,1002.8,3.3,0.07,0.58,2.11,2180.0,100.0,0.0,0.713,1.6,0.0,0.0,1549.0,18.4411,144.57,-0.871,10.192,198.0,1.2,1.79,0.626,9.788,654.7,25.0,65.0,18.4,49.0,0.795,34.87,1597.0,7.37650812632622,324.0,0.3,0.0,8.0,44.9,0,0,0
41137,30.41933473396241,79.19315049684252,2023-01-03,0.0,0.0,0.0,-39.2,20.0,70.0,850.0,2.5,870.5,2.5,0.06,0.55,1.99,980.0,100.0,0.0,0.639,1.9,0.0,0.0,2006.0,23.3273,2.43,0.099,12.94,17.0,3.252,13.58,4.753,7.076,795.1,25.0,65.0,18.4,49.0,0.795,14.956,37.0,3.6375861597263857,8.0,0.0,0.0,8.0,42.4,0,0,0
41143,30.411042939906544,79.1935840230769,2023-01-03,0.0,0.0,0.0,-39.2,20.0,70.0,850.0,2.5,870.5,2.5,0.06,0.55,1.99,980.0,100.0,0.0,0.665,0.8,0.0,0.0,1938.0,56.6531,8.08,0.788,46.291,16.0,3.238,14.075,4.926,5.755,1650.0,25.0,65.0,18.4,49.0,0.795,14.282,546.0,6.304448802421981,113.0,0.0,2.6,8.0,43.3,0,0,0
41262,30.295916481505028,79.27151285824152,2023-01-03,0.0,0.0,0.0,-42.5,20.0,70.0,850.0,2.5,870.5,2.5,0.06,0.55,1.99,980.0,100.0,0.0,0.675,2.6,0.0,0.0,1039.0,24.9625,52.11,1.21,14.467,1843.0,2.792,0.571,0.2,11.685,884.9,25.0,110.0,22.5,36.0,0.782,0.112,103.0,4.6443908991413725,26.0,0.0,0.0,8.0,38.3,0,0,0
41881,30.122202233719367,79.21808182080605,2023-01-03,0.0,0.0,0.0,-63.0,20.0,70.0,850.0,2.5,779.8,4.8,0.08,0.7,2.53,5420.0,100.0,0.0,0.747,2.0,0.0,0.0,1855.0,16.1103,305.38,-0.761,8.789,20.0,1.863,11.974,4.191,7.639,571.9,25.0,65.0,18.4,49.0,0.795,15.118,327.0,5.793013608384144,61.0,0.0,1.6,8.0,25.2,0,0,0
41399,30.284446699545995,79.34310377087247,2023-01-03,0.0,0.0,0.0,-42.5,20.0,70.0,850.0,2.5,870.5,2.5,0.06,0.55,1.99,980.0,100.0,0.0,0.686,0.6,0.0,0.0,1647.0,18.0333,72.77,0.51,9.83,80.0,2.623,3.805,1.332,8.905,631.8,25.0,65.0,18.4,49.0,0.795,6.011,89.0,4.499809670330265,18.0,0.0,27.8,8.0,43.7,0,0,0
40945,30.440550627635822,79.36535250165305,2023-01-03,0.0,0.0,0.0,-55.4,20.0,70.0,850.0,2.5,1007.8,2.8,0.06,0.5,1.79,740.0,100.0,0.0,0.563,2.8,0.0,0.0,1825.0,17.3131,71.08,0.531,9.417,55.0,3.06,5.224,1.828,8.574,607.8,25.0,65.0,18.4,49.0,0.795,5.726,1158.0,7.055312843339752,243.0,0.0,8.9,8.0,30.7,0,0,0
41432,30.218521427834983,79.30096285103542,2023-01-03,0.0,0.0,0.0,-42.5,20.0,70.0,850.0,2.5,779.8,4.8,0.08,0.7,2.53,5420.0,100.0,0.0,0.678,3.0,0.0,0.0,1694.0,22.8227,144.13,-1.084,12.99,514.0,2.344,1.457,0.51,10.509,809.4,25.0,65.0,18.4,49.0,0.795,8.188,247.0,5.5134287461649825,58.0,0.0,0.0,8.0,46.0,0,0,0
41105,30.260409826647848,79.4005861709944,2023-01-03,0.0,0.0,0.0,-42.5,20.0,70.0,850.0,2.5,870.5,2.5,0.06,0.55,1.99,980.0,100.0,0.0,0.632,1.7,0.0,0.0,1598.0,28.8568,133.18,-1.44,17.367,209.0,2.38,1.715,0.6,9.339,1020.8,25.0,65.0,18.4,49.0,0.795,11.899,677.0,6.519147287940395,117.0,0.0,0.0,8.0,19.1,0,0,0
41543,30.13581745339733,79.33978253352703,2023-01-03,0.0,0.0,0.0,-63.0,20.0,70.0,850.0,2.5,883.4,3.4,0.06,0.56,2.01,1950.0,100.0,0.0,0.699,3.7,0.0,0.0,1386.0,32.7193,290.33,-1.066,19.814,80.0,1.786,3.817,1.336,8.226,1127.1,25.0,65.0,18.4,49.0,0.795,17.357,432.0,6.07073772800249,104.0,0.0,0.9,8.0,24.8,0,0,0
41156,30.36439811004191,79.21056128852351,2023-01-03,0.0,0.0,0.0,-39.2,20.0,70.0,850.0,2.5,870.5,2.5,0.06,0.55,1.99,980.0,100.0,0.0,0.674,0.8,0.0,0.0,1649.0,27.3583,25.83,1.073,15.963,28.0,3.115,9.086,3.18,7.392,958.6,25.0,65.0,18.4,49.0,0.795,9.471,441.0,6.091309882077698,106.0,0.0,2.8,8.0,31.7,0,0,0
41383,30.313189899772475,79.30888790636247,2023-01-03,0.0,0.0,0.0,-39.2,20.0,70.0,850.0,2.5,870.5,2.5,0.06,0.55,1.99,980.0,100.0,0.0,0.663,2.1,0.0,0.0,987.0,37.641,37.1,1.811,24.962,236.0,2.816,1.549,0.542,9.125,1309.9,25.0,65.0,18.4,49.0,0.795,1.384,371.0,5.918893854273146,82.0,0.0,3.7,8.0,53.3,0,0,0
41960,29.989362188240552,79.29431273373717,2023-01-03,0.0,0.0,0.0,-63.0,20.0,70.0,850.0,2.5,883.4,3.4,0.06,0.56,2.01,1950.0,100.0,0.0,0.685,4.1,0.0,0.0,1412.0,22.0434,161.72,-0.657,12.278,11.0,1.2,19.213,6.725,6.703,770.3,25.0,65.0,18.4,49.0,0.795,30.635,265.0,5.583496308781699,53.0,0.0,0.0,8.0,30.7,0,0,0
41742,30.076344572309075,79.54885355208734,2023-01-03,0.0,0.0,0.0,-68.0,20.0,70.0,850.0,2.5,1002.8,3.3,0.07,0.58,2.11,2180.0,100.0,0.0,0.735,0.6,0.0,0.0,2254.0,38.2267,69.6,1.249,24.535,970.0,1.2,1.153,0.404,10.517,1299.4,25.0,35.0,12.2,61.0,0.813,37.166,713.0,6.570882962339584,152.0,0.0,1.3,8.0,20.0,0,0,0
40812,30.6715542191554,79.57593952425742,2023-01-03,0.0,0.0,0.0,-32.25,20.0,70.0,850.0,2.5,1832.2,4.2,0.08,0.69,2.5,1850.0,100.0,0.0,0.187,0.3,0.0,0.0,3554.0,51.4922,334.47,-2.003,41.314,59.0,2.032,4.922,1.723,7.25,1650.0,25.0,18.0,6.5,75.0,0.831,9.094,61.0,4.127134385045092,11.0,0.0,0.0,8.0,17.1,0,0,0
41094,30.24169797294708,79.60530552073054,2023-01-03,0.0,0.0,0.0,-73.0,20.0,70.0,850.0,2.5,1002.8,3.3,0.07,0.58,2.11,2180.0,100.0,0.0,0.485,0.2,0.0,0.0,2656.0,12.3612,88.9,0.024,6.575,90.0,1.792,3.439,1.204,9.419,428.6,25.0,35.0,12.2,61.0,0.813,22.297,1153.0,7.050989447068045,213.0,0.5,0.0,8.0,20.8,0,0,0
40998,30.37868755280881,79.30406672671626,2023-01-03,0.0,0.0,0.0,-55.4,20.0,70.0,850.0,2.5,870.5,2.5,0.06,0.55,1.99,980.0,100.0,0.0,0.574,1.0,0.0,0.0,1169.0,25.0249,243.59,0.997,14.349,173.0,3.057,2.007,0.702,9.316,879.8,25.0,65.0,18.4,49.0,0.795,4.042,107.0,4.68213122712422,19.0,0.0,5.3,8.0,83.1,0,0,0
41280,30.2682653555357,79.1533396009407,2023-07-13,78.5,116.5,116.5,40.5,24.0,88.0,911.5,3.4,751.6,0.0,0.11,0.88,2.59,3380.0,76.0,0.85,0.5,3.2,0.0,0.0,1219.0,26.1307,292.07,-0.91,15.018,2540.0,2.721,0.49,0.171,11.953,912.9,25.0,110.0,22.5,36.0,0.782,1.564,161.0,5.087596335232384,41.0,0.0,5.0,8.0,34.4,0,0,0
41172,30.353925250704823,79.17001693965435,2023-07-13,72.0,102.0,102.0,32.8,20.0,70.0,850.0,2.5,751.6,0.0,0.11,0.88,2.59,3380.0,76.0,0.0,0.5,0.2,0.0,0.0,1465.0,28.1272,308.98,-1.375,16.778,30.0,3.092,8.588,3.006,7.429,994.7,25.0,65.0,18.4,49.0,0.795,10.884,145.0,4.983606621708336,32.0,0.0,3.1,8.0,29.5,0,0,0
42017,29.99523102764349,79.4149984321925,2023-07-13,146.0,214.0,214.0,78.0,20.0,70.0,850.0,2.5,1000.4,0.9,0.14,1.18,3.47,1680.0,83.0,0.0,0.5,1.6,0.0,0.0,1554.0,18.8751,94.08,-0.134,10.261,22.0,1.2,11.125,3.894,7.566,650.5,25.0,65.0,18.4,49.0,0.795,34.341,892.0,6.794586580876499,188.0,0.0,4.3,8.0,20.6,0,0,0
40998,30.37868755280881,79.30406672671626,2023-07-13,84.0,119.0,119.0,28.6,20.0,92.0,835.2,3.5,870.5,2.5,0.06,0.55,1.99,980.0,100.0,0.0,0.5,0.2,0.0,0.0,1169.0,25.0249,243.59,0.997,14.349,173.0,3.057,2.007,0.702,9.316,879.8,25.0,65.0,18.4,49.0,0.795,4.042,107.0,4.68213122712422,19.0,0.0,5.3,8.0,83.1,0,0,0
41986,29.989725710037018,79.30966149053609,2023-07-13,95.0,140.0,140.0,32.0,17.5,91.0,822.0,3.8,880.8,0.8,0.13,1.08,3.18,1520.0,82.1,0.0,0.5,2.5,0.0,0.0,1336.0,28.5893,174.8,-0.258,16.376,12.0,1.2,18.132,6.346,6.493,966.9,25.0,65.0,18.4,49.0,0.795,30.929,634.0,6.453624998892692,135.0,0.0,0.0,8.0,43.6,0,0,0
41992,29.96715199525137,79.30285418504776,2023-07-13,95.0,140.0,140.0,32.0,17.5,91.0,822.0,3.8,880.8,0.8,0.13,1.08,3.18,1520.0,82.1,0.0,0.5,3.4,0.0,0.0,1680.0,16.3138,191.58,0.321,8.803,10.0,1.2,20.392,7.137,6.932,569.0,25.0,65.0,18.4,49.0,0.795,33.214,98.0,4.59511985013459,24.0,0.0,0.0,8.0,30.8,0,0,0
41165,30.37447450869361,79.16929270476516,2023-07-13,72.0,102.0,102.0,32.8,20.0,70.0,850.0,2.5,751.6,0.0,0.11,0.88,2.59,3380.0,76.0,0.0,0.5,4.4,0.0,0.0,2191.0,29.9673,306.11,-1.427,18.157,23.0,3.156,10.537,3.688,7.087,1056.0,25.0,65.0,18.4,49.0,0.795,13.16,524.0,6.263398262591624,105.0,0.0,1.0,8.0,43.4,0,0,0
41664,30.13129703337253,79.40385375354859,2023-07-13,146.0,214.0,214.0,78.0,20.0,70.0,850.0,2.5,880.8,0.8,0.13,1.08,3.18,1520.0,82.1,0.77,0.5,3.5,0.0,0.0,1529.0,33.4244,281.52,-0.654,20.01,2784.0,1.624,0.429,0.15,11.748,1130.5,25.0,110.0,22.5,36.0,0.782,22.169,229.0,5.438079308923196,54.0,0.0,0.0,8.0,45.8,0,0,0
41215,30.32209566253977,79.2026225251169,2023-07-13,72.0,102.0,102.0,32.8,20.0,70.0,850.0,2.5,774.8,0.0,0.11,0.94,2.77,3240.0,83.2,0.0,0.5,2.6,0.0,0.0,1676.0,34.053,4.37,0.259,20.31,46.0,2.965,6.017,2.106,7.622,1131.5,25.0,65.0,18.4,49.0,0.795,7.091,34.0,3.5553480614894135,7.0,0.0,0.0,8.0,90.2,0,0,0
41872,30.15217765511272,79.23257880830892,2023-07-13,92.4,134.9,134.9,49.9,23.0,90.0,905.5,3.0,774.8,0.0,0.11,0.94,2.77,3240.0,83.2,0.0,0.5,1.2,0.0,0.0,1334.0,27.607,312.1,-1.373,16.411,30.0,2.032,8.498,2.974,7.451,977.7,25.0,65.0,18.4,49.0,0.795,11.931,85.0,4.454347296253507,17.0,0.0,0.0,8.0,35.2,0,0,0
41367,30.291967356419576,79.28258864822169,2023-07-13,92.4,134.9,134.9,49.9,23.0,90.0,905.5,3.0,870.5,2.5,0.06,0.55,1.99,980.0,100.0,0.0,0.5,3.1,0.0,0.0,826.0,22.0024,94.94,-0.189,12.133,224.0,2.759,1.617,0.566,9.719,755.0,25.0,65.0,18.4,49.0,0.795,1.194,365.0,5.902633333401366,89.0,1.2,0.0,8.0,71.1,0,0,0
41390,30.30324028403533,79.33425710845964,2023-07-13,84.0,119.0,119.0,28.6,20.0,92.0,835.2,3.5,870.5,2.5,0.06,0.55,1.99,980.0,100.0,0.0,0.5,3.5,0.0,0.0,1013.0,34.7071,54.27,1.645,22.14,109.0,2.728,2.941,1.029,8.46,1213.7,25.0,65.0,18.4,49.0,0.795,3.931,193.0,5.267858159063328,49.0,0.0,0.0,8.0,34.3,0,0,0
41489,30.179715024231136,79.31868240034237,2023-07-13,92.4,134.9,134.9,49.9,23.0,90.0,905.5,3.0,880.8,0.8,0.13,1.08,3.18,1520.0,82.1,0.0,0.5,2.1,0.0,0.0,1566.0,27.02,143.13,-1.297,15.929,1366.0,2.087,0.889,0.311,11.294,955.7,25.0,65.0,18.4,49.0,0.795,12.445,53.0,3.9889840465642745,14.0,0.0,0.0,8.0,27.6,0,0,0
41885,30.12033369942645,79.23108011911297,2023-07-13,95.0,140.0,140.0,32.0,17.5,91.0,822.0,3.8,774.8,0.0,0.11,0.94,2.77,3240.0,83.2,0.0,0.5,2.5,0.0,0.0,1878.0,23.1253,315.18,-1.156,13.233,21.0,1.843,11.324,3.963,7.297,821.8,25.0,65.0,18.4,49.0,0.795,15.435,368.0,5.910796644040527,77.0,0.0,7.7,8.0,34.0,0,0,0
41345,30.24381693897116,79.25867028440626,2023-07-13,92.4,134.9,134.9,49.9,23.0,90.0,905.5,3.0,774.8,0.0,0.11,0.94,2.77,3240.0,83.2,0.0,0.5,1.4,0.0,0.0,1077.0,28.3396,122.71,-1.289,16.839,564.0,2.542,1.424,0.498,10.354,998.3,25.0,65.0,18.4,49.0,0.795,3.263,339.0,5.8289456176102075,89.0,0.0,0.0,8.0,41.5,0,0,0
41278,30.275058783269987,79.15363927924709,2023-07-13,78.5,116.5,116.5,40.5,24.0,88.0,911.5,3.4,751.6,0.0,0.11,0.88,2.59,3380.0,76.0,1.82,0.5,3.4,0.0,0.0,901.0,38.2973,295.79,-1.5,24.987,3780.0,2.755,0.18,0.08,11.875,1313.9,25.0,110.0,22.5,36.0,0.782,2.312,118.0,4.77912349311153,24.0,0.0,0.0,8.0,40.5,0,0,0
41636,30.0804540265722,79.42768645154493,2023-07-13,146.0,214.0,214.0,78.0,20.0,70.0,850.0,2.5,880.8,0.8,0.13,1.08,3.18,1520.0,82.1,0.0,0.5,2.5,0.0,0.0,1400.0,13.7391,299.23,-0.585,7.397,114.0,1.274,2.83,0.99,9.546,486.1,25.0,65.0,18.4,49.0,0.795,27.792,288.0,5.666426688112432,68.0,0.0,0.0,8.0,36.5,0,0,0
41747,30.06951251127366,79.60715400784288,2023-07-13,158.4,232.9,232.9,85.4,20.0,70.0,850.0,2.5,1000.4,0.9,0.14,1.18,3.47,1680.0,83.0,0.0,0.5,4.7,81.7,0.0,1785.0,30.0184,82.26,0.401,17.403,234.0,1.2,1.563,0.547,9.405,1016.6,25.0,65.0,18.4,49.0,0.795,38.858,1282.0,7.1569563646156364,258.0,0.0,0.0,8.0,30.8,0,0,0
41906,30.0435195172212,79.21345083886416,2023-07-13,95.0,140.0,140.0,32.0,17.5,91.0,822.0,3.8,880.8,0.8,0.13,1.08,3.18,1520.0,82.1,0.0,0.5,3.6,0.0,0.0,2287.0,34.8397,275.44,-0.329,20.938,11.0,1.431,19.103,6.686,6.161,1157.6,25.0,35.0,12.2,61.0,0.813,23.769,153.0,5.0369526024136295,30.0,0.0,0.0,8.0,9.3,0,0,0
42038,29.94944166543105,79.39667389766075,2023-07-13,95.0,140.0,140.0,32.0,17.5,91.0,822.0,3.8,1000.4,0.9,0.14,1.18,3.47,1680.0,83.0,0.0,0.5,3.0,0.0,0.0,1204.0,32.4183,133.76,-1.619,20.262,13.0,1.2,16.49,5.771,6.42,1141.6,25.0,65.0,18.4,49.0,0.795,37.99,511.0,6.238324625039508,90.0,0.0,0.0,8.0,41.1,0,0,0
40973,30.373096107571342,79.44472077600474,2023-07-14,58.0,177.0,177.0,2.6,21.2,88.0,837.5,2.5,1007.8,2.8,0.06,0.5,1.79,740.0,100.0,0.0,0.5,3.6,0.0,0.0,1659.0,20.424,91.2,-0.043,11.172,1717.0,2.745,0.655,0.229,11.837,699.1,25.0,65.0,18.4,49.0,0.795,4.979,580.0,6.364750756851911,113.0,0.0,15.0,8.0,15.8,0,0,0
41614,30.093788235299257,79.43784797757948,2023-07-14,88.2,302.2,302.2,20.2,20.0,70.0,850.0,2.5,876.84,0.0,-0.31,-1.03,-2.24,545.2,23.6,0.0,0.5,3.8,0.0,0.0,1109.0,10.9269,289.94,-0.35,5.809,1087.0,1.324,1.075,0.376,12.037,384.4,25.0,65.0,18.4,49.0,0.795,27.465,57.0,4.060443010546419,13.0,0.0,0.0,8.0,32.8,0,0,0
41847,30.161922302934627,79.19199543901885,2023-07-14,74.0,208.9,208.9,31.5,23.8,86.0,907.8,2.2,771.93,0.0,-0.32,-1.02,-2.04,1576.9,40.3,0.0,0.5,0.4,0.0,0.0,1521.0,29.2548,343.82,-0.783,17.06,28.0,2.112,9.057,3.17,7.313,1008.0,25.0,65.0,18.4,49.0,0.795,10.51,420.0,6.042632833682381,113.0,0.0,0.0,8.0,60.2,0,0,0
41284,30.256673951675484,79.20623308369086,2023-07-14,74.0,208.9,208.9,31.5,23.8,86.0,907.8,2.2,771.93,0.0,-0.32,-1.02,-2.04,1576.9,40.3,0.0,0.5,4.9,0.0,0.0,1508.0,40.2632,275.42,-0.379,25.5,1260.0,2.652,0.96,0.336,10.706,1312.2,25.0,65.0,18.4,49.0,0.795,0.165,162.0,5.093750200806762,43.0,0.0,0.0,8.0,47.5,0,0,0
41865,30.17126893727604,79.22166443720718,2023-07-14,74.0,208.9,208.9,31.5,23.8,86.0,907.8,2.2,771.93,0.0,-0.32,-1.02,-2.04,1576.9,40.3,0.0,0.5,2.3,0.0,0.0,1440.0,30.5661,304.31,-1.423,18.593,36.0,2.154,7.301,2.555,7.511,1075.0,25.0,65.0,18.4,49.0,0.795,9.729,250.0,5.5254529391317835,58.0,0.0,18.6,8.0,44.1,0,0,0
41075,30.31559326541184,79.5316530624335,2023-07-14,58.0,177.0,177.0,2.6,21.2,88.0,837.5,2.5,1007.8,2.8,0.06,0.5,1.79,740.0,100.0,0.0,0.5,3.8,0.0,0.0,2663.0,45.838,132.71,-2.285,34.689,60.0,2.323,4.844,1.695,7.466,1565.9,25.0,35.0,12.2,61.0,0.813,15.148,17.0,2.8903717578961645,3.0,0.0,0.0,8.0,34.3,0,0,0
41855,30.14571219773829,79.20705444687317,2023-07-14,64.0,204.0,204.0,1.0,18.5,87.0,825.0,2.8,771.93,0.0,-0.32,-1.02,-2.04,1576.9,40.3,0.0,0.5,4.3,0.0,0.0,1499.0,35.9871,352.69,-0.454,21.898,24.0,2.009,10.415,3.645,6.899,1196.5,25.0,65.0,18.4,49.0,0.795,12.428,242.0,5.493061443340548,50.0,0.0,0.0,8.0,36.6,0,0,0
40990,30.39347431022172,79.34439227252851,2023-07-14,58.0,177.0,177.0,2.6,21.2,88.0,837.5,2.5,1007.8,2.8,0.06,0.5,1.79,740.0,100.0,0.0,0.5,2.7,0.0,0.0,1821.0,19.1014,119.39,-0.817,10.561,1617.0,3.023,0.722,0.253,11.85,675.9,25.0,65.0,18.4,49.0,0.795,2.907,472.0,6.159095388491933,87.0,0.0,2.5,8.0,44.0,0,0,0
40852,30.57481113185468,79.70648894816532,2023-07-14,45.0,137.5,137.5,13.0,18.2,90.0,807.8,3.0,1801.4,6.4,2.77,12.02,0.0,1850.0,100.0,0.0,0.5,2.4,0.0,0.0,3866.0,23.2765,87.39,0.106,12.909,61.0,2.199,4.759,1.666,8.356,793.7,25.0,18.0,6.5,75.0,0.831,4.085,167.0,5.123963979403259,42.0,0.0,0.0,8.0,13.6,0,0,0
41714,30.049299431460387,79.48718596338534,2023-07-14,88.2,302.2,302.2,20.2,20.0,70.0,850.0,2.5,995.78,0.0,-0.3,-1.01,-2.3,527.9,18.9,0.0,0.5,0.8,0.0,0.0,1966.0,16.3225,240.76,0.696,8.891,113.0,1.2,2.864,1.002,9.357,577.7,25.0,65.0,18.4,49.0,0.795,34.378,527.0,6.269096283706261,77.0,0.0,0.0,8.0,34.1,0,0,0
41887,30.135846436901044,79.2491678766901,2023-07-14,64.0,204.0,204.0,1.0,18.5,87.0,825.0,2.8,876.84,0.0,-0.31,-1.03,-2.24,545.2,23.6,0.0,0.5,4.1,0.0,0.0,1455.0,43.0683,332.24,-1.775,30.17,29.0,1.919,8.865,3.103,6.836,1462.7,25.0,65.0,18.4,49.0,0.795,13.886,201.0,5.308267697401205,34.0,0.0,0.0,8.0,30.4,0,0,0
41202,30.33832802323524,79.2299533855972,2023-07-14,48.0,150.0,150.0,8.8,20.0,70.0,850.0,2.5,870.5,2.5,0.06,0.55,1.99,980.0,100.0,0.0,0.5,1.9,0.0,0.0,1328.0,15.1063,14.24,0.36,8.124,49.0,3.013,5.657,1.98,8.603,528.7,25.0,65.0,18.4,49.0,0.795,6.09,43.0,3.784189633918261,11.0,0.0,0.0,8.0,27.0,0,0,0
41143,30.411042939906544,79.1935840230769,2023-07-14,48.0,150.0,150.0,8.8,20.0,70.0,850.0,2.5,870.5,2.5,0.06,0.55,1.99,980.0,100.0,0.0,0.5,0.2,0.0,0.0,1938.0,56.6531,8.08,0.788,46.291,16.0,3.238,14.075,4.926,5.755,1650.0,25.0,65.0,18.4,49.0,0.795,14.282,546.0,6.304448802421981,113.0,0.0,2.6,8.0,43.3,0,0,0
41771,30.143616580408,79.61834054242973,2023-07-14,94.0,326.9,326.9,21.0,20.0,70.0,850.0,2.5,995.78,0.0,-0.3,-1.01,-2.3,527.9,18.9,0.66,0.5,5.0,0.0,0.0,2188.0,46.1957,74.12,1.216,32.415,3020.0,1.2,0.37,0.13,11.372,1513.6,25.0,65.0,18.4,49.0,0.795,31.151,944.0,6.851184927493743,216.0,1.0,1.0,8.0,61.7,0,0,0
41591,30.10498891308276,79.38999632678406,2023-07-14,88.2,302.2,302.2,20.2,20.0,70.0,850.0,2.5,876.84,0.0,-0.31,-1.03,-2.24,545.2,23.6,0.0,0.5,1.6,0.0,0.0,1556.0,28.8818,263.64,0.318,16.59,89.0,1.501,3.468,1.214,8.485,978.3,25.0,65.0,18.4,49.0,0.795,23.246,198.0,5.293304824724492,46.0,0.0,12.8,8.0,28.8,0,0,0
40997,30.382660481351504,79.29101488566685,2023-07-14,58.0,177.0,177.0,2.6,21.2,88.0,837.5,2.5,870.5,2.5,0.06,0.55,1.99,980.0,100.0,0.0,0.5,2.5,0.0,0.0,1704.0,18.0333,258.02,0.366,9.8,94.0,3.087,3.339,1.169,9.067,628.2,25.0,65.0,18.4,49.0,0.795,5.263,436.0,6.07993319509559,104.0,0.0,0.0,8.0,50.8,0,0,0
41805,30.03548014814716,79.75259547938269,2023-07-14,94.0,326.9,326.9,21.0,20.0,70.0,850.0,2.5,995.78,0.0,-0.3,-1.01,-2.3,527.9,18.9,0.0,0.5,2.2,0.0,0.0,1784.0,18.0333,77.78,0.373,9.801,18.0,1.2,12.677,4.437,7.414,628.4,25.0,65.0,18.4,49.0,0.795,36.106,1349.0,7.2078598714324755,281.0,1.0,5.2,8.0,19.9,0,0,0
40947,30.42560775462311,79.37214943346098,2023-07-14,58.0,177.0,177.0,2.6,21.2,88.0,837.5,2.5,1007.8,2.8,0.06,0.5,1.79,740.0,100.0,0.0,0.5,4.4,0.0,0.0,1621.0,8.7687,90.72,-0.011,4.628,90.0,3.027,3.449,1.207,9.77,305.0,25.0,65.0,18.4,49.0,0.795,4.012,381.0,5.945420608606575,84.0,0.0,0.0,8.0,43.7,0,0,0
41635,30.083101408448176,79.42267512536546,2023-07-14,88.2,302.2,302.2,20.2,20.0,70.0,850.0,2.5,876.84,0.0,-0.31,-1.03,-2.24,545.2,23.6,0.0,0.5,0.2,0.0,0.0,1661.0,26.1238,299.62,-1.122,15.168,108.0,1.301,2.964,1.037,8.796,920.1,25.0,65.0,18.4,49.0,0.795,27.235,294.0,5.68697535633982,61.0,0.0,0.0,8.0,31.8,0,0,0
41996,29.96292024359954,79.31791155705417,2023-07-14,64.0,204.0,204.0,1.0,18.5,87.0,825.0,2.8,876.84,0.0,-0.31,-1.03,-2.24,545.2,23.6,0.0,0.5,5.1,0.0,0.0,1697.0,17.0491,187.47,0.22,9.211,11.0,1.2,19.695,6.893,6.981,591.5,25.0,65.0,18.4,49.0,0.795,34.005,28.0,3.367295829986474,8.0,0.0,0.0,8.0,39.1,0,0,0
41584,30.115640825325247,79.38268840229075,2023-07-23,0.0,0.0,0.0,-63.0,20.0,70.0,850.0,2.5,883.4,3.4,0.06,0.56,2.01,1950.0,100.0,0.0,0.5,3.1,0.0,0.0,1547.0,41.2847,260.26,0.688,26.651,101.0,1.579,3.123,1.093,8.146,1355.9,25.0,65.0,18.4,49.0,0.795,21.906,60.0,4.110873864173311,13.0,0.0,0.0,8.0,38.3,0,0,0
41609,30.103659506897507,79.40295597859858,2023-07-23,0.0,0.0,0.0,-68.0,20.0,70.0,850.0,2.5,883.4,3.4,0.06,0.56,2.01,1950.0,100.0,0.0,0.5,2.7,0.0,0.0,1375.0,27.0005,283.13,-0.597,15.422,122.0,1.464,2.684,0.939,8.879,929.7,25.0,65.0,18.4,49.0,0.795,24.256,377.0,5.934894195619588,78.0,0.0,2.6,8.0,25.6,0,0,0
41524,30.16647863453932,79.32056729356806,2023-07-23,0.0,0.0,0.0,-63.0,20.0,70.0,850.0,2.5,883.4,3.4,0.06,0.56,2.01,1950.0,100.0,0.0,0.5,3.0,0.0,0.0,1798.0,23.8887,277.27,-0.3,13.317,172.0,2.005,2.014,0.705,9.363,819.6,25.0,65.0,18.4,49.0,0.795,13.606,309.0,5.736572297479192,74.0,0.0,0.0,8.0,45.6,0,0,0
41568,30.139707962938164,79.39740500790347,2023-07-23,0.0,0.0,0.0,-68.0,20.0,70.0,850.0,2.5,883.4,3.4,0.06,0.56,2.01,1950.0,100.0,2.42,0.5,2.9,0.0,0.0,1495.0,23.6585,327.19,-1.077,13.519,3688.0,1.689,0.203,0.08,12.439,837.1,25.0,110.0,22.5,36.0,0.782,21.063,365.0,5.902633333401366,86.0,0.0,3.4,8.0,54.4,0,0,0
41115,30.23335470939085,79.4359047660662,2023-07-23,0.0,0.0,0.0,-68.0,20.0,70.0,850.0,2.5,883.4,3.4,0.06,0.56,2.01,1950.0,100.0,0.0,0.5,5.2,0.0,0.0,2015.0,26.9179,137.56,-1.341,15.902,148.0,2.149,2.288,0.801,9.076,954.0,25.0,65.0,18.4,49.0,0.795,16.608,303.0,5.717027701406222,67.0,0.0,13.4,8.0,29.1,0,0,0
41131,30.4776264295484,79.21349871523344,2023-07-23,0.0,0.0,0.0,-55.4,20.0,70.0,850.0,2.5,870.5,2.5,0.06,0.55,1.99,980.0,100.0,0.0,0.5,3.2,0.0,0.0,2920.0,13.7102,4.29,0.102,7.321,15.0,3.287,15.229,5.33,7.52,476.0,25.0,35.0,12.2,61.0,0.813,16.305,4.0,1.6094379124341003,1.0,0.0,0.0,8.0,17.4,0,0,0
40850,30.479338632090183,79.53882269709419,2023-07-23,0.0,0.0,0.0,-30.6,20.0,70.0,850.0,2.5,1801.4,6.4,2.77,12.02,0.0,1850.0,100.0,0.0,0.5,3.5,0.0,0.0,2886.0,55.3702,201.68,1.901,47.201,69.0,2.66,4.317,1.511,7.265,1650.0,25.0,35.0,12.2,61.0,0.813,2.895,442.0,6.093569770045136,92.0,0.0,7.6,8.0,24.4,0,0,0
41981,29.987706538384405,79.3451710810675,2023-07-23,0.0,0.0,0.0,-63.0,20.0,70.0,850.0,2.5,883.4,3.4,0.06,0.56,2.01,1950.0,100.0,0.0,0.5,3.1,0.0,0.0,1455.0,7.2049,149.71,-0.314,3.802,14.0,1.2,15.856,5.55,8.108,254.0,25.0,65.0,18.4,49.0,0.795,32.161,268.0,5.594711379601839,62.0,0.0,0.0,8.0,33.8,0,0,0
41449,30.21750381489133,79.26482948592376,2023-07-23,0.0,0.0,0.0,-42.5,20.0,70.0,850.0,2.5,779.8,4.8,0.08,0.7,2.53,5420.0,100.0,0.0,0.5,1.6,0.0,0.0,1270.0,15.8582,107.47,-0.454,8.566,1377.0,2.387,0.882,0.309,11.887,556.4,25.0,65.0,18.4,49.0,0.795,5.782,489.0,6.194405391104672,113.0,0.0,0.0,8.0,41.6,0,0,0
41613,30.09532693346275,79.42888666883623,2023-07-23,0.0,0.0,0.0,-68.0,20.0,70.0,850.0,2.5,883.4,3.4,0.06,0.56,2.01,1950.0,100.0,0.0,0.5,1.6,0.0,0.0,1390.0,21.4118,287.6,-0.617,11.875,233.0,1.355,1.567,0.548,9.788,748.2,25.0,65.0,18.4,49.0,0.795,26.718,98.0,4.59511985013459,26.0,0.0,0.0,8.0,26.4,0,0,0
41402,30.278298805004635,79.38013305435165,2023-07-23,0.0,0.0,0.0,-55.4,20.0,70.0,850.0,2.5,870.5,2.5,0.06,0.55,1.99,980.0,100.0,0.0,0.5,3.0,0.0,0.0,1287.0,30.1986,80.48,0.493,17.565,207.0,2.517,1.725,0.604,9.275,1025.8,25.0,65.0,18.4,49.0,0.795,9.078,336.0,5.820082930352362,77.0,0.0,0.0,8.0,28.4,0,0,0
40863,30.516988180054128,79.60632927549646,2023-07-23,0.0,0.0,0.0,-30.6,20.0,70.0,850.0,2.5,1801.4,6.4,2.77,12.02,0.0,1850.0,100.0,0.0,0.5,3.6,0.0,0.0,1920.0,41.4167,143.47,-1.981,28.944,1578.0,2.481,0.748,0.262,10.891,1427.9,25.0,65.0,18.4,49.0,0.795,4.122,451.0,6.113682179832232,100.0,0.0,0.0,8.0,24.9,0,0,0
41451,30.211072009175847,79.25520259026732,2023-07-23,0.0,0.0,0.0,-42.5,20.0,70.0,850.0,2.5,779.8,4.8,0.08,0.7,2.53,5420.0,100.0,0.0,0.5,4.0,0.0,0.0,1070.0,32.2094,120.27,-1.402,19.806,170.0,2.361,2.034,0.712,8.999,1125.8,25.0,65.0,18.4,49.0,0.795,5.942,83.0,4.430816798843313,19.0,0.0,0.0,8.0,36.1,0,0,0
41846,30.154288995581943,79.18897816468882,2023-07-23,0.0,0.0,0.0,-42.5,20.0,70.0,850.0,2.5,779.8,4.8,0.08,0.7,2.53,5420.0,100.0,0.0,0.5,3.1,0.0,0.0,1656.0,25.0249,339.89,-0.808,14.232,25.0,2.067,9.951,3.483,7.382,873.4,25.0,65.0,18.4,49.0,0.795,11.327,220.0,5.3981627015177525,44.0,0.0,0.0,8.0,33.1,0,0,0
41169,30.359256150955986,79.18693700291435,2023-07-23,0.0,0.0,0.0,-39.2,20.0,70.0,850.0,2.5,755.2,3.2,0.07,0.57,2.06,5580.0,100.0,0.0,0.5,3.6,0.0,0.0,2108.0,40.2751,315.58,-2.013,27.876,25.0,3.107,9.924,3.473,6.786,1397.0,25.0,65.0,18.4,49.0,0.795,11.329,577.0,6.359573868672378,119.0,0.0,0.0,8.0,36.9,0,0,0
40848,30.477384318793675,79.51164374486179,2023-07-23,0.0,0.0,0.0,-30.6,20.0,70.0,850.0,2.5,1376.2,1.7,0.06,0.52,1.89,2650.0,100.0,0.0,0.5,1.8,0.0,0.0,1607.0,56.8983,216.66,2.725,53.887,129.0,2.727,2.563,0.897,7.833,1650.0,25.0,65.0,18.4,49.0,0.795,4.468,112.0,4.727387818712341,25.0,0.0,8.0,8.0,46.2,0,0,0
41987,29.980936817039872,79.32325996928914,2023-07-23,0.0,0.0,0.0,-63.0,20.0,70.0,850.0,2.5,883.4,3.4,0.06,0.56,2.01,1950.0,100.0,0.0,0.5,1.8,0.0,0.0,1332.0,21.5082,169.94,-0.37,11.863,12.0,1.2,17.897,6.264,6.817,744.1,25.0,65.0,18.4,49.0,0.795,32.214,165.0,5.111987788356544,36.0,0.0,0.0,8.0,53.5,0,0,0
41209,30.347999724213285,79.19239105187702,2023-07-23,0.0,0.0,0.0,-39.2,20.0,70.0,850.0,2.5,755.2,3.2,0.07,0.57,2.06,5580.0,100.0,0.0,0.5,5.3,0.0,0.0,1614.0,31.9959,356.58,-0.191,18.76,28.0,3.068,9.102,3.186,7.204,1067.8,25.0,65.0,18.4,49.0,0.795,9.468,1531.0,7.3343293503005365,356.0,0.0,0.3,8.0,51.2,0,0,0
41208,30.35604098629094,79.19883955087681,2023-07-23,0.0,0.0,0.0,-39.2,20.0,70.0,850.0,2.5,755.2,3.2,0.07,0.57,2.06,5580.0,100.0,0.0,0.5,4.9,0.0,0.0,2034.0,38.665,0.57,0.038,24.005,28.0,3.093,9.148,3.202,6.956,1251.4,25.0,65.0,18.4,49.0,0.795,9.642,254.0,5.541263545158426,55.0,0.0,1.8,8.0,43.2,0,0,0
41070,30.270355972689508,79.44330128465211,2023-07-23,0.0,0.0,0.0,-55.4,20.0,70.0,850.0,2.5,870.5,2.5,0.06,0.55,1.99,980.0,100.0,0.0,0.5,2.6,0.0,0.0,1483.0,31.8479,153.85,-1.26,19.361,238.0,2.33,1.54,0.539,9.35,1108.5,25.0,65.0,18.4,49.0,0.795,13.836,831.0,6.723832440821209,195.0,1.7,3.3,8.0,42.1,0,0,0
41995,29.959066440854027,79.3071317560144,2023-07-24,0.0,0.0,0.0,-63.0,20.0,70.0,850.0,2.5,883.4,3.4,0.06,0.56,2.01,1950.0,100.0,0.0,0.5,3.1,0.0,0.0,1650.0,21.5671,193.39,0.486,11.928,10.0,1.2,20.741,7.259,6.632,749.5,25.0,65.0,18.4,49.0,0.795,34.178,138.0,4.9344739331306915,37.0,0.0,0.0,8.0,36.7,0,0,0
41137,30.41933473396241,79.19315049684252,2023-07-24,0.0,0.0,0.0,-39.2,20.0,70.0,850.0,2.5,870.5,2.5,0.06,0.55,1.99,980.0,100.0,0.0,0.5,2.3,0.0,0.0,2006.0,23.3273,2.43,0.099,12.94,17.0,3.252,13.58,4.753,7.076,795.1,25.0,65.0,18.4,49.0,0.795,14.956,37.0,3.6375861597263857,8.0,0.0,0.0,8.0,42.4,0,0,0
41626,30.09244961401243,79.40686015944775,2023-07-24,0.0,0.0,0.0,-68.0,20.0,70.0,850.0,2.5,883.4,3.4,0.06,0.56,2.01,1950.0,100.0,0.0,0.5,1.4,0.0,0.0,1746.0,25.8943,294.55,-0.979,14.908,95.0,1.391,3.306,1.157,8.678,907.6,25.0,65.0,18.4,49.0,0.795,25.401,195.0,5.278114659230517,51.0,0.0,0.0,8.0,20.1,0,0,0
40826,30.538302261139485,79.55177021699593,2023-07-24,0.0,0.0,0.0,-30.6,20.0,70.0,850.0,2.5,1376.2,1.7,0.06,0.52,1.89,2650.0,100.0,0.0,0.5,0.3,0.0,0.0,2768.0,23.775,196.13,0.635,13.348,234.0,2.567,1.562,0.547,9.676,826.8,25.0,35.0,12.2,61.0,0.813,3.358,299.0,5.703782474656201,36.0,,,8.0,26.5,0,0,0
41584,30.115640825325247,79.38268840229075,2023-07-24,0.0,0.0,0.0,-63.0,20.0,70.0,850.0,2.5,883.4,3.4,0.06,0.56,2.01,1950.0,100.0,0.0,0.5,3.1,0.0,0.0,1547.0,41.2847,260.26,0.688,26.651,101.0,1.579,3.123,1.093,8.146,1355.9,25.0,65.0,18.4,49.0,0.795,21.906,60.0,4.110873864173311,13.0,0.0,0.0,8.0,38.3,0,0,0
41996,29.96292024359954,79.31791155705417,2023-07-24,0.0,0.0,0.0,-63.0,20.0,70.0,850.0,2.5,883.4,3.4,0.06,0.56,2.01,1950.0,100.0,0.0,0.5,5.1,0.0,0.0,1697.0,17.0491,187.47,0.22,9.211,11.0,1.2,19.695,6.893,6.981,591.5,25.0,65.0,18.4,49.0,0.795,34.005,28.0,3.367295829986474,8.0,0.0,0.0,8.0,39.1,0,0,0
41229,30.32092403773256,79.17795811107419,2023-07-24,0.0,0.0,0.0,-39.2,20.0,70.0,850.0,2.5,755.2,3.2,0.07,0.57,2.06,5580.0,100.0,0.0,0.5,3.9,0.0,0.0,1304.0,23.7283,359.39,-0.025,13.187,48.0,2.967,5.788,2.026,8.094,805.6,25.0,65.0,18.4,49.0,0.795,7.171,62.0,4.143134726391533,18.0,0.0,0.0,8.0,39.6,0,0,0
40946,30.42955373613447,79.36559067939196,2023-07-24,0.0,0.0,0.0,-55.4,20.0,70.0,850.0,2.5,1007.8,2.8,0.06,0.5,1.79,740.0,100.0,0.0,0.5,3.1,0.0,0.0,1458.0,31.7396,81.29,0.475,18.661,74.0,3.047,4.04,1.414,8.186,1072.1,25.0,65.0,18.4,49.0,0.795,4.755,13.0,2.6390573296152584,3.0,0.0,25.0,8.0,41.6,0,0,0
40969,30.40242181481715,79.42246682499723,2023-07-24,0.0,0.0,0.0,-55.4,20.0,70.0,850.0,2.5,1007.8,2.8,0.06,0.5,1.79,740.0,100.0,0.0,0.5,1.4,0.0,0.0,1543.0,39.5175,72.5,1.133,25.527,725.0,2.872,1.316,0.461,10.18,1330.3,25.0,65.0,18.4,49.0,0.795,1.071,312.0,5.746203190540153,70.0,0.0,0.0,8.0,30.5,0,0,0
41278,30.275058783269987,79.15363927924709,2023-07-24,0.0,0.0,0.0,-38.0,20.0,70.0,850.0,2.5,755.2,3.2,0.07,0.57,2.06,5580.0,100.0,1.82,0.5,3.4,0.0,0.0,901.0,38.2973,295.79,-1.5,24.987,3780.0,2.755,0.18,0.08,11.875,1313.9,25.0,110.0,22.5,36.0,0.782,2.312,118.0,4.77912349311153,24.0,0.0,0.0,8.0,40.5,0,0,0
41639,30.077561932565818,79.44470444374083,2023-07-24,0.0,0.0,0.0,-68.0,20.0,70.0,850.0,2.5,1002.8,3.3,0.07,0.58,2.11,2180.0,100.0,0.0,0.5,2.8,0.0,0.0,1751.0,27.7311,301.79,-1.242,16.368,185.0,1.217,1.893,0.663,9.265,976.9,25.0,65.0,18.4,49.0,0.795,29.207,204.0,5.3230099791384085,49.0,0.0,0.0,8.0,44.7,0,0,0
41679,30.134781328633192,79.5151000598388,2023-07-24,0.0,0.0,0.0,-68.0,20.0,70.0,850.0,2.5,1002.8,3.3,0.07,0.58,2.11,2180.0,100.0,0.0,0.5,3.0,0.0,0.0,1861.0,41.0495,7.12,0.505,26.29,39.0,1.372,6.94,2.429,7.203,1340.0,25.0,65.0,18.4,49.0,0.795,30.018,203.0,5.318119993844216,35.0,0.0,20.0,8.0,43.2,0,0,0
40889,30.78412725256437,79.84745877204773,2023-07-24,0.0,0.0,0.0,-32.25,20.0,70.0,850.0,2.5,1832.2,4.2,0.08,0.69,2.5,1850.0,100.0,4.71,0.5,3.4,0.0,0.0,3973.0,40.7309,24.84,1.553,27.346,4500.0,1.2,0.0,0.0,11.963,1386.1,25.0,18.0,6.5,75.0,0.831,8.647,47.0,3.871201010907891,29.0,0.0,0.0,8.0,3.1,0,0,0
42041,29.950490438828894,79.4056963183277,2023-07-24,0.0,0.0,0.0,-68.0,20.0,70.0,850.0,2.5,1002.8,3.3,0.07,0.58,2.11,2180.0,100.0,0.0,0.5,3.7,0.0,0.0,1130.0,11.7527,134.37,-0.587,6.295,14.0,1.2,16.072,5.625,7.61,416.9,25.0,65.0,18.4,49.0,0.795,38.262,237.0,5.472270673671475,50.0,0.0,0.0,8.0,48.8,0,0,0
41319,30.204128735627588,79.19796306220482,2023-07-24,0.0,0.0,0.0,-42.5,20.0,70.0,850.0,2.5,779.8,4.8,0.08,0.7,2.53,5420.0,100.0,0.0,0.5,3.6,0.0,0.0,1678.0,19.2384,185.53,0.185,10.479,65.0,2.361,4.49,1.571,8.628,663.9,25.0,65.0,18.4,49.0,0.795,5.899,190.0,5.25227342804663,47.0,0.0,6.2,8.0,58.1,0,0,0
41312,30.22453876161636,79.11230450968745,2023-07-24,0.0,0.0,0.0,-38.0,20.0,70.0,850.0,2.5,755.2,3.2,0.07,0.57,2.06,5580.0,100.0,0.0,0.5,1.7,0.0,0.0,2219.0,27.8977,228.77,1.383,16.625,40.0,2.465,6.705,2.347,7.726,987.6,25.0,35.0,12.2,61.0,0.813,2.917,158.0,5.0689042022202315,36.0,0.0,2.8,8.0,22.0,0,0,0
41105,30.260409826647848,79.4005861709944,2023-07-24,0.0,0.0,0.0,-42.5,20.0,70.0,850.0,2.5,870.5,2.5,0.06,0.55,1.99,980.0,100.0,0.0,0.5,2.2,0.0,0.0,1598.0,28.8568,133.18,-1.44,17.367,209.0,2.38,1.715,0.6,9.339,1020.8,25.0,65.0,18.4,49.0,0.795,11.899,677.0,6.519147287940395,117.0,0.0,0.0,8.0,19.1,0,0,0
41274,30.28732808885682,79.12554527456061,2023-07-24,0.0,0.0,0.0,-38.0,20.0,70.0,850.0,2.5,755.2,3.2,0.07,0.57,2.06,5580.0,100.0,4.76,0.5,3.6,0.0,0.0,807.0,17.0038,295.14,-0.654,9.272,4496.0,2.806,0.001,0.001,12.997,600.2,25.0,110.0,22.5,36.0,0.782,3.906,231.0,5.44673737166631,60.0,1.7,0.0,8.0,37.5,0,0,0
40811,30.66670560378584,79.52491236150496,2023-07-24,0.0,0.0,0.0,-32.25,20.0,70.0,850.0,2.5,1832.2,4.2,0.08,0.69,2.5,1850.0,100.0,3.57,0.5,2.7,0.0,0.0,2419.0,51.3221,309.27,-2.515,42.995,4500.0,2.176,0.0,0.0,11.591,1650.0,25.0,35.0,12.2,61.0,0.813,6.091,609.0,6.413458957167357,132.0,0.0,8.4,8.0,61.1,0,0,0
40864,30.503732880154303,79.58843723514505,2023-07-24,0.0,0.0,0.0,-30.6,20.0,70.0,850.0,2.5,1801.4,6.4,2.77,12.02,0.0,1850.0,100.0,0.0,0.5,1.8,0.0,0.0,3118.0,25.5729,167.42,-0.544,14.462,239.0,2.533,1.534,0.537,9.615,882.1,25.0,35.0,12.2,61.0,0.813,1.952,792.0,6.675823221634848,195.0,0.0,17.1,8.0,22.3,0,0,0
41584,30.115640825325247,79.38268840229075,2023-08-13,78.0,78.0,78.0,15.0,19.5,86.0,825.8,2.5,883.4,3.4,0.06,0.56,2.01,1950.0,100.0,0.0,0.5,3.1,0.0,0.0,1547.0,41.2847,260.26,0.688,26.651,101.0,1.579,3.123,1.093,8.146,1355.9,25.0,65.0,18.4,49.0,0.795,21.906,60.0,4.110873864173311,13.0,0.0,0.0,8.0,38.3,0,0,0
41664,30.13129703337253,79.40385375354859,2023-08-13,132.4,132.4,132.4,64.4,20.0,70.0,850.0,2.5,883.4,3.4,0.06,0.56,2.01,1950.0,100.0,0.77,0.5,3.5,0.0,0.0,1529.0,33.4244,281.52,-0.654,20.01,2784.0,1.624,0.429,0.15,11.748,1130.5,25.0,110.0,22.5,36.0,0.782,22.169,229.0,5.438079308923196,54.0,0.0,0.0,8.0,45.8,0,0,0
41293,30.25785536117672,79.11789315641295,2023-08-13,44.0,44.0,44.0,6.0,26.2,82.0,914.8,2.2,755.2,3.2,0.07,0.57,2.06,5580.0,100.0,0.0,0.5,2.2,0.0,0.0,1760.0,33.3995,296.8,-1.344,20.655,98.0,2.652,3.217,1.126,8.403,1160.1,25.0,65.0,18.4,49.0,0.795,0.716,148.0,5.003946305945459,39.0,0.0,3.1,8.0,21.1,0,0,0
41145,30.38300846743501,79.17985371681925,2023-08-13,39.0,39.0,39.0,-0.2,20.0,70.0,850.0,2.5,755.2,3.2,0.07,0.57,2.06,5580.0,100.0,0.0,0.5,2.1,0.0,0.0,2081.0,18.1184,1.92,0.061,9.817,20.0,3.179,11.872,4.155,7.514,623.5,25.0,65.0,18.4,49.0,0.795,13.065,10.0,2.3978952727983707,2.0,0.0,0.0,8.0,47.7,0,0,0
41450,30.21632371141554,79.25610065439848,2023-08-13,52.0,52.0,52.0,9.5,25.0,84.0,908.8,1.9,779.8,4.8,0.08,0.7,2.53,5420.0,100.0,0.0,0.5,2.5,0.0,0.0,1069.0,15.9644,115.42,-0.619,8.664,230.0,2.39,1.584,0.554,10.091,563.7,25.0,65.0,18.4,49.0,0.795,5.455,335.0,5.817111159963204,82.0,0.0,0.0,8.0,41.8,0,0,0
40990,30.39347431022172,79.34439227252851,2023-08-13,45.2,45.2,45.2,-10.2,22.0,86.0,838.2,2.2,1007.8,2.8,0.06,0.5,1.79,740.0,100.0,0.0,0.5,2.7,0.0,0.0,1821.0,19.1014,119.39,-0.817,10.561,1617.0,3.023,0.722,0.253,11.85,675.9,25.0,65.0,18.4,49.0,0.795,2.907,472.0,6.159095388491933,87.0,0.0,2.5,8.0,44.0,0,0,0
41283,30.262098526953004,79.17509987455813,2023-08-13,52.0,52.0,52.0,9.5,25.0,84.0,908.8,1.9,779.8,4.8,0.08,0.7,2.53,5420.0,100.0,3.5,0.5,1.1,0.0,0.0,1202.0,28.7897,290.68,-0.951,16.854,4384.0,2.69,0.029,0.029,12.386,999.8,25.0,110.0,22.5,36.0,0.782,0.698,501.0,6.218600119691729,110.0,0.0,0.9,8.0,52.8,0,0,0
40953,30.413125059332053,79.35778460940922,2023-08-13,45.2,45.2,45.2,-10.2,22.0,86.0,838.2,2.2,1007.8,2.8,0.06,0.5,1.79,740.0,100.0,0.0,0.5,3.3,0.0,0.0,1078.0,31.7615,32.71,1.444,19.517,134.0,3.037,2.482,0.869,8.779,1113.6,25.0,65.0,18.4,49.0,0.795,3.801,209.0,5.3471075307174685,43.0,0.0,0.0,8.0,50.1,0,0,0
40949,30.41947391972552,79.35760864580934,2023-08-13,45.2,45.2,45.2,-10.2,22.0,86.0,838.2,2.2,1007.8,2.8,0.06,0.5,1.79,740.0,100.0,0.0,0.5,2.1,0.0,0.0,1238.0,12.9724,88.8,0.027,6.911,100.0,3.048,3.166,1.108,9.474,449.4,25.0,65.0,18.4,49.0,0.795,4.364,346.0,5.849324779946859,80.0,0.0,1.2,8.0,50.1,0,0,0
40829,30.51963361883869,79.3788805047031,2023-08-13,45.2,45.2,45.2,-10.2,22.0,86.0,838.2,2.2,1007.8,2.8,0.06,0.5,1.79,740.0,100.0,0.0,0.5,1.3,0.0,0.0,2833.0,36.2435,244.48,1.409,23.057,25.0,3.015,10.0,3.5,6.931,1249.1,25.0,35.0,12.2,61.0,0.813,5.172,311.0,5.7430031878094825,68.0,0.0,3.1,8.0,62.5,0,0,0
41575,30.13308449917795,79.39101675664175,2023-08-13,132.4,132.4,132.4,64.4,20.0,70.0,850.0,2.5,883.4,3.4,0.06,0.56,2.01,1950.0,100.0,0.0,0.5,1.8,0.0,0.0,1045.0,40.6368,330.06,-1.757,27.662,949.0,1.664,1.167,0.408,10.41,1394.1,25.0,65.0,18.4,49.0,0.795,21.132,408.0,6.013715156042802,91.0,0.0,1.1,8.0,54.3,0,0,0
41987,29.980936817039872,79.32325996928914,2023-08-13,78.0,78.0,78.0,15.0,19.5,86.0,825.8,2.5,883.4,3.4,0.06,0.56,2.01,1950.0,100.0,0.0,0.5,1.8,0.0,0.0,1332.0,21.5082,169.94,-0.37,11.863,12.0,1.2,17.897,6.264,6.817,744.1,25.0,65.0,18.4,49.0,0.795,32.214,165.0,5.111987788356544,36.0,0.0,0.0,8.0,53.5,0,0,0
41626,30.09244961401243,79.40686015944775,2023-08-13,132.4,132.4,132.4,64.4,20.0,70.0,850.0,2.5,883.4,3.4,0.06,0.56,2.01,1950.0,100.0,0.0,0.5,1.4,0.0,0.0,1746.0,25.8943,294.55,-0.979,14.908,95.0,1.391,3.306,1.157,8.678,907.6,25.0,65.0,18.4,49.0,0.795,25.401,195.0,5.278114659230517,51.0,0.0,0.0,8.0,20.1,0,0,0
41248,30.28197316057293,79.19224363784184,2023-08-13,52.0,52.0,52.0,9.5,25.0,84.0,908.8,1.9,779.8,4.8,0.08,0.7,2.53,5420.0,100.0,0.0,0.5,2.7,0.0,0.0,1182.0,33.1536,291.37,-1.125,20.207,120.0,2.787,2.722,0.953,8.615,1143.0,25.0,65.0,18.4,49.0,0.795,2.748,180.0,5.198497031265826,35.0,0.0,0.0,8.0,37.9,0,0,0
40972,30.37435420002104,79.42856362615771,2023-08-13,45.2,45.2,45.2,-10.2,22.0,86.0,838.2,2.2,1007.8,2.8,0.06,0.5,1.79,740.0,100.0,0.51,0.5,3.9,0.0,0.0,1441.0,22.6207,91.58,-0.062,12.502,2920.0,2.788,0.395,0.138,12.256,771.2,25.0,110.0,22.5,36.0,0.782,3.885,559.0,6.327936783729195,125.0,0.0,4.3,8.0,15.9,0,0,0
41975,30.01282476192328,79.34303470822543,2023-08-13,78.0,78.0,78.0,15.0,19.5,86.0,825.8,2.5,883.4,3.4,0.06,0.56,2.01,1950.0,100.0,0.0,0.5,4.1,0.0,0.0,1560.0,51.0655,130.53,-2.522,42.631,16.0,1.2,14.008,4.903,5.96,1650.0,25.0,65.0,18.4,49.0,0.795,29.486,26.0,3.295836866004329,4.0,0.0,0.0,8.0,23.6,0,0,0
41996,29.96292024359954,79.31791155705417,2023-08-13,78.0,78.0,78.0,15.0,19.5,86.0,825.8,2.5,883.4,3.4,0.06,0.56,2.01,1950.0,100.0,0.0,0.5,5.1,0.0,0.0,1697.0,17.0491,187.47,0.22,9.211,11.0,1.2,19.695,6.893,6.981,591.5,25.0,65.0,18.4,49.0,0.795,34.005,28.0,3.367295829986474,8.0,0.0,0.0,8.0,39.1,0,0,0
41392,30.299928789179653,79.35892507695705,2023-08-13,45.2,45.2,45.2,-10.2,22.0,86.0,838.2,2.2,870.5,2.5,0.06,0.55,1.99,980.0,100.0,0.0,0.5,1.5,0.0,0.0,1166.0,26.4287,60.96,1.122,15.373,459.0,2.665,1.494,0.523,10.229,930.1,25.0,65.0,18.4,49.0,0.795,5.914,394.0,5.978885764901122,107.0,1.0,7.8,8.0,73.5,0,0,0
41095,30.23925897008987,79.58617130225704,2023-08-13,145.0,145.0,145.0,72.0,20.0,70.0,850.0,2.5,1002.8,3.3,0.07,0.58,2.11,2180.0,100.0,0.0,0.5,1.2,0.0,0.0,2645.0,21.6527,92.11,-0.08,11.912,82.0,1.819,3.732,1.306,8.732,740.3,25.0,35.0,12.2,61.0,0.813,23.457,248.0,5.517452896464707,52.0,0.0,0.0,8.0,17.8,0,0,0
40973,30.373096107571342,79.44472077600474,2023-08-13,45.2,45.2,45.2,-10.2,22.0,86.0,838.2,2.2,1007.8,2.8,0.06,0.5,1.79,740.0,100.0,0.0,0.5,3.6,0.0,0.0,1659.0,20.424,91.2,-0.043,11.172,1717.0,2.745,0.655,0.229,11.837,699.1,25.0,65.0,18.4,49.0,0.795,4.979,580.0,6.364750756851911,113.0,0.0,15.0,8.0,15.8,0,0,0
41742,30.076344572309075,79.54885355208734,2023-08-14,0.0,132.4,132.4,-68.0,20.0,70.0,850.0,2.5,1002.8,3.3,0.07,0.58,2.11,2180.0,100.0,0.0,0.5,2.4,0.0,0.0,2254.0,38.2267,69.6,1.249,24.535,970.0,1.2,1.153,0.404,10.517,1299.4,25.0,35.0,12.2,61.0,0.813,37.166,713.0,6.570882962339584,152.0,0.0,1.3,8.0,20.0,0,0,0
41083,30.278695037696767,79.52769519687465,2023-08-14,0.0,132.4,132.4,-68.0,20.0,70.0,850.0,2.5,1007.8,2.8,0.06,0.5,1.79,740.0,100.0,0.0,0.5,2.2,0.0,0.0,2110.0,24.8144,149.53,-1.085,14.273,236.0,2.162,1.55,0.542,9.636,875.8,25.0,65.0,18.4,49.0,0.795,18.251,309.0,5.736572297479192,66.0,0.0,3.0,8.0,39.4,0,0,0
40951,30.43023434795131,79.34017937926629,2023-08-14,0.0,45.2,45.2,-55.4,20.0,70.0,850.0,2.5,1007.8,2.8,0.06,0.5,1.79,740.0,100.0,0.0,0.5,1.8,0.0,0.0,1667.0,22.4492,344.61,-0.574,12.497,61.0,3.098,4.766,1.668,8.396,781.3,25.0,65.0,18.4,49.0,0.795,6.362,1319.0,7.1853870155804165,256.0,0.0,0.0,8.0,50.0,0,0,0
41540,30.147937926986057,79.37376801643373,2023-08-14,0.0,78.0,78.0,-63.0,20.0,70.0,850.0,2.5,883.4,3.4,0.06,0.56,2.01,1950.0,100.0,0.0,0.5,3.1,0.0,0.0,1144.0,41.4167,296.69,-1.662,28.233,1419.0,1.79,0.854,0.299,10.784,1411.0,25.0,65.0,18.4,49.0,0.795,18.77,139.0,4.941642422609304,30.0,0.0,6.5,8.0,57.8,0,0,0
40811,30.66670560378584,79.52491236150496,2023-08-14,0.0,29.5,29.5,-32.25,20.0,70.0,850.0,2.5,1832.2,4.2,0.08,0.69,2.5,1850.0,100.0,3.57,0.5,2.7,0.0,0.0,2419.0,51.3221,309.27,-2.515,42.995,4500.0,2.176,0.0,0.0,11.591,1650.0,25.0,35.0,12.2,61.0,0.813,6.091,609.0,6.413458957167357,132.0,0.0,8.4,8.0,61.1,0,0,0
41229,30.32092403773256,79.17795811107419,2023-08-14,0.0,39.0,39.0,-39.2,20.0,70.0,850.0,2.5,755.2,3.2,0.07,0.57,2.06,5580.0,100.0,0.0,0.5,3.9,0.0,0.0,1304.0,23.7283,359.39,-0.025,13.187,48.0,2.967,5.788,2.026,8.094,805.6,25.0,65.0,18.4,49.0,0.795,7.171,62.0,4.143134726391533,18.0,0.0,0.0,8.0,39.6,0,0,0
40825,30.54784320898849,79.54116573164018,2023-08-14,0.0,32.0,32.0,-32.0,20.0,70.0,850.0,2.5,1376.2,1.7,0.06,0.52,1.89,2650.0,100.0,0.9,0.5,1.4,0.0,0.0,2165.0,26.7973,243.47,1.071,15.581,1906.0,2.573,0.529,0.185,11.637,940.3,25.0,65.0,18.4,49.0,0.795,3.721,15.0,2.772588722239781,8.0,0.0,0.0,8.0,32.2,0,0,0
40869,30.44555489491737,79.62135929972446,2023-08-14,0.0,31.0,31.0,-30.6,20.0,70.0,850.0,2.5,1801.4,6.4,2.77,12.02,0.0,1850.0,100.0,0.0,0.5,3.1,0.0,0.0,3320.0,22.0105,173.57,-0.245,12.145,62.0,2.468,4.693,1.643,8.434,756.9,25.0,18.0,6.5,75.0,0.831,1.884,97.0,4.584967478670572,24.0,4.3,4.3,8.0,16.9,0,0,0
41876,30.13424637913424,79.27461901981376,2023-08-14,0.0,78.0,78.0,-63.0,20.0,70.0,850.0,2.5,883.4,3.4,0.06,0.56,2.01,1950.0,100.0,0.0,0.5,2.4,0.0,0.0,2123.0,37.962,337.35,-1.349,24.448,35.0,1.881,7.444,2.605,7.205,1296.7,25.0,65.0,18.4,49.0,0.795,14.588,781.0,6.661854740545311,149.0,0.0,0.6,8.0,73.1,0,0,0
41559,30.15765256559406,79.38962767084473,2023-08-14,0.0,132.4,132.4,-68.0,20.0,70.0,850.0,2.5,883.4,3.4,0.06,0.56,2.01,1950.0,100.0,0.0,0.5,1.0,0.0,0.0,1409.0,38.4604,322.45,-1.858,25.804,1342.0,1.814,0.905,0.317,10.833,1336.4,25.0,65.0,18.4,49.0,0.795,19.123,159.0,5.075173815233827,33.0,5.7,14.3,8.0,43.5,0,0,0
40943,30.422182683973645,79.37913763525685,2023-08-14,0.0,45.2,45.2,-55.4,20.0,70.0,850.0,2.5,1007.8,2.8,0.06,0.5,1.79,740.0,100.0,0.0,0.5,1.9,0.0,0.0,1313.0,31.4887,93.7,-0.203,18.395,111.0,3.007,2.903,1.016,8.601,1053.1,25.0,65.0,18.4,49.0,0.795,3.288,1022.0,6.930494765951626,266.0,0.4,1.2,8.0,60.6,0,0,0
41148,30.385058805669008,79.21410215846424,2023-08-14,0.0,39.0,39.0,-39.2,20.0,70.0,850.0,2.5,870.5,2.5,0.06,0.55,1.99,980.0,100.0,0.0,0.5,1.0,0.0,0.0,1316.0,22.4956,20.3,0.732,12.589,23.0,3.172,10.58,3.703,7.418,787.6,25.0,65.0,18.4,49.0,0.795,10.829,272.0,5.60947179518496,66.0,0.0,3.0,8.0,47.1,0,0,0
41887,30.135846436901044,79.2491678766901,2023-08-14,0.0,78.0,78.0,-63.0,20.0,70.0,850.0,2.5,883.4,3.4,0.06,0.56,2.01,1950.0,100.0,0.0,0.5,4.1,0.0,0.0,1455.0,43.0683,332.24,-1.775,30.17,29.0,1.919,8.865,3.103,6.836,1462.7,25.0,65.0,18.4,49.0,0.795,13.886,201.0,5.308267697401205,34.0,0.0,0.0,8.0,30.4,0,0,0
41576,30.125330127987933,79.37379917176054,2023-08-14,0.0,78.0,78.0,-63.0,20.0,70.0,850.0,2.5,883.4,3.4,0.06,0.56,2.01,1950.0,100.0,0.0,0.5,2.4,0.0,0.0,1585.0,5.5414,324.67,-0.261,2.915,109.0,1.655,2.948,1.032,10.425,195.1,25.0,65.0,18.4,49.0,0.795,20.531,1122.0,7.023758954738443,226.0,0.0,2.2,8.0,41.6,0,0,0
41692,30.08299929018119,79.50320138342259,2023-08-14,0.0,132.4,132.4,-68.0,20.0,70.0,850.0,2.5,1002.8,3.3,0.07,0.58,2.11,2180.0,100.0,0.0,0.5,2.7,0.0,0.0,1341.0,32.5484,20.84,1.082,19.7,907.0,1.2,1.195,0.418,10.66,1122.6,25.0,65.0,18.4,49.0,0.795,32.875,37.0,3.6375861597263857,7.0,0.0,0.0,8.0,45.9,0,0,0
41458,30.20076988001305,79.23590311841768,2023-08-14,0.0,52.0,52.0,-42.5,20.0,70.0,850.0,2.5,779.8,4.8,0.08,0.7,2.53,5420.0,100.0,0.0,0.5,1.5,0.0,0.0,1243.0,26.4287,147.97,-1.188,15.428,81.0,2.319,3.774,1.321,8.495,932.5,25.0,65.0,18.4,49.0,0.795,6.591,292.0,5.680172609017068,67.0,0.0,2.9,8.0,33.9,0,0,0
41588,30.11165913048076,79.4007700046937,2023-08-14,0.0,132.4,132.4,-68.0,20.0,70.0,850.0,2.5,883.4,3.4,0.06,0.56,2.01,1950.0,100.0,0.0,0.5,0.9,0.0,0.0,1381.0,22.0024,265.77,0.162,12.13,155.0,1.515,2.199,0.77,9.351,754.1,25.0,65.0,18.4,49.0,0.795,23.481,486.0,6.18826412308259,103.0,0.0,4.9,8.0,31.9,0,0,0
41049,30.30320793639148,79.39607386728191,2023-08-14,0.0,45.2,45.2,-55.4,20.0,70.0,850.0,2.5,870.5,2.5,0.06,0.55,1.99,980.0,100.0,0.0,0.5,3.2,0.0,0.0,1716.0,14.1888,139.68,-0.7,7.677,697.0,2.6,1.335,0.467,11.323,504.0,25.0,65.0,18.4,49.0,0.795,8.099,928.0,6.834108738813838,219.0,0.0,0.0,8.0,78.9,0,0,0
41641,30.07743621798545,79.4554312150933,2023-08-14,0.0,132.4,132.4,-68.0,20.0,70.0,850.0,2.5,1002.8,3.3,0.07,0.58,2.11,2180.0,100.0,0.0,0.5,1.7,0.0,0.0,1334.0,39.6413,305.47,-1.873,26.946,877.0,1.2,1.215,0.425,10.366,1371.6,25.0,65.0,18.4,49.0,0.795,29.967,15.0,2.772588722239781,4.0,0.0,0.0,8.0,47.8,0,0,0
40880,30.484065293467324,79.7437799322399,2023-08-14,0.0,31.0,31.0,-30.6,20.0,70.0,850.0,2.5,1801.4,6.4,2.77,12.02,0.0,1850.0,100.0,0.0,0.5,2.2,0.0,0.0,3595.0,40.8168,74.74,1.036,26.597,1360.0,2.316,0.893,0.313,10.763,1361.5,25.0,18.0,6.5,75.0,0.831,3.66,305.0,5.723585101952381,84.0,0.0,9.3,8.0,45.6,0,0,0
41165,30.37447450869361,79.16929270476516,2024-07-20,68.0,68.0,68.0,28.8,20.0,70.0,850.0,2.5,755.2,3.2,0.07,0.57,2.06,5580.0,100.0,0.0,0.499,3.2,0.0,0.0,2191.0,29.9673,306.11,-1.427,18.157,23.0,3.156,10.537,3.688,7.087,1056.0,25.0,65.0,18.4,49.0,0.795,13.16,524.0,6.263398262591624,105.0,0.0,1.0,8.0,43.4,0,0,0
41280,30.2682653555357,79.1533396009407,2024-07-20,68.4,68.4,68.4,30.4,24.5,87.0,911.2,3.1,755.2,3.2,0.07,0.57,2.06,5580.0,100.0,0.68,0.446,2.4,0.0,0.0,1219.0,26.1307,292.07,-0.91,15.018,2540.0,2.721,0.49,0.171,11.953,912.9,25.0,110.0,22.5,36.0,0.782,1.564,161.0,5.087596335232384,41.0,0.0,5.0,8.0,34.4,0,0,0
40955,30.41329126721236,79.37620386850742,2024-07-20,95.0,95.0,95.0,39.6,20.8,92.0,835.0,3.6,1007.8,2.8,0.06,0.5,1.79,740.0,100.0,0.0,0.5,0.0,0.0,0.0,1091.0,16.4654,43.95,0.823,9.016,171.0,2.999,2.026,0.709,9.762,585.5,25.0,65.0,18.4,49.0,0.795,2.693,300.0,5.707110264748875,56.0,1.8,21.1,8.0,44.5,0,0,0
41450,30.21632371141554,79.25610065439848,2024-07-20,72.0,72.0,72.0,29.5,23.5,88.0,905.2,2.8,779.8,4.8,0.08,0.7,2.53,5420.0,100.0,0.0,0.45,2.5,0.0,0.0,1069.0,15.9644,115.42,-0.619,8.664,230.0,2.39,1.584,0.554,10.091,563.7,25.0,65.0,18.4,49.0,0.795,5.455,335.0,5.817111159963204,82.0,0.0,0.0,8.0,41.8,0,0,0
41117,30.23589240681273,79.46819468275037,2024-07-20,86.0,86.0,86.0,18.0,20.0,70.0,850.0,2.5,883.4,3.4,0.06,0.56,2.01,1950.0,100.0,0.0,0.5,0.0,0.0,0.0,2180.0,27.2314,131.9,-1.354,16.131,3032.0,2.084,0.367,0.128,12.082,964.7,25.0,65.0,18.4,49.0,0.795,18.354,1577.0,7.363913501405819,296.0,0.0,0.7,8.0,28.0,0,0,0
40978,30.371147822990427,79.48706882158942,2024-07-20,95.0,95.0,95.0,39.6,20.8,92.0,835.0,3.6,1007.8,2.8,0.06,0.5,1.79,740.0,100.0,0.0,0.5,0.0,0.0,0.0,1503.0,12.0533,93.41,-0.072,6.407,807.0,2.634,1.262,0.442,11.639,418.8,25.0,65.0,18.4,49.0,0.795,7.708,965.0,6.873163834212518,182.0,0.0,8.1,8.0,12.3,0,0,0
40923,30.425858615643023,79.30350508109791,2024-07-20,95.0,95.0,95.0,39.6,20.8,92.0,835.0,3.6,1007.8,2.8,0.06,0.5,1.79,740.0,100.0,0.0,0.5,0.0,0.0,0.0,1362.0,34.1381,322.3,-1.652,21.684,53.0,3.156,5.328,1.865,7.76,1196.5,25.0,65.0,18.4,49.0,0.795,8.216,241.0,5.488937726156687,51.0,3.9,2.0,8.0,57.4,0,0,0
41244,30.29719590867641,79.19810110927844,2024-07-20,72.0,72.0,72.0,29.5,23.5,88.0,905.2,2.8,779.8,4.8,0.08,0.7,2.53,5420.0,100.0,0.0,0.463,2.6,0.0,0.0,1416.0,28.9033,308.51,-1.408,17.365,66.0,2.858,4.476,1.567,8.185,1021.1,25.0,65.0,18.4,49.0,0.795,4.379,378.0,5.937536205082426,87.0,0.0,2.2,8.0,30.4,0,0,0
41963,29.98832432209524,79.26471013294447,2024-07-20,75.0,75.0,75.0,12.0,18.0,90.0,822.5,3.2,883.4,3.4,0.06,0.56,2.01,1950.0,100.0,0.0,0.489,1.3,0.0,0.0,1639.0,33.0312,191.92,0.668,19.722,10.0,1.2,21.557,7.545,6.134,1119.3,25.0,65.0,18.4,49.0,0.795,30.302,83.0,4.430816798843313,16.0,0.0,0.0,8.0,50.7,0,0,0
41978,30.00150148803339,79.31066822297952,2024-07-20,75.0,75.0,75.0,12.0,18.0,90.0,822.5,3.2,883.4,3.4,0.06,0.56,2.01,1950.0,100.0,0.0,0.449,2.0,0.0,0.0,1439.0,26.0089,160.69,-0.812,14.877,13.0,1.2,17.127,5.994,6.684,905.5,25.0,65.0,18.4,49.0,0.795,29.691,116.0,4.762173934797756,23.0,0.0,0.0,8.0,35.2,0,0,0
40833,30.508108739319347,79.45902384310627,2024-07-20,92.5,92.5,92.5,61.9,13.2,95.0,727.0,4.8,1376.2,1.7,0.06,0.52,1.89,2650.0,100.0,0.0,0.349,2.4,0.0,0.0,2020.0,39.7671,235.47,1.857,27.033,88.0,2.84,3.502,1.226,8.062,1374.4,25.0,65.0,18.4,49.0,0.795,3.444,201.0,5.308267697401205,40.0,0.0,2.5,8.0,43.3,0,0,0
41514,30.192295097725648,79.38773102717431,2024-07-20,72.0,72.0,72.0,29.5,23.5,88.0,905.2,2.8,883.4,3.4,0.06,0.56,2.01,1950.0,100.0,0.0,0.479,0.6,0.0,0.0,1992.0,35.831,286.45,-0.973,22.168,75.0,2.025,4.014,1.405,8.044,1216.4,25.0,65.0,18.4,49.0,0.795,16.296,73.0,4.30406509320417,17.0,0.0,0.0,8.0,42.2,0,0,0
41291,30.254579311640978,79.10354989928126,2024-07-20,68.4,68.4,68.4,30.4,24.5,87.0,911.2,3.1,755.2,3.2,0.07,0.57,2.06,5580.0,100.0,0.0,0.437,1.4,0.0,0.0,2237.0,38.985,293.33,-1.418,25.472,71.0,2.625,4.203,1.471,7.875,1329.6,25.0,35.0,12.2,61.0,0.813,0.476,168.0,5.1298987149230735,33.0,0.0,0.0,8.0,35.6,0,0,0
41054,30.291957121517463,79.39855176121874,2024-07-20,95.0,95.0,95.0,39.6,20.8,92.0,835.0,3.6,870.5,2.5,0.06,0.55,1.99,980.0,100.0,0.0,0.5,0.0,0.0,0.0,1599.0,13.6912,146.61,-0.629,7.38,1765.0,2.542,0.623,0.218,12.289,485.3,25.0,65.0,18.4,49.0,0.795,9.229,173.0,5.159055299214529,30.0,0.0,0.0,8.0,28.4,0,0,0
41385,30.32366793100808,79.31479162387677,2024-07-20,95.0,95.0,95.0,39.6,20.8,92.0,835.0,3.6,870.5,2.5,0.06,0.55,1.99,980.0,100.0,0.0,0.451,4.5,0.0,0.0,1203.0,22.279,36.11,1.061,12.632,1114.0,2.85,1.057,0.37,11.309,790.4,25.0,65.0,18.4,49.0,0.795,0.983,97.0,4.584967478670572,19.0,0.0,0.0,8.0,45.9,0,0,0
40971,30.40130988370373,79.4051176233213,2024-07-20,95.0,95.0,95.0,39.6,20.8,92.0,835.0,3.6,1007.8,2.8,0.06,0.5,1.79,740.0,100.0,0.0,0.5,0.0,0.0,0.0,1516.0,31.4503,75.0,0.786,18.629,4500.0,2.911,0.0,0.0,12.305,1076.3,25.0,110.0,22.5,36.0,0.782,0.111,295.0,5.69035945432406,66.0,0.0,0.0,8.0,24.0,0,0,0
41664,30.13129703337253,79.40385375354859,2024-07-20,86.0,86.0,86.0,18.0,20.0,70.0,850.0,2.5,883.4,3.4,0.06,0.56,2.01,1950.0,100.0,0.85,0.505,1.1,0.0,0.0,1529.0,33.4244,281.52,-0.654,20.01,2784.0,1.624,0.429,0.15,11.748,1130.5,25.0,110.0,22.5,36.0,0.782,22.169,229.0,5.438079308923196,54.0,0.0,0.0,8.0,45.8,0,0,0
41644,30.06946504196093,79.46425914340757,2024-07-20,86.0,86.0,86.0,18.0,20.0,70.0,850.0,2.5,1002.8,3.3,0.07,0.58,2.11,2180.0,100.0,0.0,0.474,4.0,0.0,0.0,1949.0,25.7911,298.14,-1.073,14.908,212.0,1.2,1.691,0.592,9.485,907.5,25.0,65.0,18.4,49.0,0.795,31.205,91.0,4.5217885770490405,22.0,0.0,0.0,8.0,39.3,0,0,0
41837,30.18621125190821,79.18681239319949,2024-07-20,72.0,72.0,72.0,29.5,23.5,88.0,905.2,2.8,779.8,4.8,0.08,0.7,2.53,5420.0,100.0,0.0,0.526,2.2,0.0,0.0,1678.0,16.713,337.62,-0.588,9.085,40.0,2.259,6.748,2.362,8.293,588.7,25.0,65.0,18.4,49.0,0.795,7.783,204.0,5.3230099791384085,51.0,0.0,4.0,8.0,37.0,0,0,0
41079,30.291738538282527,79.4958065772507,2024-07-20,95.0,95.0,95.0,39.6,20.8,92.0,835.0,3.6,1007.8,2.8,0.06,0.5,1.79,740.0,100.0,0.0,0.5,0.0,0.0,0.0,2222.0,33.3693,147.14,-1.521,20.87,62.0,2.304,4.721,1.652,7.946,1167.0,25.0,35.0,12.2,61.0,0.813,15.173,33.0,3.5263605246161616,8.0,0.0,0.0,8.0,32.4,0,0,0
41578,30.12124414513304,79.38487885214677,2024-08-01,92.0,92.0,92.0,29.0,18.8,89.0,824.0,3.0,880.3,0.3,0.35,2.31,4.25,1410.0,75.5,0.0,0.631,2.9,0.0,0.0,1296.0,13.7844,327.0,-0.63,7.433,131.0,1.607,2.528,0.885,9.682,488.5,25.0,65.0,18.4,49.0,0.795,21.623,39.0,3.6888794541139363,9.0,0.0,10.0,8.0,45.1,0,0,0
41753,30.06298647641107,79.56612177450485,2024-08-01,175.0,175.0,175.0,102.0,20.0,70.0,850.0,2.5,1000.1,0.6,0.39,2.62,4.81,1550.0,78.3,2.18,0.723,0.8,0.0,0.0,1882.0,35.2356,94.05,-0.248,21.223,3764.0,1.2,0.184,0.08,11.982,1165.3,25.0,65.0,18.4,49.0,0.795,39.382,171.0,5.147494476813453,33.0,0.0,0.0,8.0,15.0,0,0,0
41524,30.16647863453932,79.32056729356806,2024-08-01,92.0,92.0,92.0,29.0,18.8,89.0,824.0,3.0,880.3,0.3,0.35,2.31,4.25,1410.0,75.5,0.0,0.669,3.1,0.0,0.0,1798.0,23.8887,277.27,-0.3,13.317,172.0,2.005,2.014,0.705,9.363,819.6,25.0,65.0,18.4,49.0,0.795,13.606,309.0,5.736572297479192,74.0,0.0,0.0,8.0,45.6,0,0,0
41641,30.07743621798545,79.4554312150933,2024-08-01,168.0,168.0,168.0,100.0,20.0,70.0,850.0,2.5,1000.1,0.6,0.39,2.62,4.81,1550.0,78.3,0.0,0.666,2.1,0.0,0.0,1334.0,39.6413,305.47,-1.873,26.946,877.0,1.2,1.215,0.425,10.366,1371.6,25.0,65.0,18.4,49.0,0.795,29.967,15.0,2.772588722239781,4.0,0.0,0.0,8.0,47.8,0,0,0
41919,30.031319881576803,79.27275424658264,2024-08-01,92.0,92.0,92.0,29.0,18.8,89.0,824.0,3.0,880.3,0.3,0.35,2.31,4.25,1410.0,75.5,0.0,0.647,2.6,0.0,0.0,1664.0,2.1495,225.2,0.107,1.126,13.0,1.317,17.134,5.997,9.249,75.3,25.0,65.0,18.4,49.0,0.795,25.683,775.0,6.654152520183219,154.0,0.0,2.5,8.0,28.4,0,0,0
41340,30.24251964686414,79.23263122564302,2024-08-01,76.0,76.0,76.0,33.5,24.0,89.0,907.0,2.5,774.1,0.0,0.28,1.85,3.4,2950.0,74.8,0.0,0.622,3.5,0.0,0.0,1199.0,32.8321,149.15,-1.445,20.343,1791.0,2.559,0.606,0.212,11.33,1147.0,25.0,65.0,18.4,49.0,0.795,1.954,78.0,4.3694478524670215,16.0,0.0,0.0,8.0,36.2,0,0,0
41650,30.16173048777464,79.43965684292766,2024-08-01,168.0,168.0,168.0,100.0,20.0,70.0,850.0,2.5,880.3,0.3,0.35,2.31,4.25,1410.0,75.5,0.0,0.608,3.2,0.0,0.0,2021.0,30.5985,291.66,-1.05,18.223,66.0,1.72,4.442,1.555,8.116,1060.8,25.0,65.0,18.4,49.0,0.795,22.305,277.0,5.627621113690637,52.0,0.0,0.0,8.0,20.7,0,0,0
41209,30.347999724213285,79.19239105187702,2024-08-01,65.0,65.0,65.0,25.8,20.0,70.0,850.0,2.5,755.2,3.2,0.07,0.57,2.06,5580.0,100.0,0.0,0.666,3.4,0.0,0.0,1614.0,31.9959,356.58,-0.191,18.76,28.0,3.068,9.102,3.186,7.204,1067.8,25.0,65.0,18.4,49.0,0.795,9.468,1531.0,7.3343293503005365,356.0,0.0,0.3,8.0,51.2,0,0,0
41319,30.204128735627588,79.19796306220482,2024-08-01,76.0,76.0,76.0,33.5,24.0,89.0,907.0,2.5,774.1,0.0,0.28,1.85,3.4,2950.0,74.8,0.0,0.718,2.4,0.0,0.0,1678.0,19.2384,185.53,0.185,10.479,65.0,2.361,4.49,1.571,8.628,663.9,25.0,65.0,18.4,49.0,0.795,5.899,190.0,5.25227342804663,47.0,0.0,6.2,8.0,58.1,0,0,0
41613,30.09532693346275,79.42888666883623,2024-08-01,168.0,168.0,168.0,100.0,20.0,70.0,850.0,2.5,880.3,0.3,0.35,2.31,4.25,1410.0,75.5,0.0,0.62,2.2,0.0,0.0,1390.0,21.4118,287.6,-0.617,11.875,233.0,1.355,1.567,0.548,9.788,748.2,25.0,65.0,18.4,49.0,0.795,26.718,98.0,4.59511985013459,26.0,0.0,0.0,8.0,26.4,0,0,0
41530,30.146284854763124,79.32568484143829,2024-08-01,92.0,92.0,92.0,29.0,18.8,89.0,824.0,3.0,880.3,0.3,0.35,2.31,4.25,1410.0,75.5,0.0,0.724,0.8,0.0,0.0,1688.0,36.1613,278.64,-0.537,22.083,85.0,1.875,3.609,1.263,8.157,1205.5,25.0,65.0,18.4,49.0,0.795,15.614,199.0,5.298317366548036,46.0,0.0,0.0,8.0,18.7,0,0,0
41721,30.054834333992464,79.50037829897768,2024-08-01,168.0,168.0,168.0,100.0,20.0,70.0,850.0,2.5,1000.1,0.6,0.39,2.62,4.81,1550.0,78.3,0.0,0.716,1.7,0.0,0.0,1549.0,18.4411,144.57,-0.871,10.192,198.0,1.2,1.79,0.626,9.788,654.7,25.0,65.0,18.4,49.0,0.795,34.87,1597.0,7.37650812632622,324.0,0.3,0.0,8.0,44.9,0,0,0
41609,30.103659506897507,79.40295597859858,2024-08-01,168.0,168.0,168.0,100.0,20.0,70.0,850.0,2.5,880.3,0.3,0.35,2.31,4.25,1410.0,75.5,0.0,0.605,1.7,0.0,0.0,1375.0,27.0005,283.13,-0.597,15.422,122.0,1.464,2.684,0.939,8.879,929.7,25.0,65.0,18.4,49.0,0.795,24.256,377.0,5.934894195619588,78.0,0.0,2.6,8.0,25.6,0,0,0
41540,30.147937926986057,79.37376801643373,2024-08-01,92.0,92.0,92.0,29.0,18.8,89.0,824.0,3.0,880.3,0.3,0.35,2.31,4.25,1410.0,75.5,0.0,0.606,2.4,0.0,0.0,1144.0,41.4167,296.69,-1.662,28.233,1419.0,1.79,0.854,0.299,10.784,1411.0,25.0,65.0,18.4,49.0,0.795,18.77,139.0,4.941642422609304,30.0,0.0,6.5,8.0,57.8,0,0,0
41568,30.139707962938164,79.39740500790347,2024-08-01,168.0,168.0,168.0,100.0,20.0,70.0,850.0,2.5,880.3,0.3,0.35,2.31,4.25,1410.0,75.5,1.62,0.692,2.8,0.0,0.0,1495.0,23.6585,327.19,-1.077,13.519,3688.0,1.689,0.203,0.08,12.439,837.1,25.0,110.0,22.5,36.0,0.782,21.063,365.0,5.902633333401366,86.0,0.0,3.4,8.0,54.4,0,0,0
41839,30.17890542761125,79.17149437340477,2024-08-01,76.0,76.0,76.0,33.5,24.0,89.0,907.0,2.5,774.1,0.0,0.28,1.85,3.4,2950.0,74.8,0.0,0.643,3.4,0.0,0.0,1317.0,8.7309,333.91,-0.345,4.621,32.0,2.217,8.205,2.872,8.741,307.8,25.0,65.0,18.4,49.0,0.795,8.46,32.0,3.4965075614664802,6.0,0.0,0.0,8.0,32.7,0,0,0
41807,30.076646472659363,79.77237841919872,2024-08-01,175.0,175.0,175.0,102.0,20.0,70.0,850.0,2.5,1000.1,0.6,0.39,2.62,4.81,1550.0,78.3,0.0,0.69,3.6,0.0,0.0,1911.0,33.9728,70.6,1.064,20.779,26.0,1.2,9.514,3.33,7.054,1165.2,25.0,65.0,18.4,49.0,0.795,31.211,368.0,5.910796644040527,78.0,0.0,0.0,8.0,29.9,0,0,0
41684,30.129644938325296,79.54794576072818,2024-08-01,168.0,168.0,168.0,100.0,20.0,70.0,850.0,2.5,1000.1,0.6,0.39,2.62,4.81,1550.0,78.3,0.0,0.639,1.8,0.0,0.0,2067.0,18.831,37.79,0.912,10.442,48.0,1.262,5.761,2.016,8.348,669.1,25.0,65.0,18.4,49.0,0.795,32.467,1256.0,7.136483208590247,245.0,0.4,16.9,8.0,22.4,0,0,0
41208,30.35604098629094,79.19883955087681,2024-08-01,65.0,65.0,65.0,25.8,20.0,70.0,850.0,2.5,755.2,3.2,0.07,0.57,2.06,5580.0,100.0,0.0,0.705,5.1,0.0,0.0,2034.0,38.665,0.57,0.038,24.005,28.0,3.093,9.148,3.202,6.956,1251.4,25.0,65.0,18.4,49.0,0.795,9.642,254.0,5.541263545158426,55.0,0.0,1.8,8.0,43.2,0,0,0
40872,30.49978283372061,79.61834801231943,2024-08-01,52.0,52.0,52.0,21.4,14.0,93.0,729.0,3.8,1801.4,6.4,2.77,12.02,0.0,1850.0,100.0,1.89,0.684,3.5,0.0,0.0,1894.0,25.5983,157.72,-0.898,14.659,3240.0,2.475,0.315,0.11,12.22,895.2,25.0,65.0,18.4,49.0,0.795,3.105,122.0,4.812184355372417,25.0,0.0,0.0,8.0,43.4,0,0,0
42021,29.98758160405606,79.43953485736543,2024-09-13,154.5,154.5,154.5,86.5,20.0,70.0,850.0,2.5,1002.8,3.3,0.07,0.58,2.11,2180.0,100.0,0.0,0.707,1.0,0.0,0.0,1455.0,28.8988,97.37,-0.368,16.616,22.0,1.2,11.006,3.852,7.086,980.8,25.0,65.0,18.4,49.0,0.795,36.328,1119.0,7.02108396428914,212.0,0.0,0.0,8.0,19.7,0,0,0
41289,30.264734823976248,79.11132115455119,2024-09-13,55.0,55.0,55.0,17.0,24.5,84.0,914.5,2.4,755.2,3.2,0.07,0.57,2.06,5580.0,100.0,0.0,0.744,0.2,0.0,0.0,1901.0,40.4385,296.49,-1.614,27.181,113.0,2.684,2.855,0.999,8.288,1381.0,25.0,65.0,18.4,49.0,0.795,1.531,40.0,3.713572066704308,11.0,0.0,0.0,8.0,21.5,0,0,0
41532,30.14898344575393,79.34259749723331,2024-09-13,82.0,82.0,82.0,19.0,18.0,88.0,825.5,2.7,883.4,3.4,0.06,0.56,2.01,1950.0,100.0,0.0,0.705,0.2,0.0,0.0,1710.0,32.2818,283.65,-0.74,19.21,136.0,1.86,2.444,0.855,8.773,1099.8,25.0,65.0,18.4,49.0,0.795,16.508,267.0,5.5909869805108565,61.0,0.0,0.0,8.0,27.9,0,0,0
40869,30.44555489491737,79.62135929972446,2024-09-13,40.0,40.0,40.0,9.4,13.0,91.0,730.5,3.4,1801.4,6.4,2.77,12.02,0.0,1850.0,100.0,0.0,0.234,2.6,0.0,0.0,3320.0,22.0105,173.57,-0.245,12.145,62.0,2.468,4.693,1.643,8.434,756.9,25.0,18.0,6.5,75.0,0.831,1.884,97.0,4.584967478670572,24.0,4.3,4.3,8.0,16.9,0,0,0
40949,30.41947391972552,79.35760864580934,2024-09-13,62.0,62.0,62.0,6.6,20.5,88.0,838.2,2.5,1007.8,2.8,0.06,0.5,1.79,740.0,100.0,0.0,0.631,1.3,0.0,0.0,1238.0,12.9724,88.8,0.027,6.911,100.0,3.048,3.166,1.108,9.474,449.4,25.0,65.0,18.4,49.0,0.795,4.364,346.0,5.849324779946859,80.0,0.0,1.2,8.0,50.1,0,0,0
41672,30.09201601937599,79.47763823901562,2024-09-13,154.5,154.5,154.5,86.5,20.0,70.0,850.0,2.5,1002.8,3.3,0.07,0.58,2.11,2180.0,100.0,0.0,0.591,3.8,0.0,0.0,1338.0,35.7604,301.55,-1.595,22.938,1008.0,1.216,1.128,0.395,10.645,1243.4,25.0,65.0,18.4,49.0,0.795,30.386,366.0,5.905361848054571,84.0,0.0,24.7,8.0,37.7,0,0,0
41291,30.254579311640978,79.10354989928126,2024-09-13,55.0,55.0,55.0,17.0,24.5,84.0,914.5,2.4,755.2,3.2,0.07,0.57,2.06,5580.0,100.0,0.0,0.69,3.7,0.0,0.0,2237.0,38.985,293.33,-1.418,25.472,71.0,2.625,4.203,1.471,7.875,1329.6,25.0,35.0,12.2,61.0,0.813,0.476,168.0,5.1298987149230735,33.0,0.0,0.0,8.0,35.6,0,0,0
41771,30.143616580408,79.61834054242973,2024-09-13,162.0,162.0,162.0,89.0,20.0,70.0,850.0,2.5,1002.8,3.3,0.07,0.58,2.11,2180.0,100.0,0.76,0.647,3.0,0.0,0.0,2188.0,46.1957,74.12,1.216,32.415,3020.0,1.2,0.37,0.13,11.372,1513.6,25.0,65.0,18.4,49.0,0.795,31.151,944.0,6.851184927493743,216.0,1.0,1.0,8.0,61.7,0,0,0
41143,30.411042939906544,79.1935840230769,2024-09-13,50.0,50.0,50.0,10.8,20.0,70.0,850.0,2.5,870.5,2.5,0.06,0.55,1.99,980.0,100.0,0.0,0.69,2.2,0.0,0.0,1938.0,56.6531,8.08,0.788,46.291,16.0,3.238,14.075,4.926,5.755,1650.0,25.0,65.0,18.4,49.0,0.795,14.282,546.0,6.304448802421981,113.0,0.0,2.6,8.0,43.3,0,0,0
41307,30.236287181889715,79.11008899055197,2024-09-13,55.0,55.0,55.0,17.0,24.5,84.0,914.5,2.4,755.2,3.2,0.07,0.57,2.06,5580.0,100.0,0.0,0.643,1.1,0.0,0.0,1936.0,23.3823,229.83,1.153,13.395,49.0,2.53,5.678,1.987,8.131,830.3,25.0,65.0,18.4,49.0,0.795,1.6,111.0,4.718498871295094,28.0,0.0,0.0,8.0,16.0,0,0,0
41007,30.36990390339989,79.30564442373326,2024-09-13,62.0,62.0,62.0,6.6,20.5,88.0,838.2,2.5,870.5,2.5,0.06,0.55,1.99,980.0,100.0,0.0,0.593,0.6,0.0,0.0,966.0,7.3986,240.98,0.314,3.905,234.0,3.029,1.559,0.546,10.898,260.8,25.0,65.0,18.4,49.0,0.795,3.249,805.0,6.692083742506628,163.0,0.6,0.0,8.0,74.0,0,0,0
41609,30.103659506897507,79.40295597859858,2024-09-13,154.5,154.5,154.5,86.5,20.0,70.0,850.0,2.5,883.4,3.4,0.06,0.56,2.01,1950.0,100.0,0.0,0.605,1.7,0.0,0.0,1375.0,27.0005,283.13,-0.597,15.422,122.0,1.464,2.684,0.939,8.879,929.7,25.0,65.0,18.4,49.0,0.795,24.256,377.0,5.934894195619588,78.0,0.0,2.6,8.0,25.6,0,0,0
41117,30.23589240681273,79.46819468275037,2024-09-13,154.5,154.5,154.5,86.5,20.0,70.0,850.0,2.5,883.4,3.4,0.06,0.56,2.01,1950.0,100.0,0.63,0.687,1.9,0.0,0.0,2180.0,27.2314,131.9,-1.354,16.131,3032.0,2.084,0.367,0.128,12.082,964.7,25.0,65.0,18.4,49.0,0.795,18.354,1577.0,7.363913501405819,296.0,0.0,0.7,8.0,28.0,0,0,0
41180,30.334200433585824,79.1672592871473,2024-09-13,50.0,50.0,50.0,10.8,20.0,70.0,850.0,2.5,755.2,3.2,0.07,0.57,2.06,5580.0,100.0,0.0,0.69,4.8,0.0,0.0,1305.0,32.5484,309.6,-1.599,20.335,41.0,3.021,6.55,2.292,7.564,1144.8,25.0,65.0,18.4,49.0,0.795,8.729,43.0,3.784189633918261,8.0,0.0,0.0,8.0,28.1,0,0,0
41248,30.28197316057293,79.19224363784184,2024-09-13,58.0,58.0,58.0,15.5,23.2,85.0,908.5,2.1,779.8,4.8,0.08,0.7,2.53,5420.0,100.0,0.0,0.594,0.2,0.0,0.0,1182.0,33.1536,291.37,-1.125,20.207,120.0,2.787,2.722,0.953,8.615,1143.0,25.0,65.0,18.4,49.0,0.795,2.748,180.0,5.198497031265826,35.0,0.0,0.0,8.0,37.9,0,0,0
41619,30.07878945851628,79.46839331565242,2024-09-13,154.5,154.5,154.5,86.5,20.0,70.0,850.0,2.5,1002.8,3.3,0.07,0.58,2.11,2180.0,100.0,0.0,0.74,4.2,0.0,0.0,1506.0,44.4706,289.54,-1.402,30.864,1830.0,1.2,0.58,0.203,10.932,1479.7,25.0,110.0,22.5,36.0,0.782,30.768,38.0,3.6635616461296463,7.0,0.0,0.0,8.0,47.0,0,0,0
41978,30.00150148803339,79.31066822297952,2024-09-13,82.0,82.0,82.0,19.0,18.0,88.0,825.5,2.7,883.4,3.4,0.06,0.56,2.01,1950.0,100.0,0.0,0.689,3.5,0.0,0.0,1439.0,26.0089,160.69,-0.812,14.877,13.0,1.2,17.127,5.994,6.684,905.5,25.0,65.0,18.4,49.0,0.795,29.691,116.0,4.762173934797756,23.0,0.0,0.0,8.0,35.2,0,0,0
41906,30.0435195172212,79.21345083886416,2024-09-13,82.0,82.0,82.0,19.0,18.0,88.0,825.5,2.7,883.4,3.4,0.06,0.56,2.01,1950.0,100.0,0.0,0.64,1.5,0.0,0.0,2287.0,34.8397,275.44,-0.329,20.938,11.0,1.431,19.103,6.686,6.161,1157.6,25.0,35.0,12.2,61.0,0.813,23.769,153.0,5.0369526024136295,30.0,0.0,0.0,8.0,9.3,0,0,0
41083,30.278695037696767,79.52769519687465,2024-09-13,154.5,154.5,154.5,86.5,20.0,70.0,850.0,2.5,1007.8,2.8,0.06,0.5,1.79,740.0,100.0,0.0,0.612,2.8,0.0,0.0,2110.0,24.8144,149.53,-1.085,14.273,236.0,2.162,1.55,0.542,9.636,875.8,25.0,65.0,18.4,49.0,0.795,18.251,309.0,5.736572297479192,66.0,0.0,3.0,8.0,39.4,0,0,0
40829,30.51963361883869,79.3788805047031,2024-09-13,62.0,62.0,62.0,6.6,20.5,88.0,838.2,2.5,1007.8,2.8,0.06,0.5,1.79,740.0,100.0,0.0,0.557,2.3,0.0,0.0,2833.0,36.2435,244.48,1.409,23.057,25.0,3.015,10.0,3.5,6.931,1249.1,25.0,35.0,12.2,61.0,0.813,5.172,311.0,5.7430031878094825,68.0,0.0,3.1,8.0,62.5,0,0,0
41268,30.27896554618678,79.2248265987613,2025-02-28,0.0,0.0,0.0,-42.5,20.0,70.0,850.0,2.5,779.8,4.8,0.08,0.7,2.53,5420.0,100.0,0.0,0.638,2.8,0.0,0.0,1069.0,39.6594,17.28,1.125,25.645,233.0,2.756,1.568,0.549,9.04,1333.9,25.0,65.0,18.4,49.0,0.795,1.836,112.0,4.727387818712341,27.0,0.0,0.0,8.0,36.6,0,0,0
40964,30.413530869473146,79.43606183445867,2025-02-28,0.0,0.0,0.0,-55.4,20.0,70.0,850.0,2.5,1007.8,2.8,0.06,0.5,1.79,740.0,100.0,0.0,0.675,3.3,0.0,0.0,1641.0,32.2094,61.73,1.344,19.734,168.0,2.861,2.058,0.72,8.987,1123.3,25.0,65.0,18.4,49.0,0.795,0.924,545.0,6.302618975744905,126.0,0.0,0.0,8.0,67.4,0,0,0
41209,30.347999724213285,79.19239105187702,2025-02-28,0.0,0.0,0.0,-39.2,20.0,70.0,850.0,2.5,755.2,3.2,0.07,0.57,2.06,5580.0,100.0,0.0,0.666,3.4,0.0,0.0,1614.0,31.9959,356.58,-0.191,18.76,28.0,3.068,9.102,3.186,7.204,1067.8,25.0,65.0,18.4,49.0,0.795,9.468,1531.0,7.3343293503005365,356.0,0.0,0.3,8.0,51.2,0,0,0
41317,30.21127486593184,79.19244507493147,2025-02-28,0.0,0.0,0.0,-42.5,20.0,70.0,850.0,2.5,779.8,4.8,0.08,0.7,2.53,5420.0,100.0,0.0,0.693,3.7,0.0,0.0,2042.0,24.9817,191.49,0.488,14.061,73.0,2.405,4.092,1.432,8.455,861.1,25.0,65.0,18.4,49.0,0.795,5.063,182.0,5.209486152841421,51.0,0.0,0.0,8.0,46.5,0,0,0
41664,30.13129703337253,79.40385375354859,2025-02-28,0.0,0.0,0.0,-68.0,20.0,70.0,850.0,2.5,883.4,3.4,0.06,0.56,2.01,1950.0,100.0,0.83,0.708,1.9,0.0,0.0,1529.0,33.4244,281.52,-0.654,20.01,2784.0,1.624,0.429,0.15,11.748,1130.5,25.0,110.0,22.5,36.0,0.782,22.169,229.0,5.438079308923196,54.0,0.0,0.0,8.0,45.8,0,0,0
41406,30.26227203103892,79.27461096824655,2025-02-28,0.0,0.0,0.0,-42.5,20.0,70.0,850.0,2.5,779.8,4.8,0.08,0.7,2.53,5420.0,100.0,0.0,0.649,3.2,0.0,0.0,1786.0,20.7717,88.62,0.05,11.38,86.0,2.622,3.578,1.252,8.825,710.7,25.0,65.0,18.4,49.0,0.795,2.944,463.0,6.139884552226255,93.0,0.0,0.0,8.0,71.1,0,0,0
41575,30.13308449917795,79.39101675664175,2025-02-28,0.0,0.0,0.0,-68.0,20.0,70.0,850.0,2.5,883.4,3.4,0.06,0.56,2.01,1950.0,100.0,0.0,0.571,3.9,0.0,0.0,1045.0,40.6368,330.06,-1.757,27.662,949.0,1.664,1.167,0.408,10.41,1394.1,25.0,65.0,18.4,49.0,0.795,21.132,408.0,6.013715156042802,91.0,0.0,1.1,8.0,54.3,0,0,0
41861,30.1701843893062,79.23892926266736,2025-02-28,0.0,0.0,0.0,-42.5,20.0,70.0,850.0,2.5,779.8,4.8,0.08,0.7,2.53,5420.0,100.0,0.0,0.726,5.1,0.0,0.0,1921.0,38.955,307.13,-1.875,26.3,41.0,2.134,6.557,2.295,7.327,1351.7,25.0,65.0,18.4,49.0,0.795,9.994,532.0,6.278521424165844,138.0,0.0,0.7,8.0,71.7,0,0,0
42038,29.94944166543105,79.39667389766075,2025-02-28,0.0,0.0,0.0,-63.0,20.0,70.0,850.0,2.5,1002.8,3.3,0.07,0.58,2.11,2180.0,100.0,0.0,0.608,2.1,0.0,0.0,1204.0,32.4183,133.76,-1.619,20.262,13.0,1.2,16.49,5.771,6.42,1141.6,25.0,65.0,18.4,49.0,0.795,37.99,511.0,6.238324625039508,90.0,0.0,0.0,8.0,41.1,0,0,0
41913,30.04367201155112,79.257561810651,2025-02-28,0.0,0.0,0.0,-63.0,20.0,70.0,850.0,2.5,883.4,3.4,0.06,0.56,2.01,1950.0,100.0,0.0,0.63,3.0,0.0,0.0,1840.0,26.6869,272.25,-0.105,15.084,13.0,1.395,16.811,5.884,6.654,902.0,25.0,65.0,18.4,49.0,0.795,24.128,652.0,6.481577129276431,128.0,0.0,1.5,8.0,46.3,0,0,0
41790,30.04971035636684,79.61149840109057,2025-02-28,0.0,0.0,0.0,-73.0,20.0,70.0,850.0,2.5,1002.8,3.3,0.07,0.58,2.11,2180.0,100.0,0.0,0.612,1.4,0.0,0.0,1750.0,22.5378,65.31,0.855,12.675,122.0,1.2,2.683,0.939,9.085,792.8,25.0,65.0,18.4,49.0,0.795,40.563,27.0,3.332204510175204,6.0,0.0,0.0,8.0,6.3,0,0,0
41772,30.1524620324028,79.621488770033,2025-02-28,0.0,0.0,0.0,-73.0,20.0,70.0,850.0,2.5,1002.8,3.3,0.07,0.58,2.11,2180.0,100.0,0.55,0.663,2.7,0.0,0.0,2391.0,14.7107,72.83,0.415,7.91,2916.0,1.238,0.396,0.139,12.716,516.3,25.0,35.0,12.2,61.0,0.813,30.143,28.0,3.367295829986474,7.0,0.0,40.0,8.0,32.2,0,0,0
41077,30.302990866900515,79.51076766040147,2025-02-28,0.0,0.0,0.0,-55.4,20.0,70.0,850.0,2.5,1007.8,2.8,0.06,0.5,1.79,740.0,100.0,0.0,0.701,3.6,0.0,0.0,2214.0,31.8044,140.22,-1.564,19.709,63.0,2.319,4.665,1.633,8.022,1120.0,25.0,35.0,12.2,61.0,0.813,15.105,1589.0,7.371489295214277,306.0,0.0,0.6,8.0,60.3,0,0,0
40995,30.38473160169808,79.31782403753999,2025-02-28,0.0,0.0,0.0,-55.4,20.0,70.0,850.0,2.5,870.5,2.5,0.06,0.55,1.99,980.0,100.0,0.0,0.618,0.2,0.0,0.0,984.0,22.9396,228.57,1.138,13.102,1177.0,3.05,1.015,0.355,11.332,815.0,25.0,65.0,18.4,49.0,0.795,3.765,182.0,5.209486152841421,38.0,0.0,0.0,8.0,34.1,0,0,0
41586,30.1176731052192,79.41189775701928,2025-02-28,0.0,0.0,0.0,-68.0,20.0,70.0,850.0,2.5,883.4,3.4,0.06,0.56,2.01,1950.0,100.0,0.0,0.643,1.9,0.0,0.0,1137.0,41.0081,269.42,0.042,26.087,1263.0,1.524,0.958,0.335,10.682,1314.5,25.0,65.0,18.4,49.0,0.795,23.791,481.0,6.1779441140506,109.0,0.0,0.0,8.0,30.1,0,0,0
40945,30.440550627635822,79.36535250165305,2025-02-28,0.0,0.0,0.0,-55.4,20.0,70.0,850.0,2.5,1007.8,2.8,0.06,0.5,1.79,740.0,100.0,0.0,0.685,5.2,0.0,0.0,1825.0,17.3131,71.08,0.531,9.417,55.0,3.06,5.224,1.828,8.574,607.8,25.0,65.0,18.4,49.0,0.795,5.726,1158.0,7.055312843339752,243.0,0.0,8.9,8.0,30.7,0,0,0
41399,30.284446699545995,79.34310377087247,2025-02-28,0.0,0.0,0.0,-42.5,20.0,70.0,850.0,2.5,870.5,2.5,0.06,0.55,1.99,980.0,100.0,0.0,0.678,4.0,0.0,0.0,1647.0,18.0333,72.77,0.51,9.83,80.0,2.623,3.805,1.332,8.905,631.8,25.0,65.0,18.4,49.0,0.795,6.011,89.0,4.499809670330265,18.0,0.0,27.8,8.0,43.7,0,0,0
41614,30.093788235299257,79.43784797757948,2025-02-28,0.0,0.0,0.0,-68.0,20.0,70.0,850.0,2.5,883.4,3.4,0.06,0.56,2.01,1950.0,100.0,0.0,0.557,2.3,0.0,0.0,1109.0,10.9269,289.94,-0.35,5.809,1087.0,1.324,1.075,0.376,12.037,384.4,25.0,65.0,18.4,49.0,0.795,27.465,57.0,4.060443010546419,13.0,0.0,0.0,8.0,32.8,0,0,0
41920,30.03186746405946,79.28154260723407,2025-02-28,0.0,0.0,0.0,-63.0,20.0,70.0,850.0,2.5,883.4,3.4,0.06,0.56,2.01,1950.0,100.0,0.0,0.711,2.6,0.0,0.0,1561.0,22.279,200.14,0.72,12.449,13.0,1.308,16.608,5.813,6.858,780.1,25.0,65.0,18.4,49.0,0.795,25.773,141.0,4.955827057601261,24.0,0.0,0.0,8.0,31.6,0,0,0
40996,30.385970138217463,79.30814485772127,2025-02-28,0.0,0.0,0.0,-55.4,20.0,70.0,850.0,2.5,870.5,2.5,0.06,0.55,1.99,980.0,100.0,0.0,0.644,1.5,0.0,0.0,1358.0,24.8144,248.3,0.852,14.121,181.0,3.069,1.936,0.678,9.371,868.0,25.0,65.0,18.4,49.0,0.795,4.462,64.0,4.174387269895637,14.0,0.0,14.3,8.0,36.3,0,0,0
